final_theme,initial_code,occurrences,hierarchy_path
Functional Fit and Wearability,True-to-size fit,24,"True-to-size fit -> Fit, sizing, and body-proportion compatibility -> Fit, Silhouette, Coverage, and Proportion -> Fit, Sizing, Silhouette, Coverage, and Body Compatibility -> Functionality, Fit, and Wearability -> Functional Fit and Wearability"
Functional Fit and Wearability,Runs large,12,"Runs large -> Fit, sizing, and proportions -> Fit, Sizing, Proportion, and Body Compatibility -> Fit, Sizing, Silhouette, Coverage, and Body Compatibility -> Functionality, Fit, and Wearability -> Functional Fit and Wearability"
Functional Fit and Wearability,Versatile styling options,11,"Versatile styling options -> Versatility and Occasion Suitability -> Versatility, Styling, Layering, and Occasion Suitability -> Versatility, Coordination, Occasion Suitability, and Functionality -> Functionality, Fit, and Wearability -> Functional Fit and Wearability"
Functional Fit and Wearability,Runs slightly large,9,"Runs slightly large -> Fit, sizing, and garment proportions -> Fit, Sizing, Proportion, and Body Compatibility -> Fit, Sizing, Silhouette, Coverage, and Body Compatibility -> Functionality, Fit, and Wearability -> Functional Fit and Wearability"
Functional Fit and Wearability,Soft fabric,9,"Soft fabric -> Comfort, softness, and wearability -> Comfort, Fabric, and Wearability -> Fabric, Material Feel, Comfort, and Wearability -> Functionality, Fit, and Wearability -> Functional Fit and Wearability"
Functional Fit and Wearability,Flattering fit,8,"Flattering fit -> Fit, sizing, and garment proportions -> Fit, Sizing, Proportion, and Body Compatibility -> Fit, Sizing, Silhouette, Coverage, and Body Compatibility -> Functionality, Fit, and Wearability -> Functional Fit and Wearability"
Functional Fit and Wearability,Comfortable wear,7,"Comfortable wear -> Comfort, Feel, and Wearability -> Fabric, Material Feel, Comfort, and Wearability -> Fabric, Material Feel, Comfort, and Wearability -> Functionality, Fit, and Wearability -> Functional Fit and Wearability"
Functional Fit and Wearability,Lightweight fabric,6,"Lightweight fabric -> Fabric comfort, warmth, and wearability -> Fabric, Material Feel, Comfort, and Wearability -> Fabric, Material Feel, Comfort, and Wearability -> Functionality, Fit, and Wearability -> Functional Fit and Wearability"
Functional Fit and Wearability,Returned due to poor fit,6,"Returned due to poor fit -> Fit, sizing, and silhouette -> Fit, Sizing, Proportion, and Body Compatibility -> Fit, Sizing, Silhouette, Coverage, and Body Compatibility -> Functionality, Fit, and Wearability -> Functional Fit and Wearability"
Functional Fit and Wearability,Runs small,6,"Runs small -> Fit, Sizing, and Proportion -> Fit, Sizing, Proportion, and Body Compatibility -> Fit, Sizing, Silhouette, Coverage, and Body Compatibility -> Functionality, Fit, and Wearability -> Functional Fit and Wearability"
Functional Fit and Wearability,Fits true to size,5,"Fits true to size -> Fit, Sizing, and Proportion -> Fit, Sizing, Proportion, and Body Compatibility -> Fit, Sizing, Silhouette, Coverage, and Body Compatibility -> Functionality, Fit, and Wearability -> Functional Fit and Wearability"
Functional Fit and Wearability,Good fit,5,"Good fit -> Fit, sizing, and silhouette -> Fit, Sizing, Proportion, and Body Compatibility -> Fit, Sizing, Silhouette, Coverage, and Body Compatibility -> Functionality, Fit, and Wearability -> Functional Fit and Wearability"
Functional Fit and Wearability,High perceived quality,5,"High perceived quality -> Fabric comfort, warmth, and wearability -> Fabric, Material Feel, Comfort, and Wearability -> Fabric, Material Feel, Comfort, and Wearability -> Functionality, Fit, and Wearability -> Functional Fit and Wearability"
Functional Fit and Wearability,Returned due to fit,5,"Returned due to fit -> Fit, sizing, and proportions -> Fit, Sizing, Proportion, and Body Compatibility -> Fit, Sizing, Silhouette, Coverage, and Body Compatibility -> Functionality, Fit, and Wearability -> Functional Fit and Wearability"
Functional Fit and Wearability,Comfortable fit,4,"Comfortable fit -> Fit, sizing, and body-shape compatibility -> Fit, Sizing, Proportion, and Body Compatibility -> Fit, Sizing, Silhouette, Coverage, and Body Compatibility -> Functionality, Fit, and Wearability -> Functional Fit and Wearability"
Functional Fit and Wearability,Oversized fit,4,"Oversized fit -> Fit, sizing, and garment proportions -> Fit, Sizing, Proportion, and Body Compatibility -> Fit, Sizing, Silhouette, Coverage, and Body Compatibility -> Functionality, Fit, and Wearability -> Functional Fit and Wearability"
Functional Fit and Wearability,Runs larger than expected,4,"Runs larger than expected -> Fit, sizing, and garment proportions -> Fit, Sizing, Proportion, and Body Compatibility -> Fit, Sizing, Silhouette, Coverage, and Body Compatibility -> Functionality, Fit, and Wearability -> Functional Fit and Wearability"
Functional Fit and Wearability,Runs significantly large,4,"Runs significantly large -> Fit, Sizing, and Body Shape -> Fit, Sizing, Proportion, and Body Compatibility -> Fit, Sizing, Silhouette, Coverage, and Body Compatibility -> Functionality, Fit, and Wearability -> Functional Fit and Wearability"
Functional Fit and Wearability,Runs smaller than expected,4,"Runs smaller than expected -> Fit, sizing, and garment proportions -> Fit, Sizing, Proportion, and Body Compatibility -> Fit, Sizing, Silhouette, Coverage, and Body Compatibility -> Functionality, Fit, and Wearability -> Functional Fit and Wearability"
Functional Fit and Wearability,True to size,4,"True to size -> Flattering fit, sizing accuracy, and proportion -> Fit, Sizing, Proportion, and Body Compatibility -> Fit, Sizing, Silhouette, Coverage, and Body Compatibility -> Functionality, Fit, and Wearability -> Functional Fit and Wearability"
Functional Fit and Wearability,Accurate sizing,3,"Accurate sizing -> Fit, sizing, and garment proportions -> Fit, Sizing, Proportion, and Body Compatibility -> Fit, Sizing, Silhouette, Coverage, and Body Compatibility -> Functionality, Fit, and Wearability -> Functional Fit and Wearability"
Functional Fit and Wearability,Comfortable casual wear,3,"Comfortable casual wear -> Comfort, fabric, and wearability -> Comfort, Fabric, and Wearability -> Fabric, Material Feel, Comfort, and Wearability -> Functionality, Fit, and Wearability -> Functional Fit and Wearability"
Functional Fit and Wearability,Comfortable stretch,3,"Comfortable stretch -> Comfort, Feel, and Wearability -> Fabric, Material Feel, Comfort, and Wearability -> Fabric, Material Feel, Comfort, and Wearability -> Functionality, Fit, and Wearability -> Functional Fit and Wearability"
Functional Fit and Wearability,Lightweight and comfortable,3,"Lightweight and comfortable -> Comfort and everyday wear experience -> Fabric, Material Feel, Comfort, and Wearability -> Fabric, Material Feel, Comfort, and Wearability -> Functionality, Fit, and Wearability -> Functional Fit and Wearability"
Functional Fit and Wearability,Lightweight for hot weather,3,"Lightweight for hot weather -> Comfort, Fabric, and Wearability -> Fabric, Material Feel, Comfort, and Wearability -> Fabric, Material Feel, Comfort, and Wearability -> Functionality, Fit, and Wearability -> Functional Fit and Wearability"
Functional Fit and Wearability,Pajama-like appearance,3,"Pajama-like appearance -> Material handfeel and structure -> Fabric, Material Feel, Comfort, and Wearability -> Fabric, Material Feel, Comfort, and Wearability -> Functionality, Fit, and Wearability -> Functional Fit and Wearability"
Functional Fit and Wearability,Recommend sizing down,3,"Recommend sizing down -> Fit, Sizing, and Proportions -> Fit, Sizing, Proportion, and Body Compatibility -> Fit, Sizing, Silhouette, Coverage, and Body Compatibility -> Functionality, Fit, and Wearability -> Functional Fit and Wearability"
Functional Fit and Wearability,Roomy fit,3,"Roomy fit -> Fit, sizing, and body-proportion compatibility -> Fit, Silhouette, Coverage, and Proportion -> Fit, Sizing, Silhouette, Coverage, and Body Compatibility -> Functionality, Fit, and Wearability -> Functional Fit and Wearability"
Functional Fit and Wearability,Sizing up improves fit,3,"Sizing up improves fit -> Fit, sizing, and proportions -> Fit, Sizing, Proportion, and Body Compatibility -> Fit, Sizing, Silhouette, Coverage, and Body Compatibility -> Functionality, Fit, and Wearability -> Functional Fit and Wearability"
Functional Fit and Wearability,Soft and comfortable fabric,3,"Soft and comfortable fabric -> Fabric feel, comfort, and wearability -> Comfort, Fabric, and Wearability -> Fabric, Material Feel, Comfort, and Wearability -> Functionality, Fit, and Wearability -> Functional Fit and Wearability"
Functional Fit and Wearability,Thin fabric,3,"Thin fabric -> Comfort, softness, and wearability -> Comfort, Fabric, and Wearability -> Fabric, Material Feel, Comfort, and Wearability -> Functionality, Fit, and Wearability -> Functional Fit and Wearability"
Functional Fit and Wearability,Versatile layering piece,3,"Versatile layering piece -> Coverage, layering, and styling functionality -> Fit, Silhouette, Coverage, and Proportion -> Fit, Sizing, Silhouette, Coverage, and Body Compatibility -> Functionality, Fit, and Wearability -> Functional Fit and Wearability"
Functional Fit and Wearability,Accurate petite sizing,2,"Accurate petite sizing -> Flattering fit, sizing accuracy, and proportion -> Fit, Sizing, Proportion, and Body Compatibility -> Fit, Sizing, Silhouette, Coverage, and Body Compatibility -> Functionality, Fit, and Wearability -> Functional Fit and Wearability"
Functional Fit and Wearability,Alterations improved fit,2,"Alterations improved fit -> Fit, sizing, and body-shape compatibility -> Fit, Sizing, Proportion, and Body Compatibility -> Fit, Sizing, Silhouette, Coverage, and Body Compatibility -> Functionality, Fit, and Wearability -> Functional Fit and Wearability"
Functional Fit and Wearability,Anticipated frequent use,2,"Anticipated frequent use -> Seasonal and Lifestyle Versatility -> Versatility, Styling, Layering, and Occasion Suitability -> Versatility, Coordination, Occasion Suitability, and Functionality -> Functionality, Fit, and Wearability -> Functional Fit and Wearability"
Functional Fit and Wearability,Beautiful fabric,2,"Beautiful fabric -> Fabric comfort and feel -> Fabric, Material Feel, Comfort, and Wearability -> Fabric, Material Feel, Comfort, and Wearability -> Functionality, Fit, and Wearability -> Functional Fit and Wearability"
Functional Fit and Wearability,Boxy fit,2,"Boxy fit -> Fit, sizing, and proportions -> Fit, Sizing, Proportion, and Body Compatibility -> Fit, Sizing, Silhouette, Coverage, and Body Compatibility -> Functionality, Fit, and Wearability -> Functional Fit and Wearability"
Functional Fit and Wearability,Comfortable fabric,2,"Comfortable fabric -> Comfort, fabric, and wearability -> Comfort, Fabric, and Wearability -> Fabric, Material Feel, Comfort, and Wearability -> Functionality, Fit, and Wearability -> Functional Fit and Wearability"
Functional Fit and Wearability,Convenient pockets,2,"Convenient pockets -> Versatility and intended use -> Versatility, Styling, Layering, and Occasion Suitability -> Versatility, Coordination, Occasion Suitability, and Functionality -> Functionality, Fit, and Wearability -> Functional Fit and Wearability"
Functional Fit and Wearability,Dress runs small,2,"Dress runs small -> Fit, sizing, and silhouette -> Fit, Sizing, Proportion, and Body Compatibility -> Fit, Sizing, Silhouette, Coverage, and Body Compatibility -> Functionality, Fit, and Wearability -> Functional Fit and Wearability"
Functional Fit and Wearability,Easy to wear,2,"Easy to wear -> Versatility and Ease of Styling -> Versatility, Styling, Layering, and Occasion Suitability -> Versatility, Coordination, Occasion Suitability, and Functionality -> Functionality, Fit, and Wearability -> Functional Fit and Wearability"
Functional Fit and Wearability,Flattering A-line silhouette,2,"Flattering A-line silhouette -> Fit, Silhouette, and Body-Proportion Experience -> Fit, Sizing, Proportion, and Body Compatibility -> Fit, Sizing, Silhouette, Coverage, and Body Compatibility -> Functionality, Fit, and Wearability -> Functional Fit and Wearability"
Functional Fit and Wearability,Flattering cropped fit,2,"Flattering cropped fit -> Fit, sizing, and body-shape compatibility -> Fit, Sizing, Proportion, and Body Compatibility -> Fit, Sizing, Silhouette, Coverage, and Body Compatibility -> Functionality, Fit, and Wearability -> Functional Fit and Wearability"
Functional Fit and Wearability,Flattering cut,2,"Flattering cut -> Flattering and Unflattering Design Effects -> Fit, Sizing, Proportion, and Body Compatibility -> Fit, Sizing, Silhouette, Coverage, and Body Compatibility -> Functionality, Fit, and Wearability -> Functional Fit and Wearability"
Functional Fit and Wearability,Garment loosens with wear,2,"Garment loosens with wear -> Fit, sizing, and proportions -> Fit, Sizing, Proportion, and Body Compatibility -> Fit, Sizing, Silhouette, Coverage, and Body Compatibility -> Functionality, Fit, and Wearability -> Functional Fit and Wearability"
Functional Fit and Wearability,Inconsistent brand sizing,2,"Inconsistent brand sizing -> Fit, sizing, and proportions -> Fit, Sizing, Proportion, and Body Compatibility -> Fit, Sizing, Silhouette, Coverage, and Body Compatibility -> Functionality, Fit, and Wearability -> Functional Fit and Wearability"
Functional Fit and Wearability,Layering versatility,2,"Layering versatility -> Coverage and layering -> Versatility, Styling, Layering, and Occasion Suitability -> Versatility, Coordination, Occasion Suitability, and Functionality -> Functionality, Fit, and Wearability -> Functional Fit and Wearability"
Functional Fit and Wearability,Limited fabric stretch,2,"Limited fabric stretch -> Flattering fit, sizing accuracy, and proportion -> Fit, Sizing, Proportion, and Body Compatibility -> Fit, Sizing, Silhouette, Coverage, and Body Compatibility -> Functionality, Fit, and Wearability -> Functional Fit and Wearability"
Functional Fit and Wearability,Longer-than-expected length,2,"Longer-than-expected length -> Fit, sizing, and silhouette -> Fit, Sizing, Proportion, and Body Compatibility -> Fit, Sizing, Silhouette, Coverage, and Body Compatibility -> Functionality, Fit, and Wearability -> Functional Fit and Wearability"
Functional Fit and Wearability,No alterations needed,2,"No alterations needed -> Fit, sizing, and body-proportion compatibility -> Fit, Silhouette, Coverage, and Proportion -> Fit, Sizing, Silhouette, Coverage, and Body Compatibility -> Functionality, Fit, and Wearability -> Functional Fit and Wearability"
Functional Fit and Wearability,Non-stretch fabric,2,"Non-stretch fabric -> Comfort, Fabric, and Wearability -> Fabric, Material Feel, Comfort, and Wearability -> Fabric, Material Feel, Comfort, and Wearability -> Functionality, Fit, and Wearability -> Functional Fit and Wearability"
Functional Fit and Wearability,Pairs well with jeans,2,"Pairs well with jeans -> Versatility and intended use -> Versatility, Styling, Layering, and Occasion Suitability -> Versatility, Coordination, Occasion Suitability, and Functionality -> Functionality, Fit, and Wearability -> Functional Fit and Wearability"
Functional Fit and Wearability,Petite sizing fits well,2,"Petite sizing fits well -> Fit, sizing, and proportions -> Fit, Sizing, Proportion, and Body Compatibility -> Fit, Sizing, Silhouette, Coverage, and Body Compatibility -> Functionality, Fit, and Wearability -> Functional Fit and Wearability"
Functional Fit and Wearability,Petite-friendly length,2,"Petite-friendly length -> Length and proportion -> Fit, Sizing, Proportion, and Body Compatibility -> Fit, Sizing, Silhouette, Coverage, and Body Compatibility -> Functionality, Fit, and Wearability -> Functional Fit and Wearability"
Functional Fit and Wearability,Returning due to fit,2,"Returning due to fit -> Fit, sizing, and silhouette -> Fit, Sizing, Proportion, and Body Compatibility -> Fit, Sizing, Silhouette, Coverage, and Body Compatibility -> Functionality, Fit, and Wearability -> Functional Fit and Wearability"
Functional Fit and Wearability,Runs extremely small,2,"Runs extremely small -> Fit, Sizing, and Body Shape -> Fit, Sizing, Proportion, and Body Compatibility -> Fit, Sizing, Silhouette, Coverage, and Body Compatibility -> Functionality, Fit, and Wearability -> Functional Fit and Wearability"
Functional Fit and Wearability,Runs slightly small,2,"Runs slightly small -> Fit, sizing, and proportions -> Fit, Sizing, Proportion, and Body Compatibility -> Fit, Sizing, Silhouette, Coverage, and Body Compatibility -> Functionality, Fit, and Wearability -> Functional Fit and Wearability"
Functional Fit and Wearability,Runs small; size up,2,"Runs small; size up -> Fit, sizing, and silhouette -> Fit, Sizing, Proportion, and Body Compatibility -> Fit, Sizing, Silhouette, Coverage, and Body Compatibility -> Functionality, Fit, and Wearability -> Functional Fit and Wearability"
Functional Fit and Wearability,Runs true to size,2,"Runs true to size -> Fit, sizing, and proportions -> Fit, Sizing, Proportion, and Body Compatibility -> Fit, Sizing, Silhouette, Coverage, and Body Compatibility -> Functionality, Fit, and Wearability -> Functional Fit and Wearability"
Functional Fit and Wearability,Runs two sizes large,2,"Runs two sizes large -> Fit, sizing, and proportions -> Fit, Sizing, Proportion, and Body Compatibility -> Fit, Sizing, Silhouette, Coverage, and Body Compatibility -> Functionality, Fit, and Wearability -> Functional Fit and Wearability"
Functional Fit and Wearability,Runs very small,2,"Runs very small -> Fit, Sizing, and Proportion -> Fit, Sizing, Proportion, and Body Compatibility -> Fit, Sizing, Silhouette, Coverage, and Body Compatibility -> Functionality, Fit, and Wearability -> Functional Fit and Wearability"
Functional Fit and Wearability,Seasonal wardrobe staple,2,"Seasonal wardrobe staple -> Versatility, layering, and seasonal suitability -> Versatility, Styling, Layering, and Occasion Suitability -> Versatility, Coordination, Occasion Suitability, and Functionality -> Functionality, Fit, and Wearability -> Functional Fit and Wearability"
Functional Fit and Wearability,Sheer fabric,2,"Sheer fabric -> Fabric Comfort, Feel, and Weight -> Fabric, Material Feel, Comfort, and Wearability -> Fabric, Material Feel, Comfort, and Wearability -> Functionality, Fit, and Wearability -> Functional Fit and Wearability"
Functional Fit and Wearability,Short length,2,"Short length -> Fit, sizing, and body-shape compatibility -> Fit, Sizing, Proportion, and Body Compatibility -> Fit, Sizing, Silhouette, Coverage, and Body Compatibility -> Functionality, Fit, and Wearability -> Functional Fit and Wearability"
Functional Fit and Wearability,Size small fits,2,"Size small fits -> Fit, sizing, and proportions -> Fit, Sizing, Proportion, and Body Compatibility -> Fit, Sizing, Silhouette, Coverage, and Body Compatibility -> Functionality, Fit, and Wearability -> Functional Fit and Wearability"
Functional Fit and Wearability,Size up recommended,2,"Size up recommended -> Fit, sizing, and garment proportions -> Fit, Sizing, Proportion, and Body Compatibility -> Fit, Sizing, Silhouette, Coverage, and Body Compatibility -> Functionality, Fit, and Wearability -> Functional Fit and Wearability"
Functional Fit and Wearability,Sizing down improves fit,2,"Sizing down improves fit -> Fit, Sizing, and Body Shape -> Fit, Sizing, Proportion, and Body Compatibility -> Fit, Sizing, Silhouette, Coverage, and Body Compatibility -> Functionality, Fit, and Wearability -> Functional Fit and Wearability"
Functional Fit and Wearability,Sizing down recommended,2,"Sizing down recommended -> Fit, sizing, and proportions -> Fit, Sizing, Proportion, and Body Compatibility -> Fit, Sizing, Silhouette, Coverage, and Body Compatibility -> Functionality, Fit, and Wearability -> Functional Fit and Wearability"
Functional Fit and Wearability,Sizing up recommended,2,"Sizing up recommended -> Fit, sizing, and garment proportions -> Fit, Sizing, Proportion, and Body Compatibility -> Fit, Sizing, Silhouette, Coverage, and Body Compatibility -> Functionality, Fit, and Wearability -> Functional Fit and Wearability"
Functional Fit and Wearability,Slightly oversized fit,2,"Slightly oversized fit -> Fit, sizing, and proportions -> Fit, Sizing, Proportion, and Body Compatibility -> Fit, Sizing, Silhouette, Coverage, and Body Compatibility -> Functionality, Fit, and Wearability -> Functional Fit and Wearability"
Functional Fit and Wearability,Soft comfortable fabric,2,"Soft comfortable fabric -> Comfort, fabric, and wearability -> Comfort, Fabric, and Wearability -> Fabric, Material Feel, Comfort, and Wearability -> Functionality, Fit, and Wearability -> Functional Fit and Wearability"
Functional Fit and Wearability,"Soft, flattering fabric",2,"Soft, flattering fabric -> Fabric comfort and feel -> Fabric, Material Feel, Comfort, and Wearability -> Fabric, Material Feel, Comfort, and Wearability -> Functionality, Fit, and Wearability -> Functional Fit and Wearability"
Functional Fit and Wearability,Softens after washing,2,"Softens after washing -> Comfort, fabric, and wearability -> Comfort, Fabric, and Wearability -> Fabric, Material Feel, Comfort, and Wearability -> Functionality, Fit, and Wearability -> Functional Fit and Wearability"
Functional Fit and Wearability,Suitable for casual office,2,"Suitable for casual office -> Seasonal and Lifestyle Versatility -> Versatility, Styling, Layering, and Occasion Suitability -> Versatility, Coordination, Occasion Suitability, and Functionality -> Functionality, Fit, and Wearability -> Functional Fit and Wearability"
Functional Fit and Wearability,Tight chest fit,2,"Tight chest fit -> Fit, sizing, and silhouette -> Fit, Sizing, Proportion, and Body Compatibility -> Fit, Sizing, Silhouette, Coverage, and Body Compatibility -> Functionality, Fit, and Wearability -> Functional Fit and Wearability"
Functional Fit and Wearability,True-to-size sizing,2,"True-to-size sizing -> Fit, sizing, and proportions -> Fit, Sizing, Proportion, and Body Compatibility -> Fit, Sizing, Silhouette, Coverage, and Body Compatibility -> Functionality, Fit, and Wearability -> Functional Fit and Wearability"
Functional Fit and Wearability,Unflattering fit,2,"Unflattering fit -> Fit, sizing, and silhouette -> Fit, Sizing, Proportion, and Body Compatibility -> Fit, Sizing, Silhouette, Coverage, and Body Compatibility -> Functionality, Fit, and Wearability -> Functional Fit and Wearability"
Functional Fit and Wearability,Versatile casual styling,2,"Versatile casual styling -> Style versatility and outfit coordination -> Style Versatility, Coordination, and Functionality -> Versatility, Coordination, Occasion Suitability, and Functionality -> Functionality, Fit, and Wearability -> Functional Fit and Wearability"
Functional Fit and Wearability,Versatile for work and outings,2,"Versatile for work and outings -> Versatility and intended use -> Versatility, Styling, Layering, and Occasion Suitability -> Versatility, Coordination, Occasion Suitability, and Functionality -> Functionality, Fit, and Wearability -> Functional Fit and Wearability"
Functional Fit and Wearability,Versatile seasonal styling,2,"Versatile seasonal styling -> Versatility and styling utility -> Versatility, Styling, Layering, and Occasion Suitability -> Versatility, Coordination, Occasion Suitability, and Functionality -> Functionality, Fit, and Wearability -> Functional Fit and Wearability"
Functional Fit and Wearability,Year-round wearability,2,"Year-round wearability -> Styling, occasions, and wearability -> Style Versatility, Coordination, and Functionality -> Versatility, Coordination, Occasion Suitability, and Functionality -> Functionality, Fit, and Wearability -> Functional Fit and Wearability"
Functional Fit and Wearability,100% cotton fabric,1,"100% cotton fabric -> Fabric feel, breathability, and wearability -> Comfort, Fabric, and Wearability -> Fabric, Material Feel, Comfort, and Wearability -> Functionality, Fit, and Wearability -> Functional Fit and Wearability"
Functional Fit and Wearability,70s-inspired design appeal,1,"70s-inspired design appeal -> Style, silhouette, and design appeal -> Fit, Silhouette, Coverage, and Proportion -> Fit, Sizing, Silhouette, Coverage, and Body Compatibility -> Functionality, Fit, and Wearability -> Functional Fit and Wearability"
Functional Fit and Wearability,A-line hip width,1,"A-line hip width -> Fit, sizing, and silhouette -> Fit, Sizing, Proportion, and Body Compatibility -> Fit, Sizing, Silhouette, Coverage, and Body Compatibility -> Functionality, Fit, and Wearability -> Functional Fit and Wearability"
Functional Fit and Wearability,A-line shape unflattering,1,"A-line shape unflattering -> Silhouette and shape appeal or dissatisfaction -> Fit, Sizing, Proportion, and Body Compatibility -> Fit, Sizing, Silhouette, Coverage, and Body Compatibility -> Functionality, Fit, and Wearability -> Functional Fit and Wearability"
Functional Fit and Wearability,Above-knee length,1,"Above-knee length -> Fit, Sizing, and Proportions -> Fit, Sizing, Proportion, and Body Compatibility -> Fit, Sizing, Silhouette, Coverage, and Body Compatibility -> Functionality, Fit, and Wearability -> Functional Fit and Wearability"
Functional Fit and Wearability,Accentuates hips,1,"Accentuates hips -> Fit, sizing, and body-shape compatibility -> Fit, Sizing, Proportion, and Body Compatibility -> Fit, Sizing, Silhouette, Coverage, and Body Compatibility -> Functionality, Fit, and Wearability -> Functional Fit and Wearability"
Functional Fit and Wearability,Acceptable length,1,"Acceptable length -> Fit, sizing, and garment proportions -> Fit, Sizing, Proportion, and Body Compatibility -> Fit, Sizing, Silhouette, Coverage, and Body Compatibility -> Functionality, Fit, and Wearability -> Functional Fit and Wearability"
Functional Fit and Wearability,Accessory-friendly design,1,"Accessory-friendly design -> Style versatility and outfit coordination -> Style Versatility, Coordination, and Functionality -> Versatility, Coordination, Occasion Suitability, and Functionality -> Functionality, Fit, and Wearability -> Functional Fit and Wearability"
Functional Fit and Wearability,Accommodates bulky layers,1,"Accommodates bulky layers -> Style versatility and outfit coordination -> Style Versatility, Coordination, and Functionality -> Versatility, Coordination, Occasion Suitability, and Functionality -> Functionality, Fit, and Wearability -> Functional Fit and Wearability"
Functional Fit and Wearability,Accurate fit,1,"Accurate fit -> Fit, sizing, and body-proportion compatibility -> Fit, Silhouette, Coverage, and Proportion -> Fit, Sizing, Silhouette, Coverage, and Body Compatibility -> Functionality, Fit, and Wearability -> Functional Fit and Wearability"
Functional Fit and Wearability,Accurate fit and length,1,"Accurate fit and length -> Garment Length and Coverage -> Fit, Silhouette, Coverage, and Proportion -> Fit, Sizing, Silhouette, Coverage, and Body Compatibility -> Functionality, Fit, and Wearability -> Functional Fit and Wearability"
Functional Fit and Wearability,Accurate size 2 fit,1,"Accurate size 2 fit -> Fit, Sizing, and Proportion -> Fit, Sizing, Proportion, and Body Compatibility -> Fit, Sizing, Silhouette, Coverage, and Body Compatibility -> Functionality, Fit, and Wearability -> Functional Fit and Wearability"
Functional Fit and Wearability,Accurate size fit,1,"Accurate size fit -> Fit, sizing, and garment proportions -> Fit, Sizing, Proportion, and Body Compatibility -> Fit, Sizing, Silhouette, Coverage, and Body Compatibility -> Functionality, Fit, and Wearability -> Functional Fit and Wearability"
Functional Fit and Wearability,Accurate size selection,1,"Accurate size selection -> Fit, sizing, and proportions -> Fit, Sizing, Proportion, and Body Compatibility -> Fit, Sizing, Silhouette, Coverage, and Body Compatibility -> Functionality, Fit, and Wearability -> Functional Fit and Wearability"
Functional Fit and Wearability,Accurate sizing across sizes,1,"Accurate sizing across sizes -> Fit, sizing, and proportions -> Fit, Sizing, Proportion, and Body Compatibility -> Fit, Sizing, Silhouette, Coverage, and Body Compatibility -> Functionality, Fit, and Wearability -> Functional Fit and Wearability"
Functional Fit and Wearability,Accurate sizing and perfect fit,1,"Accurate sizing and perfect fit -> Fit, sizing, and proportions -> Fit, Sizing, Proportion, and Body Compatibility -> Fit, Sizing, Silhouette, Coverage, and Body Compatibility -> Functionality, Fit, and Wearability -> Functional Fit and Wearability"
Functional Fit and Wearability,Adds quick style,1,"Adds quick style -> Style, silhouette, and design appeal -> Fit, Silhouette, Coverage, and Proportion -> Fit, Sizing, Silhouette, Coverage, and Body Compatibility -> Functionality, Fit, and Wearability -> Functional Fit and Wearability"
Functional Fit and Wearability,Adds warmth without bulk,1,"Adds warmth without bulk -> Comfort, softness, and everyday wearability -> Fabric, Material Feel, Comfort, and Wearability -> Fabric, Material Feel, Comfort, and Wearability -> Functionality, Fit, and Wearability -> Functional Fit and Wearability"
Functional Fit and Wearability,Adequate coverage,1,"Adequate coverage -> Comfort and everyday wear experience -> Fabric, Material Feel, Comfort, and Wearability -> Fabric, Material Feel, Comfort, and Wearability -> Functionality, Fit, and Wearability -> Functional Fit and Wearability"
Functional Fit and Wearability,Adequate hem clearance,1,"Adequate hem clearance -> Fit, sizing, and proportions -> Fit, Sizing, Proportion, and Body Compatibility -> Fit, Sizing, Silhouette, Coverage, and Body Compatibility -> Functionality, Fit, and Wearability -> Functional Fit and Wearability"
Functional Fit and Wearability,Adjustable bust tie,1,"Adjustable bust tie -> Fit, sizing, and garment proportions -> Fit, Sizing, Proportion, and Body Compatibility -> Fit, Sizing, Silhouette, Coverage, and Body Compatibility -> Functionality, Fit, and Wearability -> Functional Fit and Wearability"
Functional Fit and Wearability,Adjustable casual styling,1,"Adjustable casual styling -> Coverage, layering, and styling functionality -> Fit, Silhouette, Coverage, and Proportion -> Fit, Sizing, Silhouette, Coverage, and Body Compatibility -> Functionality, Fit, and Wearability -> Functional Fit and Wearability"
Functional Fit and Wearability,Adjustable neckline coverage,1,"Adjustable neckline coverage -> Design details and functionality -> Functionality, Coverage, and Practical Garment Features -> Versatility, Coordination, Occasion Suitability, and Functionality -> Functionality, Fit, and Wearability -> Functional Fit and Wearability"
Functional Fit and Wearability,Adjustable sash improves fit,1,"Adjustable sash improves fit -> Flattering fit, sizing accuracy, and proportion -> Fit, Sizing, Proportion, and Body Compatibility -> Fit, Sizing, Silhouette, Coverage, and Body Compatibility -> Functionality, Fit, and Wearability -> Functional Fit and Wearability"
Functional Fit and Wearability,Adjustable tie detail,1,"Adjustable tie detail -> Coverage, layering, and garment functionality -> Versatility, Styling, Layering, and Occasion Suitability -> Versatility, Coordination, Occasion Suitability, and Functionality -> Functionality, Fit, and Wearability -> Functional Fit and Wearability"
Functional Fit and Wearability,Aesthetics and comfort aligned,1,"Aesthetics and comfort aligned -> Comfort, softness, and wearability -> Comfort, Fabric, and Wearability -> Fabric, Material Feel, Comfort, and Wearability -> Functionality, Fit, and Wearability -> Functional Fit and Wearability"
Functional Fit and Wearability,Amazing feel,1,"Amazing feel -> Comfort and everyday wear experience -> Fabric, Material Feel, Comfort, and Wearability -> Fabric, Material Feel, Comfort, and Wearability -> Functionality, Fit, and Wearability -> Functional Fit and Wearability"
Functional Fit and Wearability,Appreciates petite sizing,1,"Appreciates petite sizing -> Fit, Silhouette, and Body-Proportion Experience -> Fit, Sizing, Proportion, and Body Compatibility -> Fit, Sizing, Silhouette, Coverage, and Body Compatibility -> Functionality, Fit, and Wearability -> Functional Fit and Wearability"
Functional Fit and Wearability,Appropriate coverage,1,"Appropriate coverage -> Coverage, Opacity, and Garment Functionality -> Functionality, Coverage, and Practical Garment Features -> Versatility, Coordination, Occasion Suitability, and Functionality -> Functionality, Fit, and Wearability -> Functional Fit and Wearability"
Functional Fit and Wearability,Appropriate garment length,1,"Appropriate garment length -> Fit, sizing, and body-shape compatibility -> Fit, Sizing, Proportion, and Body Compatibility -> Fit, Sizing, Silhouette, Coverage, and Body Compatibility -> Functionality, Fit, and Wearability -> Functional Fit and Wearability"
Functional Fit and Wearability,Appropriate length,1,"Appropriate length -> Fit, sizing, length, and coverage -> Fit, Sizing, Proportion, and Body Compatibility -> Fit, Sizing, Silhouette, Coverage, and Body Compatibility -> Functionality, Fit, and Wearability -> Functional Fit and Wearability"
Functional Fit and Wearability,Appropriate midi length,1,"Appropriate midi length -> Fit, sizing, and garment proportions -> Fit, Sizing, Proportion, and Body Compatibility -> Fit, Sizing, Silhouette, Coverage, and Body Compatibility -> Functionality, Fit, and Wearability -> Functional Fit and Wearability"
Functional Fit and Wearability,Armholes excessively large,1,"Armholes excessively large -> Flattering fit, sizing accuracy, and proportion -> Fit, Sizing, Proportion, and Body Compatibility -> Fit, Sizing, Silhouette, Coverage, and Body Compatibility -> Functionality, Fit, and Wearability -> Functional Fit and Wearability"
Functional Fit and Wearability,Attractive appearance drives purchase,1,"Attractive appearance drives purchase -> Style, appearance, and versatility -> Style Versatility, Coordination, and Functionality -> Versatility, Coordination, Occasion Suitability, and Functionality -> Functionality, Fit, and Wearability -> Functional Fit and Wearability"
Functional Fit and Wearability,Attractive floral design,1,"Attractive floral design -> Style, appearance, and versatility -> Style Versatility, Coordination, and Functionality -> Versatility, Coordination, Occasion Suitability, and Functionality -> Functionality, Fit, and Wearability -> Functional Fit and Wearability"
Functional Fit and Wearability,Attractive look and feel,1,"Attractive look and feel -> Comfort, Feel, and Wearability -> Fabric, Material Feel, Comfort, and Wearability -> Fabric, Material Feel, Comfort, and Wearability -> Functionality, Fit, and Wearability -> Functional Fit and Wearability"
Functional Fit and Wearability,Attractive style and colors,1,"Attractive style and colors -> Style, appearance, and versatility -> Style Versatility, Coordination, and Functionality -> Versatility, Coordination, Occasion Suitability, and Functionality -> Functionality, Fit, and Wearability -> Functional Fit and Wearability"
Functional Fit and Wearability,"Attractive, sexy design",1,"Attractive, sexy design -> Neckline, silhouette, and flattering appearance -> Fit, Sizing, Proportion, and Body Compatibility -> Fit, Sizing, Silhouette, Coverage, and Body Compatibility -> Functionality, Fit, and Wearability -> Functional Fit and Wearability"
Functional Fit and Wearability,Avoids oversized appearance,1,"Avoids oversized appearance -> Fit, sizing, and silhouette -> Fit, Sizing, Proportion, and Body Compatibility -> Fit, Sizing, Silhouette, Coverage, and Body Compatibility -> Functionality, Fit, and Wearability -> Functional Fit and Wearability"
Functional Fit and Wearability,Awkward flared silhouette,1,"Awkward flared silhouette -> Silhouette and shape appeal or dissatisfaction -> Fit, Sizing, Proportion, and Body Compatibility -> Fit, Sizing, Silhouette, Coverage, and Body Compatibility -> Functionality, Fit, and Wearability -> Functional Fit and Wearability"
Functional Fit and Wearability,Awkward tight fit,1,"Awkward tight fit -> Fit, sizing, and silhouette -> Fit, Sizing, Proportion, and Body Compatibility -> Fit, Sizing, Silhouette, Coverage, and Body Compatibility -> Functionality, Fit, and Wearability -> Functional Fit and Wearability"
Functional Fit and Wearability,Awkwardly tight slip,1,"Awkwardly tight slip -> Fit, sizing, length, and coverage -> Fit, Sizing, Proportion, and Body Compatibility -> Fit, Sizing, Silhouette, Coverage, and Body Compatibility -> Functionality, Fit, and Wearability -> Functional Fit and Wearability"
Functional Fit and Wearability,Back V-neck dislike,1,"Back V-neck dislike -> Fit, sizing, length, and coverage -> Fit, Sizing, Proportion, and Body Compatibility -> Fit, Sizing, Silhouette, Coverage, and Body Compatibility -> Functionality, Fit, and Wearability -> Functional Fit and Wearability"
Functional Fit and Wearability,Back fabric length concern,1,"Back fabric length concern -> Length, Coverage, and Proportion -> Fit, Sizing, Proportion, and Body Compatibility -> Fit, Sizing, Silhouette, Coverage, and Body Compatibility -> Functionality, Fit, and Wearability -> Functional Fit and Wearability"
Functional Fit and Wearability,Back is see-through,1,"Back is see-through -> Fabric and material experience -> Fabric, Material Feel, Comfort, and Wearability -> Fabric, Material Feel, Comfort, and Wearability -> Functionality, Fit, and Wearability -> Functional Fit and Wearability"
Functional Fit and Wearability,Baggy fit,1,"Baggy fit -> Fit, sizing, and body-shape compatibility -> Fit, Sizing, Proportion, and Body Compatibility -> Fit, Sizing, Silhouette, Coverage, and Body Compatibility -> Functionality, Fit, and Wearability -> Functional Fit and Wearability"
Functional Fit and Wearability,Baggy fit met expectations,1,"Baggy fit met expectations -> Fit, sizing, and proportions -> Fit, Sizing, Proportion, and Body Compatibility -> Fit, Sizing, Silhouette, Coverage, and Body Compatibility -> Functionality, Fit, and Wearability -> Functional Fit and Wearability"
Functional Fit and Wearability,Baggy oversized fit,1,"Baggy oversized fit -> Silhouette and shape appeal or dissatisfaction -> Fit, Sizing, Proportion, and Body Compatibility -> Fit, Sizing, Silhouette, Coverage, and Body Compatibility -> Functionality, Fit, and Wearability -> Functional Fit and Wearability"
Functional Fit and Wearability,Balanced boxy silhouette,1,"Balanced boxy silhouette -> Fit, sizing, and garment proportions -> Fit, Sizing, Proportion, and Body Compatibility -> Fit, Sizing, Silhouette, Coverage, and Body Compatibility -> Functionality, Fit, and Wearability -> Functional Fit and Wearability"
Functional Fit and Wearability,Balanced jacket weight,1,"Balanced jacket weight -> Comfort, Fabric, and Wearability -> Fabric, Material Feel, Comfort, and Wearability -> Fabric, Material Feel, Comfort, and Wearability -> Functionality, Fit, and Wearability -> Functional Fit and Wearability"
Functional Fit and Wearability,Balanced swing-top silhouette,1,"Balanced swing-top silhouette -> Fit, sizing, and silhouette -> Fit, Sizing, Proportion, and Body Compatibility -> Fit, Sizing, Silhouette, Coverage, and Body Compatibility -> Functionality, Fit, and Wearability -> Functional Fit and Wearability"
Functional Fit and Wearability,Beautiful design and lining,1,"Beautiful design and lining -> Style, silhouette, and design appeal -> Fit, Silhouette, Coverage, and Proportion -> Fit, Sizing, Silhouette, Coverage, and Body Compatibility -> Functionality, Fit, and Wearability -> Functional Fit and Wearability"
Functional Fit and Wearability,Beautiful draping,1,"Beautiful draping -> Comfort, Fabric, and Wearability -> Fabric, Material Feel, Comfort, and Wearability -> Fabric, Material Feel, Comfort, and Wearability -> Functionality, Fit, and Wearability -> Functional Fit and Wearability"
Functional Fit and Wearability,Bell-shaped design appeal,1,"Bell-shaped design appeal -> Silhouette and shape appeal or dissatisfaction -> Fit, Sizing, Proportion, and Body Compatibility -> Fit, Sizing, Silhouette, Coverage, and Body Compatibility -> Functionality, Fit, and Wearability -> Functional Fit and Wearability"
Functional Fit and Wearability,Belly fit concern,1,"Belly fit concern -> Fit, Sizing, and Body Shape -> Fit, Sizing, Proportion, and Body Compatibility -> Fit, Sizing, Silhouette, Coverage, and Body Compatibility -> Functionality, Fit, and Wearability -> Functional Fit and Wearability"
Functional Fit and Wearability,Below-knee length,1,"Below-knee length -> Fit, sizing, and silhouette -> Fit, Sizing, Proportion, and Body Compatibility -> Fit, Sizing, Silhouette, Coverage, and Body Compatibility -> Functionality, Fit, and Wearability -> Functional Fit and Wearability"
Functional Fit and Wearability,Belt needed to conceal waistband,1,"Belt needed to conceal waistband -> Fit, sizing, and proportions -> Fit, Sizing, Proportion, and Body Compatibility -> Fit, Sizing, Silhouette, Coverage, and Body Compatibility -> Functionality, Fit, and Wearability -> Functional Fit and Wearability"
Functional Fit and Wearability,Better suited to taller shoppers,1,"Better suited to taller shoppers -> Fit, sizing, and proportions -> Fit, Sizing, Proportion, and Body Compatibility -> Fit, Sizing, Silhouette, Coverage, and Body Compatibility -> Functionality, Fit, and Wearability -> Functional Fit and Wearability"
Functional Fit and Wearability,Billowy fit,1,"Billowy fit -> Fit, sizing, and proportions -> Fit, Sizing, Proportion, and Body Compatibility -> Fit, Sizing, Silhouette, Coverage, and Body Compatibility -> Functionality, Fit, and Wearability -> Functional Fit and Wearability"
Functional Fit and Wearability,Black allows thicker layers,1,"Black allows thicker layers -> Seasonal and Lifestyle Versatility -> Versatility, Styling, Layering, and Occasion Suitability -> Versatility, Coordination, Occasion Suitability, and Functionality -> Functionality, Fit, and Wearability -> Functional Fit and Wearability"
Functional Fit and Wearability,Bodice feels more substantial,1,"Bodice feels more substantial -> Fabric Feel, Comfort, and Wearability -> Fabric, Material Feel, Comfort, and Wearability -> Fabric, Material Feel, Comfort, and Wearability -> Functionality, Fit, and Wearability -> Functional Fit and Wearability"
Functional Fit and Wearability,Body-shape fit mismatch,1,"Body-shape fit mismatch -> Fit, sizing, and body-shape compatibility -> Fit, Sizing, Proportion, and Body Compatibility -> Fit, Sizing, Silhouette, Coverage, and Body Compatibility -> Functionality, Fit, and Wearability -> Functional Fit and Wearability"
Functional Fit and Wearability,Boosts wearer confidence,1,"Boosts wearer confidence -> Comfort, Confidence, and Wear Experience -> Comfort, Fabric, and Wearability -> Fabric, Material Feel, Comfort, and Wearability -> Functionality, Fit, and Wearability -> Functional Fit and Wearability"
Functional Fit and Wearability,Both sizes fit well,1,"Both sizes fit well -> Fit, sizing, and silhouette -> Fit, Sizing, Proportion, and Body Compatibility -> Fit, Sizing, Silhouette, Coverage, and Body Compatibility -> Functionality, Fit, and Wearability -> Functional Fit and Wearability"
Functional Fit and Wearability,Bottom fit feels restrictive,1,"Bottom fit feels restrictive -> Fit, sizing, and proportions -> Fit, Sizing, Proportion, and Body Compatibility -> Fit, Sizing, Silhouette, Coverage, and Body Compatibility -> Functionality, Fit, and Wearability -> Functional Fit and Wearability"
Functional Fit and Wearability,Bottom piece wrinkles,1,"Bottom piece wrinkles -> Fabric Feel, Comfort, and Wearability -> Fabric, Material Feel, Comfort, and Wearability -> Fabric, Material Feel, Comfort, and Wearability -> Functionality, Fit, and Wearability -> Functional Fit and Wearability"
Functional Fit and Wearability,Boxy style suits petite frame,1,"Boxy style suits petite frame -> Fit, sizing, and proportions -> Fit, Sizing, Proportion, and Body Compatibility -> Fit, Sizing, Silhouette, Coverage, and Body Compatibility -> Functionality, Fit, and Wearability -> Functional Fit and Wearability"
Functional Fit and Wearability,Bra-compatible neckline,1,"Bra-compatible neckline -> Comfort and wearability -> Comfort, Fabric, and Wearability -> Fabric, Material Feel, Comfort, and Wearability -> Functionality, Fit, and Wearability -> Functional Fit and Wearability"
Functional Fit and Wearability,Brand runs small,1,"Brand runs small -> Fit, Sizing, and Proportions -> Fit, Sizing, Proportion, and Body Compatibility -> Fit, Sizing, Silhouette, Coverage, and Body Compatibility -> Functionality, Fit, and Wearability -> Functional Fit and Wearability"
Functional Fit and Wearability,Breathable during exercise,1,"Breathable during exercise -> Fabric feel, breathability, and wearability -> Comfort, Fabric, and Wearability -> Fabric, Material Feel, Comfort, and Wearability -> Functionality, Fit, and Wearability -> Functional Fit and Wearability"
Functional Fit and Wearability,Breathable hot-weather design,1,"Breathable hot-weather design -> Comfort, fabric, and wearability -> Comfort, Fabric, and Wearability -> Fabric, Material Feel, Comfort, and Wearability -> Functionality, Fit, and Wearability -> Functional Fit and Wearability"
Functional Fit and Wearability,Built-in slip,1,"Built-in slip -> Fabric and material experience -> Fabric, Material Feel, Comfort, and Wearability -> Fabric, Material Feel, Comfort, and Wearability -> Functionality, Fit, and Wearability -> Functional Fit and Wearability"
Functional Fit and Wearability,Bulky jacket fit,1,"Bulky jacket fit -> Fit, sizing, and silhouette -> Fit, Sizing, Proportion, and Body Compatibility -> Fit, Sizing, Silhouette, Coverage, and Body Compatibility -> Functionality, Fit, and Wearability -> Functional Fit and Wearability"
Functional Fit and Wearability,Bulky shoulders add volume,1,"Bulky shoulders add volume -> Flattering and Unflattering Design Effects -> Fit, Sizing, Proportion, and Body Compatibility -> Fit, Sizing, Silhouette, Coverage, and Body Compatibility -> Functionality, Fit, and Wearability -> Functional Fit and Wearability"
Functional Fit and Wearability,Bulky waistband,1,"Bulky waistband -> Fit, sizing, and garment proportions -> Fit, Sizing, Proportion, and Body Compatibility -> Fit, Sizing, Silhouette, Coverage, and Body Compatibility -> Functionality, Fit, and Wearability -> Functional Fit and Wearability"
Functional Fit and Wearability,Bust and armhole fit issues,1,"Bust and armhole fit issues -> Fit, sizing, and proportions -> Fit, Sizing, Proportion, and Body Compatibility -> Fit, Sizing, Silhouette, Coverage, and Body Compatibility -> Functionality, Fit, and Wearability -> Functional Fit and Wearability"
Functional Fit and Wearability,Bust and waist too loose,1,"Bust and waist too loose -> Fit, Sizing, and Body Shape -> Fit, Sizing, Proportion, and Body Compatibility -> Fit, Sizing, Silhouette, Coverage, and Body Compatibility -> Functionality, Fit, and Wearability -> Functional Fit and Wearability"
Functional Fit and Wearability,Bust runs very small,1,"Bust runs very small -> Fit, Sizing, and Proportions -> Fit, Sizing, Proportion, and Body Compatibility -> Fit, Sizing, Silhouette, Coverage, and Body Compatibility -> Functionality, Fit, and Wearability -> Functional Fit and Wearability"
Functional Fit and Wearability,Buttons feel insecure,1,"Buttons feel insecure -> Design details and functionality -> Functionality, Coverage, and Practical Garment Features -> Versatility, Coordination, Occasion Suitability, and Functionality -> Functionality, Fit, and Wearability -> Functional Fit and Wearability"
Functional Fit and Wearability,Cami needed for comfort,1,"Cami needed for comfort -> Comfort, softness, and wearability -> Comfort, Fabric, and Wearability -> Fabric, Material Feel, Comfort, and Wearability -> Functionality, Fit, and Wearability -> Functional Fit and Wearability"
Functional Fit and Wearability,Cami needed for coverage,1,"Cami needed for coverage -> Coverage and layering -> Versatility, Styling, Layering, and Occasion Suitability -> Versatility, Coordination, Occasion Suitability, and Functionality -> Functionality, Fit, and Wearability -> Functional Fit and Wearability"
Functional Fit and Wearability,Challenges judging fit online,1,"Challenges judging fit online -> Fit, sizing, and body-shape compatibility -> Fit, Sizing, Proportion, and Body Compatibility -> Fit, Sizing, Silhouette, Coverage, and Body Compatibility -> Functionality, Fit, and Wearability -> Functional Fit and Wearability"
Functional Fit and Wearability,Challenging top coordination,1,"Challenging top coordination -> Coverage, Opacity, and Garment Functionality -> Functionality, Coverage, and Practical Garment Features -> Versatility, Coordination, Occasion Suitability, and Functionality -> Functionality, Fit, and Wearability -> Functional Fit and Wearability"
Functional Fit and Wearability,"Cheap, slightly sheer material",1,"Cheap, slightly sheer material -> Material handfeel and structure -> Fabric, Material Feel, Comfort, and Wearability -> Fabric, Material Feel, Comfort, and Wearability -> Functionality, Fit, and Wearability -> Functional Fit and Wearability"
Functional Fit and Wearability,Cheap-looking tulle,1,"Cheap-looking tulle -> Fabric Comfort, Feel, and Weight -> Fabric, Material Feel, Comfort, and Wearability -> Fabric, Material Feel, Comfort, and Wearability -> Functionality, Fit, and Wearability -> Functional Fit and Wearability"
Functional Fit and Wearability,Chest area runs too large,1,"Chest area runs too large -> Fit, sizing, and body-shape compatibility -> Fit, Sizing, Proportion, and Body Compatibility -> Fit, Sizing, Silhouette, Coverage, and Body Compatibility -> Functionality, Fit, and Wearability -> Functional Fit and Wearability"
Functional Fit and Wearability,Chest area too small,1,"Chest area too small -> Fit, sizing, and garment proportions -> Fit, Sizing, Proportion, and Body Compatibility -> Fit, Sizing, Silhouette, Coverage, and Body Compatibility -> Functionality, Fit, and Wearability -> Functional Fit and Wearability"
Functional Fit and Wearability,Chest flattening,1,"Chest flattening -> Fit, sizing, and silhouette -> Fit, Sizing, Proportion, and Body Compatibility -> Fit, Sizing, Silhouette, Coverage, and Body Compatibility -> Functionality, Fit, and Wearability -> Functional Fit and Wearability"
Functional Fit and Wearability,Chest pulling,1,"Chest pulling -> Fit, sizing, and proportions -> Fit, Sizing, Proportion, and Body Compatibility -> Fit, Sizing, Silhouette, Coverage, and Body Compatibility -> Functionality, Fit, and Wearability -> Functional Fit and Wearability"
Functional Fit and Wearability,Closure placement causes fit issues,1,"Closure placement causes fit issues -> Fit, sizing, and silhouette -> Fit, Sizing, Proportion, and Body Compatibility -> Fit, Sizing, Silhouette, Coverage, and Body Compatibility -> Functionality, Fit, and Wearability -> Functional Fit and Wearability"
Functional Fit and Wearability,Color appreciated,1,"Color appreciated -> Style, appearance, and versatility -> Style Versatility, Coordination, and Functionality -> Versatility, Coordination, Occasion Suitability, and Functionality -> Functionality, Fit, and Wearability -> Functional Fit and Wearability"
Functional Fit and Wearability,Comfort issue from oversized armholes,1,"Comfort issue from oversized armholes -> Fit, sizing, length, and coverage -> Fit, Sizing, Proportion, and Body Compatibility -> Fit, Sizing, Silhouette, Coverage, and Body Compatibility -> Functionality, Fit, and Wearability -> Functional Fit and Wearability"
Functional Fit and Wearability,Comfort requires sizing up,1,"Comfort requires sizing up -> Fit, sizing, and silhouette -> Fit, Sizing, Proportion, and Body Compatibility -> Fit, Sizing, Silhouette, Coverage, and Body Compatibility -> Functionality, Fit, and Wearability -> Functional Fit and Wearability"
Functional Fit and Wearability,Comfortable across seasons,1,"Comfortable across seasons -> Comfort, fabric feel, and wearability -> Comfort, Fabric, and Wearability -> Fabric, Material Feel, Comfort, and Wearability -> Functionality, Fit, and Wearability -> Functional Fit and Wearability"
Functional Fit and Wearability,Comfortable after wearing,1,"Comfortable after wearing -> Comfort, softness, and wearability -> Comfort, Fabric, and Wearability -> Fabric, Material Feel, Comfort, and Wearability -> Functionality, Fit, and Wearability -> Functional Fit and Wearability"
Functional Fit and Wearability,Comfortable all-day wear,1,"Comfortable all-day wear -> Fabric feel, weight, and comfort -> Comfort, Fabric, and Wearability -> Fabric, Material Feel, Comfort, and Wearability -> Functionality, Fit, and Wearability -> Functional Fit and Wearability"
Functional Fit and Wearability,Comfortable and cozy,1,"Comfortable and cozy -> Fabric Feel, Comfort, and Wearability -> Fabric, Material Feel, Comfort, and Wearability -> Fabric, Material Feel, Comfort, and Wearability -> Functionality, Fit, and Wearability -> Functional Fit and Wearability"
Functional Fit and Wearability,Comfortable and cute,1,"Comfortable and cute -> Styling, occasions, and wearability -> Style Versatility, Coordination, and Functionality -> Versatility, Coordination, Occasion Suitability, and Functionality -> Functionality, Fit, and Wearability -> Functional Fit and Wearability"
Functional Fit and Wearability,Comfortable and durable,1,"Comfortable and durable -> Comfort, fabric, and wearability -> Comfort, Fabric, and Wearability -> Fabric, Material Feel, Comfort, and Wearability -> Functionality, Fit, and Wearability -> Functional Fit and Wearability"
Functional Fit and Wearability,Comfortable and flattering,1,"Comfortable and flattering -> Comfort, Feel, and Wearability -> Fabric, Material Feel, Comfort, and Wearability -> Fabric, Material Feel, Comfort, and Wearability -> Functionality, Fit, and Wearability -> Functional Fit and Wearability"
Functional Fit and Wearability,Comfortable and flattering fit,1,"Comfortable and flattering fit -> Fit, sizing, and garment proportions -> Fit, Sizing, Proportion, and Body Compatibility -> Fit, Sizing, Silhouette, Coverage, and Body Compatibility -> Functionality, Fit, and Wearability -> Functional Fit and Wearability"
Functional Fit and Wearability,Comfortable and stylish,1,"Comfortable and stylish -> Comfort, Feel, and Wearability -> Fabric, Material Feel, Comfort, and Wearability -> Fabric, Material Feel, Comfort, and Wearability -> Functionality, Fit, and Wearability -> Functional Fit and Wearability"
Functional Fit and Wearability,Comfortable and supportive,1,"Comfortable and supportive -> Comfort, softness, and wearability -> Comfort, Fabric, and Wearability -> Fabric, Material Feel, Comfort, and Wearability -> Functionality, Fit, and Wearability -> Functional Fit and Wearability"
Functional Fit and Wearability,Comfortable arm openings,1,"Comfortable arm openings -> Fit, sizing, and proportions -> Fit, Sizing, Proportion, and Body Compatibility -> Fit, Sizing, Silhouette, Coverage, and Body Compatibility -> Functionality, Fit, and Wearability -> Functional Fit and Wearability"
Functional Fit and Wearability,Comfortable but tight calves,1,"Comfortable but tight calves -> Fit, sizing, and body-shape compatibility -> Fit, Sizing, Proportion, and Body Compatibility -> Fit, Sizing, Silhouette, Coverage, and Body Compatibility -> Functionality, Fit, and Wearability -> Functional Fit and Wearability"
Functional Fit and Wearability,Comfortable casual dress,1,"Comfortable casual dress -> Comfort and everyday wear experience -> Fabric, Material Feel, Comfort, and Wearability -> Fabric, Material Feel, Comfort, and Wearability -> Functionality, Fit, and Wearability -> Functional Fit and Wearability"
Functional Fit and Wearability,Comfortable classic sweater,1,"Comfortable classic sweater -> Fabric feel, breathability, and wearability -> Comfort, Fabric, and Wearability -> Fabric, Material Feel, Comfort, and Wearability -> Functionality, Fit, and Wearability -> Functional Fit and Wearability"
Functional Fit and Wearability,Comfortable close fit,1,"Comfortable close fit -> Fit, sizing, and garment proportions -> Fit, Sizing, Proportion, and Body Compatibility -> Fit, Sizing, Silhouette, Coverage, and Body Compatibility -> Functionality, Fit, and Wearability -> Functional Fit and Wearability"
Functional Fit and Wearability,Comfortable cotton blend,1,"Comfortable cotton blend -> Comfort, fabric feel, and wearability -> Comfort, Fabric, and Wearability -> Fabric, Material Feel, Comfort, and Wearability -> Functionality, Fit, and Wearability -> Functional Fit and Wearability"
Functional Fit and Wearability,Comfortable cotton top,1,"Comfortable cotton top -> Comfort, softness, and wearability -> Comfort, Fabric, and Wearability -> Fabric, Material Feel, Comfort, and Wearability -> Functionality, Fit, and Wearability -> Functional Fit and Wearability"
Functional Fit and Wearability,Comfortable easy fit,1,"Comfortable easy fit -> Fit, sizing, and garment proportions -> Fit, Sizing, Proportion, and Body Compatibility -> Fit, Sizing, Silhouette, Coverage, and Body Compatibility -> Functionality, Fit, and Wearability -> Functional Fit and Wearability"
Functional Fit and Wearability,Comfortable everyday wear,1,"Comfortable everyday wear -> Comfort, Feel, and Wearability -> Fabric, Material Feel, Comfort, and Wearability -> Fabric, Material Feel, Comfort, and Wearability -> Functionality, Fit, and Wearability -> Functional Fit and Wearability"
Functional Fit and Wearability,Comfortable fabric feel,1,"Comfortable fabric feel -> Fabric comfort, warmth, and wearability -> Fabric, Material Feel, Comfort, and Wearability -> Fabric, Material Feel, Comfort, and Wearability -> Functionality, Fit, and Wearability -> Functional Fit and Wearability"
Functional Fit and Wearability,Comfortable feel,1,"Comfortable feel -> Comfort, fabric feel, and wearability -> Comfort, Fabric, and Wearability -> Fabric, Material Feel, Comfort, and Wearability -> Functionality, Fit, and Wearability -> Functional Fit and Wearability"
Functional Fit and Wearability,Comfortable fitted chest,1,"Comfortable fitted chest -> Flattering fit, sizing accuracy, and proportion -> Fit, Sizing, Proportion, and Body Compatibility -> Fit, Sizing, Silhouette, Coverage, and Body Compatibility -> Functionality, Fit, and Wearability -> Functional Fit and Wearability"
Functional Fit and Wearability,Comfortable fitted silhouette,1,"Comfortable fitted silhouette -> Comfort, fabric feel, and wearability -> Comfort, Fabric, and Wearability -> Fabric, Material Feel, Comfort, and Wearability -> Functionality, Fit, and Wearability -> Functional Fit and Wearability"
Functional Fit and Wearability,Comfortable flattering fit,1,"Comfortable flattering fit -> Comfort and wearability -> Comfort, Fabric, and Wearability -> Fabric, Material Feel, Comfort, and Wearability -> Functionality, Fit, and Wearability -> Functional Fit and Wearability"
Functional Fit and Wearability,Comfortable flowy cut,1,"Comfortable flowy cut -> Fit, Silhouette, and Body-Proportion Experience -> Fit, Sizing, Proportion, and Body Compatibility -> Fit, Sizing, Silhouette, Coverage, and Body Compatibility -> Functionality, Fit, and Wearability -> Functional Fit and Wearability"
Functional Fit and Wearability,Comfortable for casual wear,1,"Comfortable for casual wear -> Comfort, Feel, and Wearability -> Fabric, Material Feel, Comfort, and Wearability -> Fabric, Material Feel, Comfort, and Wearability -> Functionality, Fit, and Wearability -> Functional Fit and Wearability"
Functional Fit and Wearability,Comfortable for repeated wear,1,"Comfortable for repeated wear -> Comfort, fabric feel, and wearability -> Comfort, Fabric, and Wearability -> Fabric, Material Feel, Comfort, and Wearability -> Functionality, Fit, and Wearability -> Functional Fit and Wearability"
Functional Fit and Wearability,Comfortable form-fitting top,1,"Comfortable form-fitting top -> Comfort, Feel, and Wearability -> Fabric, Material Feel, Comfort, and Wearability -> Fabric, Material Feel, Comfort, and Wearability -> Functionality, Fit, and Wearability -> Functional Fit and Wearability"
Functional Fit and Wearability,Comfortable in hot weather,1,"Comfortable in hot weather -> Fabric Feel, Comfort, and Wearability -> Fabric, Material Feel, Comfort, and Wearability -> Fabric, Material Feel, Comfort, and Wearability -> Functionality, Fit, and Wearability -> Functional Fit and Wearability"
Functional Fit and Wearability,Comfortable lightweight fabric,1,"Comfortable lightweight fabric -> Comfort and wearability -> Comfort, Fabric, and Wearability -> Fabric, Material Feel, Comfort, and Wearability -> Functionality, Fit, and Wearability -> Functional Fit and Wearability"
Functional Fit and Wearability,Comfortable lined construction,1,"Comfortable lined construction -> Fabric comfort and feel -> Fabric, Material Feel, Comfort, and Wearability -> Fabric, Material Feel, Comfort, and Wearability -> Functionality, Fit, and Wearability -> Functional Fit and Wearability"
Functional Fit and Wearability,Comfortable medium-weight fabric,1,"Comfortable medium-weight fabric -> Comfort, fabric, and wearability -> Comfort, Fabric, and Wearability -> Fabric, Material Feel, Comfort, and Wearability -> Functionality, Fit, and Wearability -> Functional Fit and Wearability"
Functional Fit and Wearability,Comfortable mid-rise waist,1,"Comfortable mid-rise waist -> Comfort, softness, and wearability -> Comfort, Fabric, and Wearability -> Fabric, Material Feel, Comfort, and Wearability -> Functionality, Fit, and Wearability -> Functional Fit and Wearability"
Functional Fit and Wearability,Comfortable neckline,1,"Comfortable neckline -> Design details and functionality -> Functionality, Coverage, and Practical Garment Features -> Versatility, Coordination, Occasion Suitability, and Functionality -> Functionality, Fit, and Wearability -> Functional Fit and Wearability"
Functional Fit and Wearability,Comfortable non-clingy fabric,1,"Comfortable non-clingy fabric -> Fabric Comfort, Feel, and Weight -> Fabric, Material Feel, Comfort, and Wearability -> Fabric, Material Feel, Comfort, and Wearability -> Functionality, Fit, and Wearability -> Functional Fit and Wearability"
Functional Fit and Wearability,Comfortable skirt,1,"Comfortable skirt -> Comfort and wearability -> Comfort, Fabric, and Wearability -> Fabric, Material Feel, Comfort, and Wearability -> Functionality, Fit, and Wearability -> Functional Fit and Wearability"
Functional Fit and Wearability,Comfortable sleeve fit,1,"Comfortable sleeve fit -> Fit, sizing, and body-shape compatibility -> Fit, Sizing, Proportion, and Body Compatibility -> Fit, Sizing, Silhouette, Coverage, and Body Compatibility -> Functionality, Fit, and Wearability -> Functional Fit and Wearability"
Functional Fit and Wearability,Comfortable snug fit,1,"Comfortable snug fit -> Fit, sizing, length, and coverage -> Fit, Sizing, Proportion, and Body Compatibility -> Fit, Sizing, Silhouette, Coverage, and Body Compatibility -> Functionality, Fit, and Wearability -> Functional Fit and Wearability"
Functional Fit and Wearability,Comfortable soft material,1,"Comfortable soft material -> Fabric feel, weight, and comfort -> Comfort, Fabric, and Wearability -> Fabric, Material Feel, Comfort, and Wearability -> Functionality, Fit, and Wearability -> Functional Fit and Wearability"
Functional Fit and Wearability,Comfortable stretchy material,1,"Comfortable stretchy material -> Comfort, fabric, and wearability -> Comfort, Fabric, and Wearability -> Fabric, Material Feel, Comfort, and Wearability -> Functionality, Fit, and Wearability -> Functional Fit and Wearability"
Functional Fit and Wearability,Comfortable to wear,1,"Comfortable to wear -> Comfort, wearability, and layering -> Comfort, Fabric, and Wearability -> Fabric, Material Feel, Comfort, and Wearability -> Functionality, Fit, and Wearability -> Functional Fit and Wearability"
Functional Fit and Wearability,Comfortable weekend wear,1,"Comfortable weekend wear -> Versatility and Ease of Styling -> Versatility, Styling, Layering, and Occasion Suitability -> Versatility, Coordination, Occasion Suitability, and Functionality -> Functionality, Fit, and Wearability -> Functional Fit and Wearability"
Functional Fit and Wearability,"Comfortable, non-scratchy fabric",1,"Comfortable, non-scratchy fabric -> Comfort, softness, and wearability -> Comfort, Fabric, and Wearability -> Fabric, Material Feel, Comfort, and Wearability -> Functionality, Fit, and Wearability -> Functional Fit and Wearability"
Functional Fit and Wearability,Comparison to similar top,1,"Comparison to similar top -> Design details and functionality -> Functionality, Coverage, and Practical Garment Features -> Versatility, Coordination, Occasion Suitability, and Functionality -> Functionality, Fit, and Wearability -> Functional Fit and Wearability"
Functional Fit and Wearability,Conceals postpartum weight,1,"Conceals postpartum weight -> Fit, sizing, and silhouette -> Fit, Sizing, Proportion, and Body Compatibility -> Fit, Sizing, Silhouette, Coverage, and Body Compatibility -> Functionality, Fit, and Wearability -> Functional Fit and Wearability"
Functional Fit and Wearability,Concern about bottom rolling,1,"Concern about bottom rolling -> Comfort, warmth, and wearability -> Fabric, Material Feel, Comfort, and Wearability -> Fabric, Material Feel, Comfort, and Wearability -> Functionality, Fit, and Wearability -> Functional Fit and Wearability"
Functional Fit and Wearability,Conservative knee-grazing length,1,"Conservative knee-grazing length -> Style, appearance, and versatility -> Style Versatility, Coordination, and Functionality -> Versatility, Coordination, Occasion Suitability, and Functionality -> Functionality, Fit, and Wearability -> Functional Fit and Wearability"
Functional Fit and Wearability,Considering alteration,1,"Considering alteration -> Fit, sizing, and garment proportions -> Fit, Sizing, Proportion, and Body Compatibility -> Fit, Sizing, Silhouette, Coverage, and Body Compatibility -> Functionality, Fit, and Wearability -> Functional Fit and Wearability"
Functional Fit and Wearability,Considering petite size,1,"Considering petite size -> Fit, sizing, and silhouette -> Fit, Sizing, Proportion, and Body Compatibility -> Fit, Sizing, Silhouette, Coverage, and Body Compatibility -> Functionality, Fit, and Wearability -> Functional Fit and Wearability"
Functional Fit and Wearability,Considering size exchange,1,"Considering size exchange -> Fit, sizing, and proportions -> Fit, Sizing, Proportion, and Body Compatibility -> Fit, Sizing, Silhouette, Coverage, and Body Compatibility -> Functionality, Fit, and Wearability -> Functional Fit and Wearability"
Functional Fit and Wearability,Considering tailoring alterations,1,"Considering tailoring alterations -> Fit, sizing, and silhouette -> Fit, Sizing, Proportion, and Body Compatibility -> Fit, Sizing, Silhouette, Coverage, and Body Compatibility -> Functionality, Fit, and Wearability -> Functional Fit and Wearability"
Functional Fit and Wearability,Convenient low zipper,1,"Convenient low zipper -> Versatility and Occasion Suitability -> Versatility, Styling, Layering, and Occasion Suitability -> Versatility, Coordination, Occasion Suitability, and Functionality -> Functionality, Fit, and Wearability -> Functional Fit and Wearability"
Functional Fit and Wearability,Coordinates with varied outfits,1,"Coordinates with varied outfits -> Styling versatility and occasion suitability -> Versatility, Styling, Layering, and Occasion Suitability -> Versatility, Coordination, Occasion Suitability, and Functionality -> Functionality, Fit, and Wearability -> Functional Fit and Wearability"
Functional Fit and Wearability,Correct size except excess material,1,"Correct size except excess material -> Fit, sizing, and proportions -> Fit, Sizing, Proportion, and Body Compatibility -> Fit, Sizing, Silhouette, Coverage, and Body Compatibility -> Functionality, Fit, and Wearability -> Functional Fit and Wearability"
Functional Fit and Wearability,Cozy and comfortable,1,"Cozy and comfortable -> Comfort, fabric, and wearability -> Comfort, Fabric, and Wearability -> Fabric, Material Feel, Comfort, and Wearability -> Functionality, Fit, and Wearability -> Functional Fit and Wearability"
Functional Fit and Wearability,Cozy blanket-like comfort,1,"Cozy blanket-like comfort -> Comfort, softness, and everyday wearability -> Fabric, Material Feel, Comfort, and Wearability -> Fabric, Material Feel, Comfort, and Wearability -> Functionality, Fit, and Wearability -> Functional Fit and Wearability"
Functional Fit and Wearability,Cozy comfort,1,"Cozy comfort -> Comfort, Fabric, and Wearability -> Fabric, Material Feel, Comfort, and Wearability -> Fabric, Material Feel, Comfort, and Wearability -> Functionality, Fit, and Wearability -> Functional Fit and Wearability"
Functional Fit and Wearability,Cozy feel,1,"Cozy feel -> Comfort, fabric feel, and wearability -> Comfort, Fabric, and Wearability -> Fabric, Material Feel, Comfort, and Wearability -> Functionality, Fit, and Wearability -> Functional Fit and Wearability"
Functional Fit and Wearability,Creates wider waist appearance,1,"Creates wider waist appearance -> Style, silhouette, and design appeal -> Fit, Silhouette, Coverage, and Proportion -> Fit, Sizing, Silhouette, Coverage, and Body Compatibility -> Functionality, Fit, and Wearability -> Functional Fit and Wearability"
Functional Fit and Wearability,Cropped boxy fit,1,"Cropped boxy fit -> Fit, Silhouette, and Body-Proportion Experience -> Fit, Sizing, Proportion, and Body Compatibility -> Fit, Sizing, Silhouette, Coverage, and Body Compatibility -> Functionality, Fit, and Wearability -> Functional Fit and Wearability"
Functional Fit and Wearability,Cropped length,1,"Cropped length -> Fit, sizing, and body-shape compatibility -> Fit, Sizing, Proportion, and Body Compatibility -> Fit, Sizing, Silhouette, Coverage, and Body Compatibility -> Functionality, Fit, and Wearability -> Functional Fit and Wearability"
Functional Fit and Wearability,Cropped length satisfaction,1,"Cropped length satisfaction -> Fit, sizing, and body-shape compatibility -> Fit, Sizing, Proportion, and Body Compatibility -> Fit, Sizing, Silhouette, Coverage, and Body Compatibility -> Functionality, Fit, and Wearability -> Functional Fit and Wearability"
Functional Fit and Wearability,Cuffs prevent riding,1,"Cuffs prevent riding -> Fit, sizing, and proportions -> Fit, Sizing, Proportion, and Body Compatibility -> Fit, Sizing, Silhouette, Coverage, and Body Compatibility -> Functionality, Fit, and Wearability -> Functional Fit and Wearability"
Functional Fit and Wearability,Cut-fabric combination affects fit,1,"Cut-fabric combination affects fit -> Fit, sizing, and garment proportions -> Fit, Sizing, Proportion, and Body Compatibility -> Fit, Sizing, Silhouette, Coverage, and Body Compatibility -> Functionality, Fit, and Wearability -> Functional Fit and Wearability"
Functional Fit and Wearability,Cute and cozy,1,"Cute and cozy -> Comfort, Confidence, and Wear Experience -> Comfort, Fabric, and Wearability -> Fabric, Material Feel, Comfort, and Wearability -> Functionality, Fit, and Wearability -> Functional Fit and Wearability"
Functional Fit and Wearability,Cute and flattering fit,1,"Cute and flattering fit -> Fit, Sizing, and Body Shape -> Fit, Sizing, Proportion, and Body Compatibility -> Fit, Sizing, Silhouette, Coverage, and Body Compatibility -> Functionality, Fit, and Wearability -> Functional Fit and Wearability"
Functional Fit and Wearability,"Cute, comfortable, casual",1,"Cute, comfortable, casual -> Comfort, wearability, and layering -> Comfort, Fabric, and Wearability -> Fabric, Material Feel, Comfort, and Wearability -> Functionality, Fit, and Wearability -> Functional Fit and Wearability"
Functional Fit and Wearability,Decorative faux-leather detailing,1,"Decorative faux-leather detailing -> Style, appearance, and versatility -> Style Versatility, Coordination, and Functionality -> Versatility, Coordination, Occasion Suitability, and Functionality -> Functionality, Fit, and Wearability -> Functional Fit and Wearability"
Functional Fit and Wearability,Deep front V-neck,1,"Deep front V-neck -> Coverage, Opacity, and Garment Functionality -> Functionality, Coverage, and Practical Garment Features -> Versatility, Coordination, Occasion Suitability, and Functionality -> Functionality, Fit, and Wearability -> Functional Fit and Wearability"
Functional Fit and Wearability,Defines waist despite looseness,1,"Defines waist despite looseness -> Flattering silhouette and shape definition -> Fit, Silhouette, Coverage, and Proportion -> Fit, Sizing, Silhouette, Coverage, and Body Compatibility -> Functionality, Fit, and Wearability -> Functional Fit and Wearability"
Functional Fit and Wearability,Delicate material snags easily,1,"Delicate material snags easily -> Fabric feel, breathability, and wearability -> Comfort, Fabric, and Wearability -> Fabric, Material Feel, Comfort, and Wearability -> Functionality, Fit, and Wearability -> Functional Fit and Wearability"
Functional Fit and Wearability,Demand for tall sizes,1,"Demand for tall sizes -> Fit, sizing, and garment proportions -> Fit, Sizing, Proportion, and Body Compatibility -> Fit, Sizing, Silhouette, Coverage, and Body Compatibility -> Functionality, Fit, and Wearability -> Functional Fit and Wearability"
Functional Fit and Wearability,Design is highly appealing,1,"Design is highly appealing -> Style, silhouette, and design appeal -> Fit, Silhouette, Coverage, and Proportion -> Fit, Sizing, Silhouette, Coverage, and Body Compatibility -> Functionality, Fit, and Wearability -> Functional Fit and Wearability"
Functional Fit and Wearability,Desired back darts,1,"Desired back darts -> Design details and functionality -> Functionality, Coverage, and Practical Garment Features -> Versatility, Coordination, Occasion Suitability, and Functionality -> Functionality, Fit, and Wearability -> Functional Fit and Wearability"
Functional Fit and Wearability,Desired greater garment length,1,"Desired greater garment length -> Garment Length and Coverage -> Fit, Silhouette, Coverage, and Proportion -> Fit, Sizing, Silhouette, Coverage, and Body Compatibility -> Functionality, Fit, and Wearability -> Functional Fit and Wearability"
Functional Fit and Wearability,Desired looser fit,1,"Desired looser fit -> Fit, sizing, and proportions -> Fit, Sizing, Proportion, and Body Compatibility -> Fit, Sizing, Silhouette, Coverage, and Body Compatibility -> Functionality, Fit, and Wearability -> Functional Fit and Wearability"
Functional Fit and Wearability,Detailed body-size context,1,"Detailed body-size context -> Body-size context and purchase information -> Fit, Sizing, Proportion, and Body Compatibility -> Fit, Sizing, Silhouette, Coverage, and Body Compatibility -> Functionality, Fit, and Wearability -> Functional Fit and Wearability"
Functional Fit and Wearability,Difficult bra compatibility,1,"Difficult bra compatibility -> Coverage, layering, and garment functionality -> Versatility, Styling, Layering, and Occasion Suitability -> Versatility, Coordination, Occasion Suitability, and Functionality -> Functionality, Fit, and Wearability -> Functional Fit and Wearability"
Functional Fit and Wearability,Difficult for large bust,1,"Difficult for large bust -> Fit, sizing, and silhouette -> Fit, Sizing, Proportion, and Body Compatibility -> Fit, Sizing, Silhouette, Coverage, and Body Compatibility -> Functionality, Fit, and Wearability -> Functional Fit and Wearability"
Functional Fit and Wearability,Difficult to hem buttoned pants,1,"Difficult to hem buttoned pants -> Practical performance and functionality -> Style Versatility, Coordination, and Functionality -> Versatility, Coordination, Occasion Suitability, and Functionality -> Functionality, Fit, and Wearability -> Functional Fit and Wearability"
Functional Fit and Wearability,Difficult to layer,1,"Difficult to layer -> Comfort, warmth, and wearability -> Fabric, Material Feel, Comfort, and Wearability -> Fabric, Material Feel, Comfort, and Wearability -> Functionality, Fit, and Wearability -> Functional Fit and Wearability"
Functional Fit and Wearability,Difficult zipper due to no stretch,1,"Difficult zipper due to no stretch -> Practical performance and functionality -> Style Versatility, Coordination, and Functionality -> Versatility, Coordination, Occasion Suitability, and Functionality -> Functionality, Fit, and Wearability -> Functional Fit and Wearability"
Functional Fit and Wearability,Disappointing design and fit,1,"Disappointing design and fit -> Fit, sizing, and silhouette -> Fit, Sizing, Proportion, and Body Compatibility -> Fit, Sizing, Silhouette, Coverage, and Body Compatibility -> Functionality, Fit, and Wearability -> Functional Fit and Wearability"
Functional Fit and Wearability,Disappointing sleeve fabric,1,"Disappointing sleeve fabric -> Fabric comfort, warmth, and wearability -> Fabric, Material Feel, Comfort, and Wearability -> Fabric, Material Feel, Comfort, and Wearability -> Functionality, Fit, and Wearability -> Functional Fit and Wearability"
Functional Fit and Wearability,Dress is comfortable,1,"Dress is comfortable -> Comfort, wearability, and layering -> Comfort, Fabric, and Wearability -> Fabric, Material Feel, Comfort, and Wearability -> Functionality, Fit, and Wearability -> Functional Fit and Wearability"
Functional Fit and Wearability,Dress lacks flattering structure,1,"Dress lacks flattering structure -> Fit, sizing, and silhouette -> Fit, Sizing, Proportion, and Body Compatibility -> Fit, Sizing, Silhouette, Coverage, and Body Compatibility -> Functionality, Fit, and Wearability -> Functional Fit and Wearability"
Functional Fit and Wearability,Dress length excessively long,1,"Dress length excessively long -> Fit, sizing, and body-shape compatibility -> Fit, Sizing, Proportion, and Body Compatibility -> Fit, Sizing, Silhouette, Coverage, and Body Compatibility -> Functionality, Fit, and Wearability -> Functional Fit and Wearability"
Functional Fit and Wearability,Dress length is too short,1,"Dress length is too short -> Fit, sizing, and proportions -> Fit, Sizing, Proportion, and Body Compatibility -> Fit, Sizing, Silhouette, Coverage, and Body Compatibility -> Functionality, Fit, and Wearability -> Functional Fit and Wearability"
Functional Fit and Wearability,Dress length runs very short,1,"Dress length runs very short -> Length and proportion -> Fit, Sizing, Proportion, and Body Compatibility -> Fit, Sizing, Silhouette, Coverage, and Body Compatibility -> Functionality, Fit, and Wearability -> Functional Fit and Wearability"
Functional Fit and Wearability,Dress runs large,1,"Dress runs large -> Fit, sizing, and silhouette -> Fit, Sizing, Proportion, and Body Compatibility -> Fit, Sizing, Silhouette, Coverage, and Body Compatibility -> Functionality, Fit, and Wearability -> Functional Fit and Wearability"
Functional Fit and Wearability,Dress runs short,1,"Dress runs short -> Fit, sizing, and proportions -> Fit, Sizing, Proportion, and Body Compatibility -> Fit, Sizing, Silhouette, Coverage, and Body Compatibility -> Functionality, Fit, and Wearability -> Functional Fit and Wearability"
Functional Fit and Wearability,Dress stays in place,1,"Dress stays in place -> Comfort, warmth, and wearability -> Fabric, Material Feel, Comfort, and Wearability -> Fabric, Material Feel, Comfort, and Wearability -> Functionality, Fit, and Wearability -> Functional Fit and Wearability"
Functional Fit and Wearability,Dress versatility for occasions,1,"Dress versatility for occasions -> Versatility and styling utility -> Versatility, Styling, Layering, and Occasion Suitability -> Versatility, Coordination, Occasion Suitability, and Functionality -> Functionality, Fit, and Wearability -> Functional Fit and Wearability"
Functional Fit and Wearability,Easy and flattering to wear,1,"Easy and flattering to wear -> Comfort, Confidence, and Wear Experience -> Comfort, Fabric, and Wearability -> Fabric, Material Feel, Comfort, and Wearability -> Functionality, Fit, and Wearability -> Functional Fit and Wearability"
Functional Fit and Wearability,Easy summer wear,1,"Easy summer wear -> Fabric comfort, warmth, and wearability -> Fabric, Material Feel, Comfort, and Wearability -> Fabric, Material Feel, Comfort, and Wearability -> Functionality, Fit, and Wearability -> Functional Fit and Wearability"
Functional Fit and Wearability,Easy to clean,1,"Easy to clean -> Fabric comfort, warmth, and wearability -> Fabric, Material Feel, Comfort, and Wearability -> Fabric, Material Feel, Comfort, and Wearability -> Functionality, Fit, and Wearability -> Functional Fit and Wearability"
Functional Fit and Wearability,Easy to match,1,"Easy to match -> Versatility and Ease of Styling -> Versatility, Styling, Layering, and Occasion Suitability -> Versatility, Coordination, Occasion Suitability, and Functionality -> Functionality, Fit, and Wearability -> Functional Fit and Wearability"
Functional Fit and Wearability,Easy to smooth wrinkles,1,"Easy to smooth wrinkles -> Comfort, fabric feel, and wearability -> Comfort, Fabric, and Wearability -> Fabric, Material Feel, Comfort, and Wearability -> Functionality, Fit, and Wearability -> Functional Fit and Wearability"
Functional Fit and Wearability,Easy to wash,1,"Easy to wash -> Comfort and everyday wear experience -> Fabric, Material Feel, Comfort, and Wearability -> Fabric, Material Feel, Comfort, and Wearability -> Functionality, Fit, and Wearability -> Functional Fit and Wearability"
Functional Fit and Wearability,Elastic back creates shape,1,"Elastic back creates shape -> Flattering silhouette and shape definition -> Fit, Silhouette, Coverage, and Proportion -> Fit, Sizing, Silhouette, Coverage, and Body Compatibility -> Functionality, Fit, and Wearability -> Functional Fit and Wearability"
Functional Fit and Wearability,Elastic waist fits too loosely,1,"Elastic waist fits too loosely -> Fit, sizing, and body-shape compatibility -> Fit, Sizing, Proportion, and Body Compatibility -> Fit, Sizing, Silhouette, Coverage, and Body Compatibility -> Functionality, Fit, and Wearability -> Functional Fit and Wearability"
Functional Fit and Wearability,Elegant casual design,1,"Elegant casual design -> Neckline, silhouette, and flattering appearance -> Fit, Sizing, Proportion, and Body Compatibility -> Fit, Sizing, Silhouette, Coverage, and Body Compatibility -> Functionality, Fit, and Wearability -> Functional Fit and Wearability"
Functional Fit and Wearability,Everyday wear suitability,1,"Everyday wear suitability -> Comfort and everyday wear experience -> Fabric, Material Feel, Comfort, and Wearability -> Fabric, Material Feel, Comfort, and Wearability -> Functionality, Fit, and Wearability -> Functional Fit and Wearability"
Functional Fit and Wearability,Excellent drape and length,1,"Excellent drape and length -> Length, Coverage, and Proportion -> Fit, Sizing, Proportion, and Body Compatibility -> Fit, Sizing, Silhouette, Coverage, and Body Compatibility -> Functionality, Fit, and Wearability -> Functional Fit and Wearability"
Functional Fit and Wearability,Excellent drape and movement,1,"Excellent drape and movement -> Comfort, warmth, and wearability -> Fabric, Material Feel, Comfort, and Wearability -> Fabric, Material Feel, Comfort, and Wearability -> Functionality, Fit, and Wearability -> Functional Fit and Wearability"
Functional Fit and Wearability,Excellent fit for body shape,1,"Excellent fit for body shape -> Fit, sizing, and body-shape compatibility -> Fit, Sizing, Proportion, and Body Compatibility -> Fit, Sizing, Silhouette, Coverage, and Body Compatibility -> Functionality, Fit, and Wearability -> Functional Fit and Wearability"
Functional Fit and Wearability,Exceptional comfort,1,"Exceptional comfort -> Comfort, fabric, and wearability -> Comfort, Fabric, and Wearability -> Fabric, Material Feel, Comfort, and Wearability -> Functionality, Fit, and Wearability -> Functional Fit and Wearability"
Functional Fit and Wearability,Exceptional sweatshirt comfort,1,"Exceptional sweatshirt comfort -> Comfort, warmth, and wearability -> Fabric, Material Feel, Comfort, and Wearability -> Fabric, Material Feel, Comfort, and Wearability -> Functionality, Fit, and Wearability -> Functional Fit and Wearability"
Functional Fit and Wearability,Exceptional warmth,1,"Exceptional warmth -> Fabric comfort, warmth, and wearability -> Fabric, Material Feel, Comfort, and Wearability -> Fabric, Material Feel, Comfort, and Wearability -> Functionality, Fit, and Wearability -> Functional Fit and Wearability"
Functional Fit and Wearability,Exceptionally soft fabric,1,"Exceptionally soft fabric -> Fabric comfort, warmth, and wearability -> Fabric, Material Feel, Comfort, and Wearability -> Fabric, Material Feel, Comfort, and Wearability -> Functionality, Fit, and Wearability -> Functional Fit and Wearability"
Functional Fit and Wearability,Excess chest fabric,1,"Excess chest fabric -> Fit, sizing, and body-shape compatibility -> Fit, Sizing, Proportion, and Body Compatibility -> Fit, Sizing, Silhouette, Coverage, and Body Compatibility -> Functionality, Fit, and Wearability -> Functional Fit and Wearability"
Functional Fit and Wearability,Excess fabric,1,"Excess fabric -> Fit, sizing, and silhouette -> Fit, Sizing, Proportion, and Body Compatibility -> Fit, Sizing, Silhouette, Coverage, and Body Compatibility -> Functionality, Fit, and Wearability -> Functional Fit and Wearability"
Functional Fit and Wearability,Excess fabric under arms,1,"Excess fabric under arms -> Fit, sizing, and garment proportions -> Fit, Sizing, Proportion, and Body Compatibility -> Fit, Sizing, Silhouette, Coverage, and Body Compatibility -> Functionality, Fit, and Wearability -> Functional Fit and Wearability"
Functional Fit and Wearability,Excessive lower-half material,1,"Excessive lower-half material -> Fit, sizing, and silhouette -> Fit, Sizing, Proportion, and Body Compatibility -> Fit, Sizing, Silhouette, Coverage, and Body Compatibility -> Functionality, Fit, and Wearability -> Functional Fit and Wearability"
Functional Fit and Wearability,Excessively loose tent-like cut,1,"Excessively loose tent-like cut -> Flattering silhouette and shape definition -> Fit, Silhouette, Coverage, and Proportion -> Fit, Sizing, Silhouette, Coverage, and Body Compatibility -> Functionality, Fit, and Wearability -> Functional Fit and Wearability"
Functional Fit and Wearability,Excessively wide cut,1,"Excessively wide cut -> Fit, sizing, and proportions -> Fit, Sizing, Proportion, and Body Compatibility -> Fit, Sizing, Silhouette, Coverage, and Body Compatibility -> Functionality, Fit, and Wearability -> Functional Fit and Wearability"
Functional Fit and Wearability,Excessively wide measurements,1,"Excessively wide measurements -> Fit, sizing, and silhouette -> Fit, Sizing, Proportion, and Body Compatibility -> Fit, Sizing, Silhouette, Coverage, and Body Compatibility -> Functionality, Fit, and Wearability -> Functional Fit and Wearability"
Functional Fit and Wearability,Excessively wide sleeves,1,"Excessively wide sleeves -> Practical Features and Functionality -> Functionality, Coverage, and Practical Garment Features -> Versatility, Coordination, Occasion Suitability, and Functionality -> Functionality, Fit, and Wearability -> Functional Fit and Wearability"
Functional Fit and Wearability,Exchange uncertainty,1,"Exchange uncertainty -> Flattering fit, sizing accuracy, and proportion -> Fit, Sizing, Proportion, and Body Compatibility -> Fit, Sizing, Silhouette, Coverage, and Body Compatibility -> Functionality, Fit, and Wearability -> Functional Fit and Wearability"
Functional Fit and Wearability,Exchanging for smaller size,1,"Exchanging for smaller size -> Fit, sizing, and proportions -> Fit, Sizing, Proportion, and Body Compatibility -> Fit, Sizing, Silhouette, Coverage, and Body Compatibility -> Functionality, Fit, and Wearability -> Functional Fit and Wearability"
Functional Fit and Wearability,Extra fabric,1,"Extra fabric -> Fit, sizing, and silhouette -> Fit, Sizing, Proportion, and Body Compatibility -> Fit, Sizing, Silhouette, Coverage, and Body Compatibility -> Functionality, Fit, and Wearability -> Functional Fit and Wearability"
Functional Fit and Wearability,Extra lining needed,1,"Extra lining needed -> Fabric Feel, Comfort, and Wearability -> Fabric, Material Feel, Comfort, and Wearability -> Fabric, Material Feel, Comfort, and Wearability -> Functionality, Fit, and Wearability -> Functional Fit and Wearability"
Functional Fit and Wearability,Extra-long length,1,"Extra-long length -> Fit, sizing, and garment proportions -> Fit, Sizing, Proportion, and Body Compatibility -> Fit, Sizing, Silhouette, Coverage, and Body Compatibility -> Functionality, Fit, and Wearability -> Functional Fit and Wearability"
Functional Fit and Wearability,Extremely billowy fit,1,"Extremely billowy fit -> Fit, sizing, length, and coverage -> Fit, Sizing, Proportion, and Body Compatibility -> Fit, Sizing, Silhouette, Coverage, and Body Compatibility -> Functionality, Fit, and Wearability -> Functional Fit and Wearability"
Functional Fit and Wearability,Extremely comfortable,1,"Extremely comfortable -> Comfort, softness, and wearability -> Comfort, Fabric, and Wearability -> Fabric, Material Feel, Comfort, and Wearability -> Functionality, Fit, and Wearability -> Functional Fit and Wearability"
Functional Fit and Wearability,Extremely sheer fabric,1,"Extremely sheer fabric -> Coverage, Opacity, and Garment Functionality -> Functionality, Coverage, and Practical Garment Features -> Versatility, Coordination, Occasion Suitability, and Functionality -> Functionality, Fit, and Wearability -> Functional Fit and Wearability"
Functional Fit and Wearability,"Extremely wide, boxy fit",1,"Extremely wide, boxy fit -> Fit, sizing, and body-shape compatibility -> Fit, Sizing, Proportion, and Body Compatibility -> Fit, Sizing, Silhouette, Coverage, and Body Compatibility -> Functionality, Fit, and Wearability -> Functional Fit and Wearability"
Functional Fit and Wearability,Eye-catching appearance,1,"Eye-catching appearance -> Neckline, silhouette, and flattering appearance -> Fit, Sizing, Proportion, and Body Compatibility -> Fit, Sizing, Silhouette, Coverage, and Body Compatibility -> Functionality, Fit, and Wearability -> Functional Fit and Wearability"
Functional Fit and Wearability,Fabric feels thin,1,"Fabric feels thin -> Fabric comfort and feel -> Fabric, Material Feel, Comfort, and Wearability -> Fabric, Material Feel, Comfort, and Wearability -> Functionality, Fit, and Wearability -> Functional Fit and Wearability"
Functional Fit and Wearability,Fabric feels too lightweight,1,"Fabric feels too lightweight -> Fabric feel, weight, and comfort -> Comfort, Fabric, and Wearability -> Fabric, Material Feel, Comfort, and Wearability -> Functionality, Fit, and Wearability -> Functional Fit and Wearability"
Functional Fit and Wearability,Fabric pills immediately,1,"Fabric pills immediately -> Fabric and material experience -> Fabric, Material Feel, Comfort, and Wearability -> Fabric, Material Feel, Comfort, and Wearability -> Functionality, Fit, and Wearability -> Functional Fit and Wearability"
Functional Fit and Wearability,Fabric quality satisfaction,1,"Fabric quality satisfaction -> Comfort, fabric, and wearability -> Comfort, Fabric, and Wearability -> Fabric, Material Feel, Comfort, and Wearability -> Functionality, Fit, and Wearability -> Functional Fit and Wearability"
Functional Fit and Wearability,Fabulous material,1,"Fabulous material -> Comfort, fabric feel, and wearability -> Comfort, Fabric, and Wearability -> Fabric, Material Feel, Comfort, and Wearability -> Functionality, Fit, and Wearability -> Functional Fit and Wearability"
Functional Fit and Wearability,Family-friendly occasion wear,1,"Family-friendly occasion wear -> Versatility and intended use -> Versatility, Styling, Layering, and Occasion Suitability -> Versatility, Coordination, Occasion Suitability, and Functionality -> Functionality, Fit, and Wearability -> Functional Fit and Wearability"
Functional Fit and Wearability,Feels more like sweater,1,"Feels more like sweater -> Comfort, fabric, and wearability -> Comfort, Fabric, and Wearability -> Fabric, Material Feel, Comfort, and Wearability -> Functionality, Fit, and Wearability -> Functional Fit and Wearability"
Functional Fit and Wearability,"Feminine, flattering appearance",1,"Feminine, flattering appearance -> Neckline, silhouette, and flattering appearance -> Fit, Sizing, Proportion, and Body Compatibility -> Fit, Sizing, Silhouette, Coverage, and Body Compatibility -> Functionality, Fit, and Wearability -> Functional Fit and Wearability"
Functional Fit and Wearability,Figure-flattering fit,1,"Figure-flattering fit -> Fit, Sizing, and Body Shape -> Fit, Sizing, Proportion, and Body Compatibility -> Fit, Sizing, Silhouette, Coverage, and Body Compatibility -> Functionality, Fit, and Wearability -> Functional Fit and Wearability"
Functional Fit and Wearability,Fit acceptable,1,"Fit acceptable -> Fit, Silhouette, and Body-Proportion Experience -> Fit, Sizing, Proportion, and Body Compatibility -> Fit, Sizing, Silhouette, Coverage, and Body Compatibility -> Functionality, Fit, and Wearability -> Functional Fit and Wearability"
Functional Fit and Wearability,Fit but unflattering flare,1,"Fit but unflattering flare -> Silhouette and shape appeal or dissatisfaction -> Fit, Sizing, Proportion, and Body Compatibility -> Fit, Sizing, Silhouette, Coverage, and Body Compatibility -> Functionality, Fit, and Wearability -> Functional Fit and Wearability"
Functional Fit and Wearability,Fit is excellent,1,"Fit is excellent -> Fit, sizing, and garment proportions -> Fit, Sizing, Proportion, and Body Compatibility -> Fit, Sizing, Silhouette, Coverage, and Body Compatibility -> Functionality, Fit, and Wearability -> Functional Fit and Wearability"
Functional Fit and Wearability,Fit is great,1,"Fit is great -> Flattering fit, sizing accuracy, and proportion -> Fit, Sizing, Proportion, and Body Compatibility -> Fit, Sizing, Silhouette, Coverage, and Body Compatibility -> Functionality, Fit, and Wearability -> Functional Fit and Wearability"
Functional Fit and Wearability,Fit is satisfactory,1,"Fit is satisfactory -> Fit, Silhouette, and Body-Proportion Experience -> Fit, Sizing, Proportion, and Body Compatibility -> Fit, Sizing, Silhouette, Coverage, and Body Compatibility -> Functionality, Fit, and Wearability -> Functional Fit and Wearability"
Functional Fit and Wearability,Fit issues prevented purchase,1,"Fit issues prevented purchase -> Flattering fit, sizing accuracy, and proportion -> Fit, Sizing, Proportion, and Body Compatibility -> Fit, Sizing, Silhouette, Coverage, and Body Compatibility -> Functionality, Fit, and Wearability -> Functional Fit and Wearability"
Functional Fit and Wearability,Fit varied across areas,1,"Fit varied across areas -> Fit, sizing, and proportions -> Fit, Sizing, Proportion, and Body Compatibility -> Fit, Sizing, Silhouette, Coverage, and Body Compatibility -> Functionality, Fit, and Wearability -> Functional Fit and Wearability"
Functional Fit and Wearability,Fit varies by body type,1,"Fit varies by body type -> Fit, sizing, and body-shape compatibility -> Fit, Sizing, Proportion, and Body Compatibility -> Fit, Sizing, Silhouette, Coverage, and Body Compatibility -> Functionality, Fit, and Wearability -> Functional Fit and Wearability"
Functional Fit and Wearability,Fit was satisfactory,1,"Fit was satisfactory -> Fit, sizing, and silhouette -> Fit, Sizing, Proportion, and Body Compatibility -> Fit, Sizing, Silhouette, Coverage, and Body Compatibility -> Functionality, Fit, and Wearability -> Functional Fit and Wearability"
Functional Fit and Wearability,Fit works for curvy body,1,"Fit works for curvy body -> Fit, sizing, and garment proportions -> Fit, Sizing, Proportion, and Body Compatibility -> Fit, Sizing, Silhouette, Coverage, and Body Compatibility -> Functionality, Fit, and Wearability -> Functional Fit and Wearability"
Functional Fit and Wearability,Fits as described,1,"Fits as described -> Fit, sizing, and silhouette -> Fit, Sizing, Proportion, and Body Compatibility -> Fit, Sizing, Silhouette, Coverage, and Body Compatibility -> Functionality, Fit, and Wearability -> Functional Fit and Wearability"
Functional Fit and Wearability,Fits busty figure well,1,"Fits busty figure well -> Fit, sizing, and body-shape compatibility -> Fit, Sizing, Proportion, and Body Compatibility -> Fit, Sizing, Silhouette, Coverage, and Body Compatibility -> Functionality, Fit, and Wearability -> Functional Fit and Wearability"
Functional Fit and Wearability,Fits great,1,"Fits great -> Fit, sizing, and silhouette -> Fit, Sizing, Proportion, and Body Compatibility -> Fit, Sizing, Silhouette, Coverage, and Body Compatibility -> Functionality, Fit, and Wearability -> Functional Fit and Wearability"
Functional Fit and Wearability,Fits muscular legs,1,"Fits muscular legs -> Fit, sizing, and silhouette -> Fit, Sizing, Proportion, and Body Compatibility -> Fit, Sizing, Silhouette, Coverage, and Body Compatibility -> Functionality, Fit, and Wearability -> Functional Fit and Wearability"
Functional Fit and Wearability,Fits short torso well,1,"Fits short torso well -> Petite fit and garment length -> Fit, Sizing, Proportion, and Body Compatibility -> Fit, Sizing, Silhouette, Coverage, and Body Compatibility -> Functionality, Fit, and Wearability -> Functional Fit and Wearability"
Functional Fit and Wearability,Fits size 8 frame,1,"Fits size 8 frame -> Fit, Sizing, and Proportions -> Fit, Sizing, Proportion, and Body Compatibility -> Fit, Sizing, Silhouette, Coverage, and Body Compatibility -> Functionality, Fit, and Wearability -> Functional Fit and Wearability"
Functional Fit and Wearability,Fitted across chest,1,"Fitted across chest -> Fit, sizing, and garment proportions -> Fit, Sizing, Proportion, and Body Compatibility -> Fit, Sizing, Silhouette, Coverage, and Body Compatibility -> Functionality, Fit, and Wearability -> Functional Fit and Wearability"
Functional Fit and Wearability,Fitted silhouette,1,"Fitted silhouette -> Fit, sizing, and silhouette -> Fit, Sizing, Proportion, and Body Compatibility -> Fit, Sizing, Silhouette, Coverage, and Body Compatibility -> Functionality, Fit, and Wearability -> Functional Fit and Wearability"
Functional Fit and Wearability,Fitted top with flared bottom,1,"Fitted top with flared bottom -> Design details and functionality -> Functionality, Coverage, and Practical Garment Features -> Versatility, Coordination, Occasion Suitability, and Functionality -> Functionality, Fit, and Wearability -> Functional Fit and Wearability"
Functional Fit and Wearability,"Fitted top, loose waist",1,"Fitted top, loose waist -> Fit, sizing, and body-shape compatibility -> Fit, Sizing, Proportion, and Body Compatibility -> Fit, Sizing, Silhouette, Coverage, and Body Compatibility -> Functionality, Fit, and Wearability -> Functional Fit and Wearability"
Functional Fit and Wearability,Flared hem conceals tummy,1,"Flared hem conceals tummy -> Flattering silhouette and shape definition -> Fit, Silhouette, Coverage, and Proportion -> Fit, Sizing, Silhouette, Coverage, and Body Compatibility -> Functionality, Fit, and Wearability -> Functional Fit and Wearability"
Functional Fit and Wearability,Flattering A-line design,1,"Flattering A-line design -> Fit, sizing, and garment proportions -> Fit, Sizing, Proportion, and Body Compatibility -> Fit, Sizing, Silhouette, Coverage, and Body Compatibility -> Functionality, Fit, and Wearability -> Functional Fit and Wearability"
Functional Fit and Wearability,Flattering V-neckline,1,"Flattering V-neckline -> Neckline, silhouette, and flattering appearance -> Fit, Sizing, Proportion, and Body Compatibility -> Fit, Sizing, Silhouette, Coverage, and Body Compatibility -> Functionality, Fit, and Wearability -> Functional Fit and Wearability"
Functional Fit and Wearability,Flattering across body changes,1,"Flattering across body changes -> Fit, Silhouette, and Body-Proportion Experience -> Fit, Sizing, Proportion, and Body Compatibility -> Fit, Sizing, Silhouette, Coverage, and Body Compatibility -> Functionality, Fit, and Wearability -> Functional Fit and Wearability"
Functional Fit and Wearability,Flattering adjustable front tie,1,"Flattering adjustable front tie -> Fit, sizing, and garment proportions -> Fit, Sizing, Proportion, and Body Compatibility -> Fit, Sizing, Silhouette, Coverage, and Body Compatibility -> Functionality, Fit, and Wearability -> Functional Fit and Wearability"
Functional Fit and Wearability,Flattering and versatile style,1,"Flattering and versatile style -> Style, appearance, and versatility -> Style Versatility, Coordination, and Functionality -> Versatility, Coordination, Occasion Suitability, and Functionality -> Functionality, Fit, and Wearability -> Functional Fit and Wearability"
Functional Fit and Wearability,Flattering babydoll silhouette,1,"Flattering babydoll silhouette -> Flattering and Unflattering Design Effects -> Fit, Sizing, Proportion, and Body Compatibility -> Fit, Sizing, Silhouette, Coverage, and Body Compatibility -> Functionality, Fit, and Wearability -> Functional Fit and Wearability"
Functional Fit and Wearability,Flattering classic fit,1,"Flattering classic fit -> Fit, Sizing, and Body Shape -> Fit, Sizing, Proportion, and Body Compatibility -> Fit, Sizing, Silhouette, Coverage, and Body Compatibility -> Functionality, Fit, and Wearability -> Functional Fit and Wearability"
Functional Fit and Wearability,Flattering classic silhouette,1,"Flattering classic silhouette -> Style, silhouette, and design appeal -> Fit, Silhouette, Coverage, and Proportion -> Fit, Sizing, Silhouette, Coverage, and Body Compatibility -> Functionality, Fit, and Wearability -> Functional Fit and Wearability"
Functional Fit and Wearability,Flattering coverage,1,"Flattering coverage -> Styling versatility and occasion suitability -> Versatility, Styling, Layering, and Occasion Suitability -> Versatility, Coordination, Occasion Suitability, and Functionality -> Functionality, Fit, and Wearability -> Functional Fit and Wearability"
Functional Fit and Wearability,Flattering cropped silhouette,1,"Flattering cropped silhouette -> Length, Coverage, and Proportion -> Fit, Sizing, Proportion, and Body Compatibility -> Fit, Sizing, Silhouette, Coverage, and Body Compatibility -> Functionality, Fit, and Wearability -> Functional Fit and Wearability"
Functional Fit and Wearability,Flattering curvy fit,1,"Flattering curvy fit -> Flattering fit, sizing accuracy, and proportion -> Fit, Sizing, Proportion, and Body Compatibility -> Fit, Sizing, Silhouette, Coverage, and Body Compatibility -> Functionality, Fit, and Wearability -> Functional Fit and Wearability"
Functional Fit and Wearability,Flattering design,1,"Flattering design -> Flattering and Unflattering Design Effects -> Fit, Sizing, Proportion, and Body Compatibility -> Fit, Sizing, Silhouette, Coverage, and Body Compatibility -> Functionality, Fit, and Wearability -> Functional Fit and Wearability"
Functional Fit and Wearability,Flattering drape,1,"Flattering drape -> Flattering silhouette and shape definition -> Fit, Silhouette, Coverage, and Proportion -> Fit, Sizing, Silhouette, Coverage, and Body Compatibility -> Functionality, Fit, and Wearability -> Functional Fit and Wearability"
Functional Fit and Wearability,Flattering drape for larger bust,1,"Flattering drape for larger bust -> Length, Coverage, and Proportion -> Fit, Sizing, Proportion, and Body Compatibility -> Fit, Sizing, Silhouette, Coverage, and Body Compatibility -> Functionality, Fit, and Wearability -> Functional Fit and Wearability"
Functional Fit and Wearability,Flattering feminine fit,1,"Flattering feminine fit -> Fit, sizing, and silhouette -> Fit, Sizing, Proportion, and Body Compatibility -> Fit, Sizing, Silhouette, Coverage, and Body Compatibility -> Functionality, Fit, and Wearability -> Functional Fit and Wearability"
Functional Fit and Wearability,Flattering fit and flare,1,"Flattering fit and flare -> Fit, sizing, and silhouette -> Fit, Sizing, Proportion, and Body Compatibility -> Fit, Sizing, Silhouette, Coverage, and Body Compatibility -> Functionality, Fit, and Wearability -> Functional Fit and Wearability"
Functional Fit and Wearability,Flattering fit concerns,1,"Flattering fit concerns -> Fit, sizing, and silhouette -> Fit, Sizing, Proportion, and Body Compatibility -> Fit, Sizing, Silhouette, Coverage, and Body Compatibility -> Functionality, Fit, and Wearability -> Functional Fit and Wearability"
Functional Fit and Wearability,Flattering fit for larger hips,1,"Flattering fit for larger hips -> Fit, Silhouette, and Body-Proportion Experience -> Fit, Sizing, Proportion, and Body Compatibility -> Fit, Sizing, Silhouette, Coverage, and Body Compatibility -> Functionality, Fit, and Wearability -> Functional Fit and Wearability"
Functional Fit and Wearability,Flattering fitted bodice,1,"Flattering fitted bodice -> Fit, sizing, and garment proportions -> Fit, Sizing, Proportion, and Body Compatibility -> Fit, Sizing, Silhouette, Coverage, and Body Compatibility -> Functionality, Fit, and Wearability -> Functional Fit and Wearability"
Functional Fit and Wearability,Flattering fitted flare,1,"Flattering fitted flare -> Fit, Silhouette, and Body-Proportion Experience -> Fit, Sizing, Proportion, and Body Compatibility -> Fit, Sizing, Silhouette, Coverage, and Body Compatibility -> Functionality, Fit, and Wearability -> Functional Fit and Wearability"
Functional Fit and Wearability,Flattering for curvy figures,1,"Flattering for curvy figures -> Fit, sizing, and body-shape compatibility -> Fit, Sizing, Proportion, and Body Compatibility -> Fit, Sizing, Silhouette, Coverage, and Body Compatibility -> Functionality, Fit, and Wearability -> Functional Fit and Wearability"
Functional Fit and Wearability,Flattering for tall torsos,1,"Flattering for tall torsos -> Fit, sizing, and silhouette -> Fit, Sizing, Proportion, and Body Compatibility -> Fit, Sizing, Silhouette, Coverage, and Body Compatibility -> Functionality, Fit, and Wearability -> Functional Fit and Wearability"
Functional Fit and Wearability,Flattering high-waisted fit,1,"Flattering high-waisted fit -> Fit, Silhouette, and Body-Proportion Experience -> Fit, Sizing, Proportion, and Body Compatibility -> Fit, Sizing, Silhouette, Coverage, and Body Compatibility -> Functionality, Fit, and Wearability -> Functional Fit and Wearability"
Functional Fit and Wearability,Flattering hourglass fit,1,"Flattering hourglass fit -> Fit, sizing, and body-shape compatibility -> Fit, Sizing, Proportion, and Body Compatibility -> Fit, Sizing, Silhouette, Coverage, and Body Compatibility -> Functionality, Fit, and Wearability -> Functional Fit and Wearability"
Functional Fit and Wearability,Flattering lightweight fabric,1,"Flattering lightweight fabric -> Fabric comfort and feel -> Fabric, Material Feel, Comfort, and Wearability -> Fabric, Material Feel, Comfort, and Wearability -> Functionality, Fit, and Wearability -> Functional Fit and Wearability"
Functional Fit and Wearability,Flattering loose fit,1,"Flattering loose fit -> Fit, sizing, and garment proportions -> Fit, Sizing, Proportion, and Body Compatibility -> Fit, Sizing, Silhouette, Coverage, and Body Compatibility -> Functionality, Fit, and Wearability -> Functional Fit and Wearability"
Functional Fit and Wearability,Flattering non-boxy cut,1,"Flattering non-boxy cut -> Fit, Silhouette, and Body-Proportion Experience -> Fit, Sizing, Proportion, and Body Compatibility -> Fit, Sizing, Silhouette, Coverage, and Body Compatibility -> Functionality, Fit, and Wearability -> Functional Fit and Wearability"
Functional Fit and Wearability,Flattering oversized fit,1,"Flattering oversized fit -> Silhouette and shape appeal or dissatisfaction -> Fit, Sizing, Proportion, and Body Compatibility -> Fit, Sizing, Silhouette, Coverage, and Body Compatibility -> Functionality, Fit, and Wearability -> Functional Fit and Wearability"
Functional Fit and Wearability,Flattering peplum placement,1,"Flattering peplum placement -> Fit, sizing, and garment proportions -> Fit, Sizing, Proportion, and Body Compatibility -> Fit, Sizing, Silhouette, Coverage, and Body Compatibility -> Functionality, Fit, and Wearability -> Functional Fit and Wearability"
Functional Fit and Wearability,Flattering post-baby fit,1,"Flattering post-baby fit -> Fit, sizing, and garment proportions -> Fit, Sizing, Proportion, and Body Compatibility -> Fit, Sizing, Silhouette, Coverage, and Body Compatibility -> Functionality, Fit, and Wearability -> Functional Fit and Wearability"
Functional Fit and Wearability,Flattering postpartum fit,1,"Flattering postpartum fit -> Fit, Sizing, and Proportions -> Fit, Sizing, Proportion, and Body Compatibility -> Fit, Sizing, Silhouette, Coverage, and Body Compatibility -> Functionality, Fit, and Wearability -> Functional Fit and Wearability"
Functional Fit and Wearability,Flattering side slits,1,"Flattering side slits -> Comfort, softness, and everyday wearability -> Fabric, Material Feel, Comfort, and Wearability -> Fabric, Material Feel, Comfort, and Wearability -> Functionality, Fit, and Wearability -> Functional Fit and Wearability"
Functional Fit and Wearability,Flattering sleeve coverage,1,"Flattering sleeve coverage -> Coverage, layering, and styling functionality -> Fit, Silhouette, Coverage, and Proportion -> Fit, Sizing, Silhouette, Coverage, and Body Compatibility -> Functionality, Fit, and Wearability -> Functional Fit and Wearability"
Functional Fit and Wearability,Flattering sleeve length,1,"Flattering sleeve length -> Petite fit and garment length -> Fit, Sizing, Proportion, and Body Compatibility -> Fit, Sizing, Silhouette, Coverage, and Body Compatibility -> Functionality, Fit, and Wearability -> Functional Fit and Wearability"
Functional Fit and Wearability,Flattering swing-top style,1,"Flattering swing-top style -> Silhouette and shape appeal or dissatisfaction -> Fit, Sizing, Proportion, and Body Compatibility -> Fit, Sizing, Silhouette, Coverage, and Body Compatibility -> Functionality, Fit, and Wearability -> Functional Fit and Wearability"
Functional Fit and Wearability,Flattering tapered fit,1,"Flattering tapered fit -> Fit, Silhouette, and Body-Proportion Experience -> Fit, Sizing, Proportion, and Body Compatibility -> Fit, Sizing, Silhouette, Coverage, and Body Compatibility -> Functionality, Fit, and Wearability -> Functional Fit and Wearability"
Functional Fit and Wearability,Flattering top design,1,"Flattering top design -> Flattering and Unflattering Design Effects -> Fit, Sizing, Proportion, and Body Compatibility -> Fit, Sizing, Silhouette, Coverage, and Body Compatibility -> Functionality, Fit, and Wearability -> Functional Fit and Wearability"
Functional Fit and Wearability,Flattering versatile style,1,"Flattering versatile style -> Style versatility and outfit coordination -> Style Versatility, Coordination, and Functionality -> Versatility, Coordination, Occasion Suitability, and Functionality -> Functionality, Fit, and Wearability -> Functional Fit and Wearability"
Functional Fit and Wearability,Flattering waist definition,1,"Flattering waist definition -> Fit, sizing, and proportions -> Fit, Sizing, Proportion, and Body Compatibility -> Fit, Sizing, Silhouette, Coverage, and Body Compatibility -> Functionality, Fit, and Wearability -> Functional Fit and Wearability"
Functional Fit and Wearability,Flattering waist shaping,1,"Flattering waist shaping -> Neckline, silhouette, and flattering appearance -> Fit, Sizing, Proportion, and Body Compatibility -> Fit, Sizing, Silhouette, Coverage, and Body Compatibility -> Functionality, Fit, and Wearability -> Functional Fit and Wearability"
Functional Fit and Wearability,Flattering when fitted,1,"Flattering when fitted -> Flattering silhouette and shape definition -> Fit, Silhouette, Coverage, and Proportion -> Fit, Sizing, Silhouette, Coverage, and Body Compatibility -> Functionality, Fit, and Wearability -> Functional Fit and Wearability"
Functional Fit and Wearability,Flowy silhouette appears maternity-like,1,"Flowy silhouette appears maternity-like -> Fit, sizing, and garment proportions -> Fit, Sizing, Proportion, and Body Compatibility -> Fit, Sizing, Silhouette, Coverage, and Body Compatibility -> Functionality, Fit, and Wearability -> Functional Fit and Wearability"
Functional Fit and Wearability,Flowy stretchy comfort,1,"Flowy stretchy comfort -> Comfort, softness, and everyday wearability -> Fabric, Material Feel, Comfort, and Wearability -> Fabric, Material Feel, Comfort, and Wearability -> Functionality, Fit, and Wearability -> Functional Fit and Wearability"
Functional Fit and Wearability,Form-fitting silhouette,1,"Form-fitting silhouette -> Fit, sizing, and proportions -> Fit, Sizing, Proportion, and Body Compatibility -> Fit, Sizing, Silhouette, Coverage, and Body Compatibility -> Functionality, Fit, and Wearability -> Functional Fit and Wearability"
Functional Fit and Wearability,Fraying adds uniqueness,1,"Fraying adds uniqueness -> Neckline, silhouette, and flattering appearance -> Fit, Sizing, Proportion, and Body Compatibility -> Fit, Sizing, Silhouette, Coverage, and Body Compatibility -> Functionality, Fit, and Wearability -> Functional Fit and Wearability"
Functional Fit and Wearability,Frequent wear satisfaction,1,"Frequent wear satisfaction -> Comfort, warmth, and wearability -> Fabric, Material Feel, Comfort, and Wearability -> Fabric, Material Feel, Comfort, and Wearability -> Functionality, Fit, and Wearability -> Functional Fit and Wearability"
Functional Fit and Wearability,"Fresh, airy warm-weather top",1,"Fresh, airy warm-weather top -> Fabric feel, breathability, and wearability -> Comfort, Fabric, and Wearability -> Fabric, Material Feel, Comfort, and Wearability -> Functionality, Fit, and Wearability -> Functional Fit and Wearability"
Functional Fit and Wearability,Front gaps require layering,1,"Front gaps require layering -> Versatility, layering, and seasonal suitability -> Versatility, Styling, Layering, and Occasion Suitability -> Versatility, Coordination, Occasion Suitability, and Functionality -> Functionality, Fit, and Wearability -> Functional Fit and Wearability"
Functional Fit and Wearability,Front gaps wider than pictured,1,"Front gaps wider than pictured -> Fit, sizing, and silhouette -> Fit, Sizing, Proportion, and Body Compatibility -> Fit, Sizing, Silhouette, Coverage, and Body Compatibility -> Functionality, Fit, and Wearability -> Functional Fit and Wearability"
Functional Fit and Wearability,Front hip bunching,1,"Front hip bunching -> Fit, sizing, and proportions -> Fit, Sizing, Proportion, and Body Compatibility -> Fit, Sizing, Silhouette, Coverage, and Body Compatibility -> Functionality, Fit, and Wearability -> Functional Fit and Wearability"
Functional Fit and Wearability,Front pleats add bulk,1,"Front pleats add bulk -> Flattering and Unflattering Design Effects -> Fit, Sizing, Proportion, and Body Compatibility -> Fit, Sizing, Silhouette, Coverage, and Body Compatibility -> Functionality, Fit, and Wearability -> Functional Fit and Wearability"
Functional Fit and Wearability,Front ruching adds appeal,1,"Front ruching adds appeal -> Style, silhouette, and design appeal -> Fit, Silhouette, Coverage, and Proportion -> Fit, Sizing, Silhouette, Coverage, and Body Compatibility -> Functionality, Fit, and Wearability -> Functional Fit and Wearability"
Functional Fit and Wearability,Front ruffle detail,1,"Front ruffle detail -> Neckline, silhouette, and flattering appearance -> Fit, Sizing, Proportion, and Body Compatibility -> Fit, Sizing, Silhouette, Coverage, and Body Compatibility -> Functionality, Fit, and Wearability -> Functional Fit and Wearability"
Functional Fit and Wearability,Full shorter fit,1,"Full shorter fit -> Fit, sizing, and proportions -> Fit, Sizing, Proportion, and Body Compatibility -> Fit, Sizing, Silhouette, Coverage, and Body Compatibility -> Functionality, Fit, and Wearability -> Functional Fit and Wearability"
Functional Fit and Wearability,Fun outfit versatility,1,"Fun outfit versatility -> Versatility and styling utility -> Versatility, Styling, Layering, and Occasion Suitability -> Versatility, Coordination, Occasion Suitability, and Functionality -> Functionality, Fit, and Wearability -> Functional Fit and Wearability"
Functional Fit and Wearability,"Fun, occasion-flexible wear",1,"Fun, occasion-flexible wear -> Style versatility and outfit coordination -> Style Versatility, Coordination, and Functionality -> Versatility, Coordination, Occasion Suitability, and Functionality -> Functionality, Fit, and Wearability -> Functional Fit and Wearability"
Functional Fit and Wearability,Functional pockets,1,"Functional pockets -> Design details and functionality -> Functionality, Coverage, and Practical Garment Features -> Versatility, Coordination, Occasion Suitability, and Functionality -> Functionality, Fit, and Wearability -> Functional Fit and Wearability"
Functional Fit and Wearability,Garment hangs longer on shorter wearers,1,"Garment hangs longer on shorter wearers -> Fit, sizing, and garment proportions -> Fit, Sizing, Proportion, and Body Compatibility -> Fit, Sizing, Silhouette, Coverage, and Body Compatibility -> Functionality, Fit, and Wearability -> Functional Fit and Wearability"
Functional Fit and Wearability,Garment requires frequent tugging,1,"Garment requires frequent tugging -> Fit, sizing, and silhouette -> Fit, Sizing, Proportion, and Body Compatibility -> Fit, Sizing, Silhouette, Coverage, and Body Compatibility -> Functionality, Fit, and Wearability -> Functional Fit and Wearability"
Functional Fit and Wearability,Garment runs large,1,"Garment runs large -> Fit, Sizing, and Proportion -> Fit, Sizing, Proportion, and Body Compatibility -> Fit, Sizing, Silhouette, Coverage, and Body Compatibility -> Functionality, Fit, and Wearability -> Functional Fit and Wearability"
Functional Fit and Wearability,Generous body fullness,1,"Generous body fullness -> Fit, sizing, and body-shape compatibility -> Fit, Sizing, Proportion, and Body Compatibility -> Fit, Sizing, Silhouette, Coverage, and Body Compatibility -> Functionality, Fit, and Wearability -> Functional Fit and Wearability"
Functional Fit and Wearability,Generous fit,1,"Generous fit -> Fit, sizing, and body-shape compatibility -> Fit, Sizing, Proportion, and Body Compatibility -> Fit, Sizing, Silhouette, Coverage, and Body Compatibility -> Functionality, Fit, and Wearability -> Functional Fit and Wearability"
Functional Fit and Wearability,Good drape,1,"Good drape -> Fabric comfort, warmth, and wearability -> Fabric, Material Feel, Comfort, and Wearability -> Fabric, Material Feel, Comfort, and Wearability -> Functionality, Fit, and Wearability -> Functional Fit and Wearability"
Functional Fit and Wearability,Good fit and back ruffle,1,"Good fit and back ruffle -> Fit, sizing, and body-proportion compatibility -> Fit, Silhouette, Coverage, and Proportion -> Fit, Sizing, Silhouette, Coverage, and Body Compatibility -> Functionality, Fit, and Wearability -> Functional Fit and Wearability"
Functional Fit and Wearability,Good fit despite sizing constraint,1,"Good fit despite sizing constraint -> Fit, sizing, and silhouette -> Fit, Sizing, Proportion, and Body Compatibility -> Fit, Sizing, Silhouette, Coverage, and Body Compatibility -> Functionality, Fit, and Wearability -> Functional Fit and Wearability"
Functional Fit and Wearability,Good fit in chosen size,1,"Good fit in chosen size -> Fit, sizing, and body-proportion compatibility -> Fit, Silhouette, Coverage, and Proportion -> Fit, Sizing, Silhouette, Coverage, and Body Compatibility -> Functionality, Fit, and Wearability -> Functional Fit and Wearability"
Functional Fit and Wearability,Good fit in medium,1,"Good fit in medium -> Fit, sizing, and silhouette -> Fit, Sizing, Proportion, and Body Compatibility -> Fit, Sizing, Silhouette, Coverage, and Body Compatibility -> Functionality, Fit, and Wearability -> Functional Fit and Wearability"
Functional Fit and Wearability,Good fit in small,1,"Good fit in small -> Fit, sizing, and garment proportions -> Fit, Sizing, Proportion, and Body Compatibility -> Fit, Sizing, Silhouette, Coverage, and Body Compatibility -> Functionality, Fit, and Wearability -> Functional Fit and Wearability"
Functional Fit and Wearability,Good garment weight and movement,1,"Good garment weight and movement -> Comfort, fabric feel, and wearability -> Comfort, Fabric, and Wearability -> Fabric, Material Feel, Comfort, and Wearability -> Functionality, Fit, and Wearability -> Functional Fit and Wearability"
Functional Fit and Wearability,Good hip fit,1,"Good hip fit -> Fit, Sizing, and Proportion -> Fit, Sizing, Proportion, and Body Compatibility -> Fit, Sizing, Silhouette, Coverage, and Body Compatibility -> Functionality, Fit, and Wearability -> Functional Fit and Wearability"
Functional Fit and Wearability,Good hip-length fit,1,"Good hip-length fit -> Fit, sizing, and proportions -> Fit, Sizing, Proportion, and Body Compatibility -> Fit, Sizing, Silhouette, Coverage, and Body Compatibility -> Functionality, Fit, and Wearability -> Functional Fit and Wearability"
Functional Fit and Wearability,Good knee-length fit,1,"Good knee-length fit -> Fit, sizing, and silhouette -> Fit, Sizing, Proportion, and Body Compatibility -> Fit, Sizing, Silhouette, Coverage, and Body Compatibility -> Functionality, Fit, and Wearability -> Functional Fit and Wearability"
Functional Fit and Wearability,Good length for colder seasons,1,"Good length for colder seasons -> Versatility, layering, and seasonal suitability -> Versatility, Styling, Layering, and Occasion Suitability -> Versatility, Coordination, Occasion Suitability, and Functionality -> Functionality, Fit, and Wearability -> Functional Fit and Wearability"
Functional Fit and Wearability,Good length for tall wearer,1,"Good length for tall wearer -> Fit, sizing, and proportions -> Fit, Sizing, Proportion, and Body Compatibility -> Fit, Sizing, Silhouette, Coverage, and Body Compatibility -> Functionality, Fit, and Wearability -> Functional Fit and Wearability"
Functional Fit and Wearability,Good length for tall wearers,1,"Good length for tall wearers -> Length, Coverage, and Proportion -> Fit, Sizing, Proportion, and Body Compatibility -> Fit, Sizing, Silhouette, Coverage, and Body Compatibility -> Functionality, Fit, and Wearability -> Functional Fit and Wearability"
Functional Fit and Wearability,Good overall fit,1,"Good overall fit -> Fit, Sizing, and Body Shape -> Fit, Sizing, Proportion, and Body Compatibility -> Fit, Sizing, Silhouette, Coverage, and Body Compatibility -> Functionality, Fit, and Wearability -> Functional Fit and Wearability"
Functional Fit and Wearability,Good overall fit except chest,1,"Good overall fit except chest -> Fit, sizing, and proportions -> Fit, Sizing, Proportion, and Body Compatibility -> Fit, Sizing, Silhouette, Coverage, and Body Compatibility -> Functionality, Fit, and Wearability -> Functional Fit and Wearability"
Functional Fit and Wearability,Good shoulder and arm fit,1,"Good shoulder and arm fit -> Fit, sizing, and proportions -> Fit, Sizing, Proportion, and Body Compatibility -> Fit, Sizing, Silhouette, Coverage, and Body Compatibility -> Functionality, Fit, and Wearability -> Functional Fit and Wearability"
Functional Fit and Wearability,Good shoulder fit,1,"Good shoulder fit -> Fit, Silhouette, and Body-Proportion Experience -> Fit, Sizing, Proportion, and Body Compatibility -> Fit, Sizing, Silhouette, Coverage, and Body Compatibility -> Functionality, Fit, and Wearability -> Functional Fit and Wearability"
Functional Fit and Wearability,Great fit,1,"Great fit -> Fit, sizing, and garment proportions -> Fit, Sizing, Proportion, and Body Compatibility -> Fit, Sizing, Silhouette, Coverage, and Body Compatibility -> Functionality, Fit, and Wearability -> Functional Fit and Wearability"
Functional Fit and Wearability,Hangs well untied,1,"Hangs well untied -> Garment Length and Coverage -> Fit, Silhouette, Coverage, and Proportion -> Fit, Sizing, Silhouette, Coverage, and Body Compatibility -> Functionality, Fit, and Wearability -> Functional Fit and Wearability"
Functional Fit and Wearability,Heavy and warm fabric,1,"Heavy and warm fabric -> Fabric Feel, Comfort, and Wearability -> Fabric, Material Feel, Comfort, and Wearability -> Fabric, Material Feel, Comfort, and Wearability -> Functionality, Fit, and Wearability -> Functional Fit and Wearability"
Functional Fit and Wearability,Hem falls below knees,1,"Hem falls below knees -> Fit, sizing, and garment proportions -> Fit, Sizing, Proportion, and Body Compatibility -> Fit, Sizing, Silhouette, Coverage, and Body Compatibility -> Functionality, Fit, and Wearability -> Functional Fit and Wearability"
Functional Fit and Wearability,Hem length suits tall wearer,1,"Hem length suits tall wearer -> Length and proportion -> Fit, Sizing, Proportion, and Body Compatibility -> Fit, Sizing, Silhouette, Coverage, and Body Compatibility -> Functionality, Fit, and Wearability -> Functional Fit and Wearability"
Functional Fit and Wearability,Hem longer than model,1,"Hem longer than model -> Flattering silhouette and shape definition -> Fit, Silhouette, Coverage, and Proportion -> Fit, Sizing, Silhouette, Coverage, and Body Compatibility -> Functionality, Fit, and Wearability -> Functional Fit and Wearability"
Functional Fit and Wearability,Hem more pronounced,1,"Hem more pronounced -> Length and proportion -> Fit, Sizing, Proportion, and Body Compatibility -> Fit, Sizing, Silhouette, Coverage, and Body Compatibility -> Functionality, Fit, and Wearability -> Functional Fit and Wearability"
Functional Fit and Wearability,Hides lower-body flaws,1,"Hides lower-body flaws -> Fit, sizing, and garment proportions -> Fit, Sizing, Proportion, and Body Compatibility -> Fit, Sizing, Silhouette, Coverage, and Body Compatibility -> Functionality, Fit, and Wearability -> Functional Fit and Wearability"
Functional Fit and Wearability,High expected wear,1,"High expected wear -> Versatility and Occasion Suitability -> Versatility, Styling, Layering, and Occasion Suitability -> Versatility, Coordination, Occasion Suitability, and Functionality -> Functionality, Fit, and Wearability -> Functional Fit and Wearability"
Functional Fit and Wearability,High waist complicates belt styling,1,"High waist complicates belt styling -> Seasonal and Lifestyle Versatility -> Versatility, Styling, Layering, and Occasion Suitability -> Versatility, Coordination, Occasion Suitability, and Functionality -> Functionality, Fit, and Wearability -> Functional Fit and Wearability"
Functional Fit and Wearability,High waist sits under bust,1,"High waist sits under bust -> Silhouette and shape appeal or dissatisfaction -> Fit, Sizing, Proportion, and Body Compatibility -> Fit, Sizing, Silhouette, Coverage, and Body Compatibility -> Functionality, Fit, and Wearability -> Functional Fit and Wearability"
Functional Fit and Wearability,High-low skirt appreciated,1,"High-low skirt appreciated -> Style, appearance, and versatility -> Style Versatility, Coordination, and Functionality -> Versatility, Coordination, Occasion Suitability, and Functionality -> Functionality, Fit, and Wearability -> Functional Fit and Wearability"
Functional Fit and Wearability,High-quality linen fabric,1,"High-quality linen fabric -> Comfort, softness, and wearability -> Comfort, Fabric, and Wearability -> Fabric, Material Feel, Comfort, and Wearability -> Functionality, Fit, and Wearability -> Functional Fit and Wearability"
Functional Fit and Wearability,High-waisted cut,1,"High-waisted cut -> Fit, sizing, and body-shape compatibility -> Fit, Sizing, Proportion, and Body Compatibility -> Fit, Sizing, Silhouette, Coverage, and Body Compatibility -> Functionality, Fit, and Wearability -> Functional Fit and Wearability"
Functional Fit and Wearability,High-waisted fit,1,"High-waisted fit -> Fit, sizing, and garment proportions -> Fit, Sizing, Proportion, and Body Compatibility -> Fit, Sizing, Silhouette, Coverage, and Body Compatibility -> Functionality, Fit, and Wearability -> Functional Fit and Wearability"
Functional Fit and Wearability,Higher-than-expected neckline,1,"Higher-than-expected neckline -> Neckline, silhouette, and flattering appearance -> Fit, Sizing, Proportion, and Body Compatibility -> Fit, Sizing, Silhouette, Coverage, and Body Compatibility -> Functionality, Fit, and Wearability -> Functional Fit and Wearability"
Functional Fit and Wearability,Highly stretchy fabric,1,"Highly stretchy fabric -> Comfort and wearability -> Comfort, Fabric, and Wearability -> Fabric, Material Feel, Comfort, and Wearability -> Functionality, Fit, and Wearability -> Functional Fit and Wearability"
Functional Fit and Wearability,Highly wearable favorite,1,"Highly wearable favorite -> Versatility and occasion suitability -> Versatility, Styling, Layering, and Occasion Suitability -> Versatility, Coordination, Occasion Suitability, and Functionality -> Functionality, Fit, and Wearability -> Functional Fit and Wearability"
Functional Fit and Wearability,Hips fit perfectly,1,"Hips fit perfectly -> Fit, Sizing, and Proportions -> Fit, Sizing, Proportion, and Body Compatibility -> Fit, Sizing, Silhouette, Coverage, and Body Compatibility -> Functionality, Fit, and Wearability -> Functional Fit and Wearability"
Functional Fit and Wearability,Hips too roomy,1,"Hips too roomy -> Fit, sizing, and garment proportions -> Fit, Sizing, Proportion, and Body Compatibility -> Fit, Sizing, Silhouette, Coverage, and Body Compatibility -> Functionality, Fit, and Wearability -> Functional Fit and Wearability"
Functional Fit and Wearability,Holiday party suitability,1,"Holiday party suitability -> Styling, occasions, and wearability -> Style Versatility, Coordination, and Functionality -> Versatility, Coordination, Occasion Suitability, and Functionality -> Functionality, Fit, and Wearability -> Functional Fit and Wearability"
Functional Fit and Wearability,Ideal dress length,1,"Ideal dress length -> Fit, Sizing, and Proportions -> Fit, Sizing, Proportion, and Body Compatibility -> Fit, Sizing, Silhouette, Coverage, and Body Compatibility -> Functionality, Fit, and Wearability -> Functional Fit and Wearability"
Functional Fit and Wearability,Ideal fabric weight,1,"Ideal fabric weight -> Comfort, Fabric, and Wearability -> Fabric, Material Feel, Comfort, and Wearability -> Fabric, Material Feel, Comfort, and Wearability -> Functionality, Fit, and Wearability -> Functional Fit and Wearability"
Functional Fit and Wearability,Ideal for layering,1,"Ideal for layering -> Styling versatility and occasion suitability -> Versatility, Styling, Layering, and Occasion Suitability -> Versatility, Coordination, Occasion Suitability, and Functionality -> Functionality, Fit, and Wearability -> Functional Fit and Wearability"
Functional Fit and Wearability,Ideal for summer travel,1,"Ideal for summer travel -> Versatility and Occasion Suitability -> Versatility, Styling, Layering, and Occasion Suitability -> Versatility, Coordination, Occasion Suitability, and Functionality -> Functionality, Fit, and Wearability -> Functional Fit and Wearability"
Functional Fit and Wearability,Ideal moderate-weather warmth,1,"Ideal moderate-weather warmth -> Styling, occasions, and wearability -> Style Versatility, Coordination, and Functionality -> Versatility, Coordination, Occasion Suitability, and Functionality -> Functionality, Fit, and Wearability -> Functional Fit and Wearability"
Functional Fit and Wearability,Ideal stretch,1,"Ideal stretch -> Comfort, fabric, and wearability -> Comfort, Fabric, and Wearability -> Fabric, Material Feel, Comfort, and Wearability -> Functionality, Fit, and Wearability -> Functional Fit and Wearability"
Functional Fit and Wearability,Inclusive fit across body types,1,"Inclusive fit across body types -> Fit, sizing, and body-shape compatibility -> Fit, Sizing, Proportion, and Body Compatibility -> Fit, Sizing, Silhouette, Coverage, and Body Compatibility -> Functionality, Fit, and Wearability -> Functional Fit and Wearability"
Functional Fit and Wearability,Inconsistent fit across brand,1,"Inconsistent fit across brand -> Fit, sizing, and silhouette -> Fit, Sizing, Proportion, and Body Compatibility -> Fit, Sizing, Silhouette, Coverage, and Body Compatibility -> Functionality, Fit, and Wearability -> Functional Fit and Wearability"
Functional Fit and Wearability,Inconsistent sizing,1,"Inconsistent sizing -> Fit, sizing, and garment proportions -> Fit, Sizing, Proportion, and Body Compatibility -> Fit, Sizing, Silhouette, Coverage, and Body Compatibility -> Functionality, Fit, and Wearability -> Functional Fit and Wearability"
Functional Fit and Wearability,Inconsistent sizing across sizes,1,"Inconsistent sizing across sizes -> Fit, sizing, and silhouette -> Fit, Sizing, Proportion, and Body Compatibility -> Fit, Sizing, Silhouette, Coverage, and Body Compatibility -> Functionality, Fit, and Wearability -> Functional Fit and Wearability"
Functional Fit and Wearability,Inconsistent sizing experiences,1,"Inconsistent sizing experiences -> Fit, sizing, length, and coverage -> Fit, Sizing, Proportion, and Body Compatibility -> Fit, Sizing, Silhouette, Coverage, and Body Compatibility -> Functionality, Fit, and Wearability -> Functional Fit and Wearability"
Functional Fit and Wearability,Initial fit too tight,1,"Initial fit too tight -> Fit, sizing, length, and coverage -> Fit, Sizing, Proportion, and Body Compatibility -> Fit, Sizing, Silhouette, Coverage, and Body Compatibility -> Functionality, Fit, and Wearability -> Functional Fit and Wearability"
Functional Fit and Wearability,Inseam much longer than advertised,1,"Inseam much longer than advertised -> Fit, sizing, and garment proportions -> Fit, Sizing, Proportion, and Body Compatibility -> Fit, Sizing, Silhouette, Coverage, and Body Compatibility -> Functionality, Fit, and Wearability -> Functional Fit and Wearability"
Functional Fit and Wearability,Insufficient breast coverage,1,"Insufficient breast coverage -> Coverage, Opacity, and Garment Functionality -> Functionality, Coverage, and Practical Garment Features -> Versatility, Coordination, Occasion Suitability, and Functionality -> Functionality, Fit, and Wearability -> Functional Fit and Wearability"
Functional Fit and Wearability,Insufficient layering room,1,"Insufficient layering room -> Coverage, layering, and styling functionality -> Fit, Silhouette, Coverage, and Proportion -> Fit, Sizing, Silhouette, Coverage, and Body Compatibility -> Functionality, Fit, and Wearability -> Functional Fit and Wearability"
Functional Fit and Wearability,Insufficient pocket depth,1,"Insufficient pocket depth -> Practical Features and Functionality -> Functionality, Coverage, and Practical Garment Features -> Versatility, Coordination, Occasion Suitability, and Functionality -> Functionality, Fit, and Wearability -> Functional Fit and Wearability"
Functional Fit and Wearability,Insufficient softness,1,"Insufficient softness -> Comfort, Feel, and Wearability -> Fabric, Material Feel, Comfort, and Wearability -> Fabric, Material Feel, Comfort, and Wearability -> Functionality, Fit, and Wearability -> Functional Fit and Wearability"
Functional Fit and Wearability,Insufficient support,1,"Insufficient support -> Fit, sizing, and body-shape compatibility -> Fit, Sizing, Proportion, and Body Compatibility -> Fit, Sizing, Silhouette, Coverage, and Body Compatibility -> Functionality, Fit, and Wearability -> Functional Fit and Wearability"
Functional Fit and Wearability,Insufficient winter insulation,1,"Insufficient winter insulation -> Practical performance and functionality -> Style Versatility, Coordination, and Functionality -> Versatility, Coordination, Occasion Suitability, and Functionality -> Functionality, Fit, and Wearability -> Functional Fit and Wearability"
Functional Fit and Wearability,Interest in multiple colors,1,"Interest in multiple colors -> Versatility and Ease of Styling -> Versatility, Styling, Layering, and Occasion Suitability -> Versatility, Coordination, Occasion Suitability, and Functionality -> Functionality, Fit, and Wearability -> Functional Fit and Wearability"
Functional Fit and Wearability,Itchy retailer tag,1,"Itchy retailer tag -> Comfort, Fabric, and Wearability -> Fabric, Material Feel, Comfort, and Wearability -> Fabric, Material Feel, Comfort, and Wearability -> Functionality, Fit, and Wearability -> Functional Fit and Wearability"
Functional Fit and Wearability,Itchy tags cause discomfort,1,"Itchy tags cause discomfort -> Comfort and wearability -> Comfort, Fabric, and Wearability -> Fabric, Material Feel, Comfort, and Wearability -> Functionality, Fit, and Wearability -> Functional Fit and Wearability"
Functional Fit and Wearability,Itchy wool at neck,1,"Itchy wool at neck -> Comfort, softness, and wearability -> Comfort, Fabric, and Wearability -> Fabric, Material Feel, Comfort, and Wearability -> Functionality, Fit, and Wearability -> Functional Fit and Wearability"
Functional Fit and Wearability,Keeps despite fit concerns,1,"Keeps despite fit concerns -> Flattering silhouette and shape definition -> Fit, Silhouette, Coverage, and Proportion -> Fit, Sizing, Silhouette, Coverage, and Body Compatibility -> Functionality, Fit, and Wearability -> Functional Fit and Wearability"
Functional Fit and Wearability,Keeps wearer cool,1,"Keeps wearer cool -> Comfort, fabric, and wearability -> Comfort, Fabric, and Wearability -> Fabric, Material Feel, Comfort, and Wearability -> Functionality, Fit, and Wearability -> Functional Fit and Wearability"
Functional Fit and Wearability,Knee-length fit for petite height,1,"Knee-length fit for petite height -> Flattering fit, sizing accuracy, and proportion -> Fit, Sizing, Proportion, and Body Compatibility -> Fit, Sizing, Silhouette, Coverage, and Body Compatibility -> Functionality, Fit, and Wearability -> Functional Fit and Wearability"
Functional Fit and Wearability,Knit fabric provides flexibility,1,"Knit fabric provides flexibility -> Comfort, fabric feel, and wearability -> Comfort, Fabric, and Wearability -> Fabric, Material Feel, Comfort, and Wearability -> Functionality, Fit, and Wearability -> Functional Fit and Wearability"
Functional Fit and Wearability,Knit is too thin,1,"Knit is too thin -> Material handfeel and structure -> Fabric, Material Feel, Comfort, and Wearability -> Fabric, Material Feel, Comfort, and Wearability -> Functionality, Fit, and Wearability -> Functional Fit and Wearability"
Functional Fit and Wearability,Lace-up design reveals too much,1,"Lace-up design reveals too much -> Coverage, Opacity, and Garment Functionality -> Functionality, Coverage, and Practical Garment Features -> Versatility, Coordination, Occasion Suitability, and Functionality -> Functionality, Fit, and Wearability -> Functional Fit and Wearability"
Functional Fit and Wearability,Lacks flattering structure,1,"Lacks flattering structure -> Fit, sizing, and silhouette -> Fit, Sizing, Proportion, and Body Compatibility -> Fit, Sizing, Silhouette, Coverage, and Body Compatibility -> Functionality, Fit, and Wearability -> Functional Fit and Wearability"
Functional Fit and Wearability,Lacks pockets,1,"Lacks pockets -> Coverage, layering, and garment functionality -> Versatility, Styling, Layering, and Occasion Suitability -> Versatility, Coordination, Occasion Suitability, and Functionality -> Functionality, Fit, and Wearability -> Functional Fit and Wearability"
Functional Fit and Wearability,Lacks tailored appearance,1,"Lacks tailored appearance -> Neckline, silhouette, and flattering appearance -> Fit, Sizing, Proportion, and Body Compatibility -> Fit, Sizing, Silhouette, Coverage, and Body Compatibility -> Functionality, Fit, and Wearability -> Functional Fit and Wearability"
Functional Fit and Wearability,Lacks waist definition,1,"Lacks waist definition -> Silhouette and shape appeal or dissatisfaction -> Fit, Sizing, Proportion, and Body Compatibility -> Fit, Sizing, Silhouette, Coverage, and Body Compatibility -> Functionality, Fit, and Wearability -> Functional Fit and Wearability"
Functional Fit and Wearability,Large-chest sizing concern,1,"Large-chest sizing concern -> Fit, sizing, and body-shape compatibility -> Fit, Sizing, Proportion, and Body Compatibility -> Fit, Sizing, Silhouette, Coverage, and Body Compatibility -> Functionality, Fit, and Wearability -> Functional Fit and Wearability"
Functional Fit and Wearability,Larger bust creates fit difficulty,1,"Larger bust creates fit difficulty -> Fit, Silhouette, and Body-Proportion Experience -> Fit, Sizing, Proportion, and Body Compatibility -> Fit, Sizing, Silhouette, Coverage, and Body Compatibility -> Functionality, Fit, and Wearability -> Functional Fit and Wearability"
Functional Fit and Wearability,Larger busts need sizing up,1,"Larger busts need sizing up -> Fit, sizing, length, and coverage -> Fit, Sizing, Proportion, and Body Compatibility -> Fit, Sizing, Silhouette, Coverage, and Body Compatibility -> Functionality, Fit, and Wearability -> Functional Fit and Wearability"
Functional Fit and Wearability,Larger size fits perfectly,1,"Larger size fits perfectly -> Fit, sizing, and body-shape compatibility -> Fit, Sizing, Proportion, and Body Compatibility -> Fit, Sizing, Silhouette, Coverage, and Body Compatibility -> Functionality, Fit, and Wearability -> Functional Fit and Wearability"
Functional Fit and Wearability,Larger size fits well,1,"Larger size fits well -> Fit, sizing, and garment proportions -> Fit, Sizing, Proportion, and Body Compatibility -> Fit, Sizing, Silhouette, Coverage, and Body Compatibility -> Functionality, Fit, and Wearability -> Functional Fit and Wearability"
Functional Fit and Wearability,Larger size improved fit,1,"Larger size improved fit -> Fit, sizing, and garment proportions -> Fit, Sizing, Proportion, and Body Compatibility -> Fit, Sizing, Silhouette, Coverage, and Body Compatibility -> Functionality, Fit, and Wearability -> Functional Fit and Wearability"
Functional Fit and Wearability,Laundered droopy fabric,1,"Laundered droopy fabric -> Fabric Feel, Comfort, and Wearability -> Fabric, Material Feel, Comfort, and Wearability -> Fabric, Material Feel, Comfort, and Wearability -> Functionality, Fit, and Wearability -> Functional Fit and Wearability"
Functional Fit and Wearability,Layered look appreciated,1,"Layered look appreciated -> Style versatility and outfit coordination -> Style Versatility, Coordination, and Functionality -> Versatility, Coordination, Occasion Suitability, and Functionality -> Functionality, Fit, and Wearability -> Functional Fit and Wearability"
Functional Fit and Wearability,Layering alters garment shape,1,"Layering alters garment shape -> Style, silhouette, and design appeal -> Fit, Silhouette, Coverage, and Proportion -> Fit, Sizing, Silhouette, Coverage, and Body Compatibility -> Functionality, Fit, and Wearability -> Functional Fit and Wearability"
Functional Fit and Wearability,Layering camisole for comfort,1,"Layering camisole for comfort -> Comfort, softness, and everyday wearability -> Fabric, Material Feel, Comfort, and Wearability -> Fabric, Material Feel, Comfort, and Wearability -> Functionality, Fit, and Wearability -> Functional Fit and Wearability"
Functional Fit and Wearability,Layering improves work appropriateness,1,"Layering improves work appropriateness -> Coverage, Opacity, and Garment Functionality -> Functionality, Coverage, and Practical Garment Features -> Versatility, Coordination, Occasion Suitability, and Functionality -> Functionality, Fit, and Wearability -> Functional Fit and Wearability"
Functional Fit and Wearability,Layering with button-down shirts,1,"Layering with button-down shirts -> Comfort, wearability, and layering -> Comfort, Fabric, and Wearability -> Fabric, Material Feel, Comfort, and Wearability -> Functionality, Fit, and Wearability -> Functional Fit and Wearability"
Functional Fit and Wearability,Legging-friendly length,1,"Legging-friendly length -> Seasonal and Lifestyle Versatility -> Versatility, Styling, Layering, and Occasion Suitability -> Versatility, Coordination, Occasion Suitability, and Functionality -> Functionality, Fit, and Wearability -> Functional Fit and Wearability"
Functional Fit and Wearability,Length and volume overwhelm,1,"Length and volume overwhelm -> Fit, sizing, and garment proportions -> Fit, Sizing, Proportion, and Body Compatibility -> Fit, Sizing, Silhouette, Coverage, and Body Compatibility -> Functionality, Fit, and Wearability -> Functional Fit and Wearability"
Functional Fit and Wearability,Length concerns for tall shopper,1,"Length concerns for tall shopper -> Fit, sizing, length, and coverage -> Fit, Sizing, Proportion, and Body Compatibility -> Fit, Sizing, Silhouette, Coverage, and Body Compatibility -> Functionality, Fit, and Wearability -> Functional Fit and Wearability"
Functional Fit and Wearability,Length differs from photos,1,"Length differs from photos -> Garment Length and Coverage -> Fit, Silhouette, Coverage, and Proportion -> Fit, Sizing, Silhouette, Coverage, and Body Compatibility -> Functionality, Fit, and Wearability -> Functional Fit and Wearability"
Functional Fit and Wearability,Length drives return consideration,1,"Length drives return consideration -> Garment Length and Coverage -> Fit, Silhouette, Coverage, and Proportion -> Fit, Sizing, Silhouette, Coverage, and Body Compatibility -> Functionality, Fit, and Wearability -> Functional Fit and Wearability"
Functional Fit and Wearability,Length longer than preferred,1,"Length longer than preferred -> Garment Length and Coverage -> Fit, Silhouette, Coverage, and Proportion -> Fit, Sizing, Silhouette, Coverage, and Body Compatibility -> Functionality, Fit, and Wearability -> Functional Fit and Wearability"
Functional Fit and Wearability,Length matches model,1,"Length matches model -> Flattering fit, sizing accuracy, and proportion -> Fit, Sizing, Proportion, and Body Compatibility -> Fit, Sizing, Silhouette, Coverage, and Body Compatibility -> Functionality, Fit, and Wearability -> Functional Fit and Wearability"
Functional Fit and Wearability,Length preference fulfilled,1,"Length preference fulfilled -> Fit, Sizing, and Proportion -> Fit, Sizing, Proportion, and Body Compatibility -> Fit, Sizing, Silhouette, Coverage, and Body Compatibility -> Functionality, Fit, and Wearability -> Functional Fit and Wearability"
Functional Fit and Wearability,Length slightly too short,1,"Length slightly too short -> Fit, Sizing, and Proportion -> Fit, Sizing, Proportion, and Body Compatibility -> Fit, Sizing, Silhouette, Coverage, and Body Compatibility -> Functionality, Fit, and Wearability -> Functional Fit and Wearability"
Functional Fit and Wearability,Length supports tucking,1,"Length supports tucking -> Fit, sizing, and garment proportions -> Fit, Sizing, Proportion, and Body Compatibility -> Fit, Sizing, Silhouette, Coverage, and Body Compatibility -> Functionality, Fit, and Wearability -> Functional Fit and Wearability"
Functional Fit and Wearability,Length too short for tall wearer,1,"Length too short for tall wearer -> Fit, sizing, length, and coverage -> Fit, Sizing, Proportion, and Body Compatibility -> Fit, Sizing, Silhouette, Coverage, and Body Compatibility -> Functionality, Fit, and Wearability -> Functional Fit and Wearability"
Functional Fit and Wearability,Length varies by size,1,"Length varies by size -> Fit, sizing, and proportions -> Fit, Sizing, Proportion, and Body Compatibility -> Fit, Sizing, Silhouette, Coverage, and Body Compatibility -> Functionality, Fit, and Wearability -> Functional Fit and Wearability"
Functional Fit and Wearability,Length varies by wearer height,1,"Length varies by wearer height -> Fit, sizing, and proportions -> Fit, Sizing, Proportion, and Body Compatibility -> Fit, Sizing, Silhouette, Coverage, and Body Compatibility -> Functionality, Fit, and Wearability -> Functional Fit and Wearability"
Functional Fit and Wearability,Less cozy than expected,1,"Less cozy than expected -> Fabric Feel, Comfort, and Wearability -> Fabric, Material Feel, Comfort, and Wearability -> Fabric, Material Feel, Comfort, and Wearability -> Functionality, Fit, and Wearability -> Functional Fit and Wearability"
Functional Fit and Wearability,Less fitted than model,1,"Less fitted than model -> Fit, sizing, and silhouette -> Fit, Sizing, Proportion, and Body Compatibility -> Fit, Sizing, Silhouette, Coverage, and Body Compatibility -> Functionality, Fit, and Wearability -> Functional Fit and Wearability"
Functional Fit and Wearability,Less flattering than expected,1,"Less flattering than expected -> Fit, sizing, and silhouette -> Fit, Sizing, Proportion, and Body Compatibility -> Fit, Sizing, Silhouette, Coverage, and Body Compatibility -> Functionality, Fit, and Wearability -> Functional Fit and Wearability"
Functional Fit and Wearability,Less scratchy than expected,1,"Less scratchy than expected -> Comfort, wearability, and layering -> Comfort, Fabric, and Wearability -> Fabric, Material Feel, Comfort, and Wearability -> Functionality, Fit, and Wearability -> Functional Fit and Wearability"
Functional Fit and Wearability,Light and airy fabric,1,"Light and airy fabric -> Fabric Comfort, Feel, and Weight -> Fabric, Material Feel, Comfort, and Wearability -> Fabric, Material Feel, Comfort, and Wearability -> Functionality, Fit, and Wearability -> Functional Fit and Wearability"
Functional Fit and Wearability,"Light, airy design",1,"Light, airy design -> Comfort and wearability -> Comfort, Fabric, and Wearability -> Fabric, Material Feel, Comfort, and Wearability -> Functionality, Fit, and Wearability -> Functional Fit and Wearability"
Functional Fit and Wearability,Lightweight boiled wool texture,1,"Lightweight boiled wool texture -> Comfort, softness, and wearability -> Comfort, Fabric, and Wearability -> Fabric, Material Feel, Comfort, and Wearability -> Functionality, Fit, and Wearability -> Functional Fit and Wearability"
Functional Fit and Wearability,Lightweight comfortable material,1,"Lightweight comfortable material -> Comfort, softness, and everyday wearability -> Fabric, Material Feel, Comfort, and Wearability -> Fabric, Material Feel, Comfort, and Wearability -> Functionality, Fit, and Wearability -> Functional Fit and Wearability"
Functional Fit and Wearability,Lightweight construction,1,"Lightweight construction -> Fabric feel, comfort, and wearability -> Comfort, Fabric, and Wearability -> Fabric, Material Feel, Comfort, and Wearability -> Functionality, Fit, and Wearability -> Functional Fit and Wearability"
Functional Fit and Wearability,Lightweight fabric weakens silhouette,1,"Lightweight fabric weakens silhouette -> Practical Features and Functionality -> Functionality, Coverage, and Practical Garment Features -> Versatility, Coordination, Occasion Suitability, and Functionality -> Functionality, Fit, and Wearability -> Functional Fit and Wearability"
Functional Fit and Wearability,Lightweight flowing fabric,1,"Lightweight flowing fabric -> Fabric comfort, warmth, and wearability -> Fabric, Material Feel, Comfort, and Wearability -> Fabric, Material Feel, Comfort, and Wearability -> Functionality, Fit, and Wearability -> Functional Fit and Wearability"
Functional Fit and Wearability,Lightweight for mild weather,1,"Lightweight for mild weather -> Comfort, fabric, and wearability -> Comfort, Fabric, and Wearability -> Fabric, Material Feel, Comfort, and Wearability -> Functionality, Fit, and Wearability -> Functional Fit and Wearability"
Functional Fit and Wearability,Lightweight layering material,1,"Lightweight layering material -> Fabric Comfort, Feel, and Weight -> Fabric, Material Feel, Comfort, and Wearability -> Fabric, Material Feel, Comfort, and Wearability -> Functionality, Fit, and Wearability -> Functional Fit and Wearability"
Functional Fit and Wearability,Lightweight seasonal versatility,1,"Lightweight seasonal versatility -> Comfort and wearability -> Comfort, Fabric, and Wearability -> Fabric, Material Feel, Comfort, and Wearability -> Functionality, Fit, and Wearability -> Functional Fit and Wearability"
Functional Fit and Wearability,Lightweight slightly sheer fabric,1,"Lightweight slightly sheer fabric -> Fabric feel, weight, and comfort -> Comfort, Fabric, and Wearability -> Fabric, Material Feel, Comfort, and Wearability -> Functionality, Fit, and Wearability -> Functional Fit and Wearability"
Functional Fit and Wearability,Lightweight summer knit,1,"Lightweight summer knit -> Comfort, warmth, and wearability -> Fabric, Material Feel, Comfort, and Wearability -> Fabric, Material Feel, Comfort, and Wearability -> Functionality, Fit, and Wearability -> Functional Fit and Wearability"
Functional Fit and Wearability,Lightweight sweater,1,"Lightweight sweater -> Comfort, fabric feel, and wearability -> Comfort, Fabric, and Wearability -> Fabric, Material Feel, Comfort, and Wearability -> Functionality, Fit, and Wearability -> Functional Fit and Wearability"
Functional Fit and Wearability,Lightweight three-season material,1,"Lightweight three-season material -> Comfort, fabric, and wearability -> Comfort, Fabric, and Wearability -> Fabric, Material Feel, Comfort, and Wearability -> Functionality, Fit, and Wearability -> Functional Fit and Wearability"
Functional Fit and Wearability,Lightweight warm fabric,1,"Lightweight warm fabric -> Fabric Feel, Comfort, and Wearability -> Fabric, Material Feel, Comfort, and Wearability -> Fabric, Material Feel, Comfort, and Wearability -> Functionality, Fit, and Wearability -> Functional Fit and Wearability"
Functional Fit and Wearability,"Lightweight, breezy fabric",1,"Lightweight, breezy fabric -> Fabric feel, comfort, and wearability -> Comfort, Fabric, and Wearability -> Fabric, Material Feel, Comfort, and Wearability -> Functionality, Fit, and Wearability -> Functional Fit and Wearability"
Functional Fit and Wearability,"Lightweight, breezy summer fabric",1,"Lightweight, breezy summer fabric -> Comfort, fabric, and wearability -> Comfort, Fabric, and Wearability -> Fabric, Material Feel, Comfort, and Wearability -> Functionality, Fit, and Wearability -> Functional Fit and Wearability"
Functional Fit and Wearability,"Lightweight, opaque fabric",1,"Lightweight, opaque fabric -> Fabric feel, breathability, and wearability -> Comfort, Fabric, and Wearability -> Fabric, Material Feel, Comfort, and Wearability -> Functionality, Fit, and Wearability -> Functional Fit and Wearability"
Functional Fit and Wearability,Liked material,1,"Liked material -> Fabric feel, weight, and comfort -> Comfort, Fabric, and Wearability -> Fabric, Material Feel, Comfort, and Wearability -> Functionality, Fit, and Wearability -> Functional Fit and Wearability"
Functional Fit and Wearability,Liked patterns and length,1,"Liked patterns and length -> Garment Length and Coverage -> Fit, Silhouette, Coverage, and Proportion -> Fit, Sizing, Silhouette, Coverage, and Body Compatibility -> Functionality, Fit, and Wearability -> Functional Fit and Wearability"
Functional Fit and Wearability,Likely to stretch,1,"Likely to stretch -> Fit, sizing, and garment proportions -> Fit, Sizing, Proportion, and Body Compatibility -> Fit, Sizing, Silhouette, Coverage, and Body Compatibility -> Functionality, Fit, and Wearability -> Functional Fit and Wearability"
Functional Fit and Wearability,Likes fabric and cut,1,"Likes fabric and cut -> Comfort, softness, and wearability -> Comfort, Fabric, and Wearability -> Fabric, Material Feel, Comfort, and Wearability -> Functionality, Fit, and Wearability -> Functional Fit and Wearability"
Functional Fit and Wearability,Limited arm mobility,1,"Limited arm mobility -> Fit, sizing, and body-shape compatibility -> Fit, Sizing, Proportion, and Body Compatibility -> Fit, Sizing, Silhouette, Coverage, and Body Compatibility -> Functionality, Fit, and Wearability -> Functional Fit and Wearability"
Functional Fit and Wearability,Limited bra compatibility,1,"Limited bra compatibility -> Comfort, softness, and wearability -> Comfort, Fabric, and Wearability -> Fabric, Material Feel, Comfort, and Wearability -> Functionality, Fit, and Wearability -> Functional Fit and Wearability"
Functional Fit and Wearability,Limited hip and bust room,1,"Limited hip and bust room -> Fit, sizing, and proportions -> Fit, Sizing, Proportion, and Body Compatibility -> Fit, Sizing, Silhouette, Coverage, and Body Compatibility -> Functionality, Fit, and Wearability -> Functional Fit and Wearability"
Functional Fit and Wearability,Limited layering with green,1,"Limited layering with green -> Styling versatility and occasion suitability -> Versatility, Styling, Layering, and Occasion Suitability -> Versatility, Coordination, Occasion Suitability, and Functionality -> Functionality, Fit, and Wearability -> Functional Fit and Wearability"
Functional Fit and Wearability,Limited outfit versatility,1,"Limited outfit versatility -> Styling versatility and occasion suitability -> Versatility, Styling, Layering, and Occasion Suitability -> Versatility, Coordination, Occasion Suitability, and Functionality -> Functionality, Fit, and Wearability -> Functional Fit and Wearability"
Functional Fit and Wearability,Limited petite sizing,1,"Limited petite sizing -> Fit, sizing, and garment proportions -> Fit, Sizing, Proportion, and Body Compatibility -> Fit, Sizing, Silhouette, Coverage, and Body Compatibility -> Functionality, Fit, and Wearability -> Functional Fit and Wearability"
Functional Fit and Wearability,Limited store petite availability,1,"Limited store petite availability -> Petite fit and garment length -> Fit, Sizing, Proportion, and Body Compatibility -> Fit, Sizing, Silhouette, Coverage, and Body Compatibility -> Functionality, Fit, and Wearability -> Functional Fit and Wearability"
Functional Fit and Wearability,Limited stretch,1,"Limited stretch -> Fabric Feel, Comfort, and Wearability -> Fabric, Material Feel, Comfort, and Wearability -> Fabric, Material Feel, Comfort, and Wearability -> Functionality, Fit, and Wearability -> Functional Fit and Wearability"
Functional Fit and Wearability,Limited wearability,1,"Limited wearability -> Comfort, wearability, and layering -> Comfort, Fabric, and Wearability -> Fabric, Material Feel, Comfort, and Wearability -> Functionality, Fit, and Wearability -> Functional Fit and Wearability"
Functional Fit and Wearability,Lined skirt,1,"Lined skirt -> Versatility and Occasion Suitability -> Versatility, Styling, Layering, and Occasion Suitability -> Versatility, Coordination, Occasion Suitability, and Functionality -> Functionality, Fit, and Wearability -> Functional Fit and Wearability"
Functional Fit and Wearability,Lining provides good coverage,1,"Lining provides good coverage -> Coverage, layering, and garment functionality -> Versatility, Styling, Layering, and Occasion Suitability -> Versatility, Coordination, Occasion Suitability, and Functionality -> Functionality, Fit, and Wearability -> Functional Fit and Wearability"
Functional Fit and Wearability,Long below-knee length,1,"Long below-knee length -> Fit, Sizing, and Proportion -> Fit, Sizing, Proportion, and Body Compatibility -> Fit, Sizing, Silhouette, Coverage, and Body Compatibility -> Functionality, Fit, and Wearability -> Functional Fit and Wearability"
Functional Fit and Wearability,Long length suits tall shoppers,1,"Long length suits tall shoppers -> Fit, sizing, and proportions -> Fit, Sizing, Proportion, and Body Compatibility -> Fit, Sizing, Silhouette, Coverage, and Body Compatibility -> Functionality, Fit, and Wearability -> Functional Fit and Wearability"
Functional Fit and Wearability,Long oversized silhouette,1,"Long oversized silhouette -> Fit, sizing, and silhouette -> Fit, Sizing, Proportion, and Body Compatibility -> Fit, Sizing, Silhouette, Coverage, and Body Compatibility -> Functionality, Fit, and Wearability -> Functional Fit and Wearability"
Functional Fit and Wearability,"Long, drapey fit",1,"Long, drapey fit -> Fit, sizing, and body-shape compatibility -> Fit, Sizing, Proportion, and Body Compatibility -> Fit, Sizing, Silhouette, Coverage, and Body Compatibility -> Functionality, Fit, and Wearability -> Functional Fit and Wearability"
Functional Fit and Wearability,Loose and comfortable fit,1,"Loose and comfortable fit -> Comfort, softness, and wearability -> Comfort, Fabric, and Wearability -> Fabric, Material Feel, Comfort, and Wearability -> Functionality, Fit, and Wearability -> Functional Fit and Wearability"
Functional Fit and Wearability,Loose cut looked oversized,1,"Loose cut looked oversized -> Flattering fit, sizing accuracy, and proportion -> Fit, Sizing, Proportion, and Body Compatibility -> Fit, Sizing, Silhouette, Coverage, and Body Compatibility -> Functionality, Fit, and Wearability -> Functional Fit and Wearability"
Functional Fit and Wearability,Loose lower-half fit,1,"Loose lower-half fit -> Fit, sizing, and body-proportion compatibility -> Fit, Silhouette, Coverage, and Proportion -> Fit, Sizing, Silhouette, Coverage, and Body Compatibility -> Functionality, Fit, and Wearability -> Functional Fit and Wearability"
Functional Fit and Wearability,Loose model styling disliked,1,"Loose model styling disliked -> Fit, sizing, and silhouette -> Fit, Sizing, Proportion, and Body Compatibility -> Fit, Sizing, Silhouette, Coverage, and Body Compatibility -> Functionality, Fit, and Wearability -> Functional Fit and Wearability"
Functional Fit and Wearability,"Loose, flowing fit",1,"Loose, flowing fit -> Fit, Silhouette, and Body-Proportion Experience -> Fit, Sizing, Proportion, and Body Compatibility -> Fit, Sizing, Silhouette, Coverage, and Body Compatibility -> Functionality, Fit, and Wearability -> Functional Fit and Wearability"
Functional Fit and Wearability,"Loose, flowy, comfortable fit",1,"Loose, flowy, comfortable fit -> Fit, sizing, length, and coverage -> Fit, Sizing, Proportion, and Body Compatibility -> Fit, Sizing, Silhouette, Coverage, and Body Compatibility -> Functionality, Fit, and Wearability -> Functional Fit and Wearability"
Functional Fit and Wearability,Low underarm cut,1,"Low underarm cut -> Design details and functionality -> Functionality, Coverage, and Practical Garment Features -> Versatility, Coordination, Occasion Suitability, and Functionality -> Functionality, Fit, and Wearability -> Functional Fit and Wearability"
Functional Fit and Wearability,Low underarm fit,1,"Low underarm fit -> Fit, sizing, and body-shape compatibility -> Fit, Sizing, Proportion, and Body Compatibility -> Fit, Sizing, Silhouette, Coverage, and Body Compatibility -> Functionality, Fit, and Wearability -> Functional Fit and Wearability"
Functional Fit and Wearability,Low-cut back,1,"Low-cut back -> Fit, sizing, length, and coverage -> Fit, Sizing, Proportion, and Body Compatibility -> Fit, Sizing, Silhouette, Coverage, and Body Compatibility -> Functionality, Fit, and Wearability -> Functional Fit and Wearability"
Functional Fit and Wearability,Lower neckline than expected,1,"Lower neckline than expected -> Style, silhouette, and design appeal -> Fit, Silhouette, Coverage, and Proportion -> Fit, Sizing, Silhouette, Coverage, and Body Compatibility -> Functionality, Fit, and Wearability -> Functional Fit and Wearability"
Functional Fit and Wearability,Machine washable convenience,1,"Machine washable convenience -> Comfort, warmth, and wearability -> Fabric, Material Feel, Comfort, and Wearability -> Fabric, Material Feel, Comfort, and Wearability -> Functionality, Fit, and Wearability -> Functional Fit and Wearability"
Functional Fit and Wearability,Major design flaw,1,"Major design flaw -> Design details and functionality -> Functionality, Coverage, and Practical Garment Features -> Versatility, Coordination, Occasion Suitability, and Functionality -> Functionality, Fit, and Wearability -> Functional Fit and Wearability"
Functional Fit and Wearability,Makes wearer look heavier,1,"Makes wearer look heavier -> Silhouette and shape appeal or dissatisfaction -> Fit, Sizing, Proportion, and Body Compatibility -> Fit, Sizing, Silhouette, Coverage, and Body Compatibility -> Functionality, Fit, and Wearability -> Functional Fit and Wearability"
Functional Fit and Wearability,Material felt unexpectedly puffy,1,"Material felt unexpectedly puffy -> Fabric feel, weight, and comfort -> Comfort, Fabric, and Wearability -> Fabric, Material Feel, Comfort, and Wearability -> Functionality, Fit, and Wearability -> Functional Fit and Wearability"
Functional Fit and Wearability,Material has nice weave,1,"Material has nice weave -> Fabric and material experience -> Fabric, Material Feel, Comfort, and Wearability -> Fabric, Material Feel, Comfort, and Wearability -> Functionality, Fit, and Wearability -> Functional Fit and Wearability"
Functional Fit and Wearability,Material highly appreciated,1,"Material highly appreciated -> Fabric and material experience -> Fabric, Material Feel, Comfort, and Wearability -> Fabric, Material Feel, Comfort, and Wearability -> Functionality, Fit, and Wearability -> Functional Fit and Wearability"
Functional Fit and Wearability,Material less structured than expected,1,"Material less structured than expected -> Material handfeel and structure -> Fabric, Material Feel, Comfort, and Wearability -> Fabric, Material Feel, Comfort, and Wearability -> Functionality, Fit, and Wearability -> Functional Fit and Wearability"
Functional Fit and Wearability,May need multiple size downs,1,"May need multiple size downs -> Fit, Sizing, and Proportions -> Fit, Sizing, Proportion, and Body Compatibility -> Fit, Sizing, Silhouette, Coverage, and Body Compatibility -> Functionality, Fit, and Wearability -> Functional Fit and Wearability"
Functional Fit and Wearability,May require ironing,1,"May require ironing -> Fabric Feel, Comfort, and Wearability -> Fabric, Material Feel, Comfort, and Wearability -> Fabric, Material Feel, Comfort, and Wearability -> Functionality, Fit, and Wearability -> Functional Fit and Wearability"
Functional Fit and Wearability,May suit taller shoppers,1,"May suit taller shoppers -> Fit, sizing, length, and coverage -> Fit, Sizing, Proportion, and Body Compatibility -> Fit, Sizing, Silhouette, Coverage, and Body Compatibility -> Functionality, Fit, and Wearability -> Functional Fit and Wearability"
Functional Fit and Wearability,Medium allows layering,1,"Medium allows layering -> Fit, sizing, and body-shape compatibility -> Fit, Sizing, Proportion, and Body Compatibility -> Fit, Sizing, Silhouette, Coverage, and Body Compatibility -> Functionality, Fit, and Wearability -> Functional Fit and Wearability"
Functional Fit and Wearability,Medium fits 36D bust,1,"Medium fits 36D bust -> Fit, sizing, and silhouette -> Fit, Sizing, Proportion, and Body Compatibility -> Fit, Sizing, Silhouette, Coverage, and Body Compatibility -> Functionality, Fit, and Wearability -> Functional Fit and Wearability"
Functional Fit and Wearability,Medium fits better than usual large,1,"Medium fits better than usual large -> Fit, sizing, and garment proportions -> Fit, Sizing, Proportion, and Body Compatibility -> Fit, Sizing, Silhouette, Coverage, and Body Compatibility -> Functionality, Fit, and Wearability -> Functional Fit and Wearability"
Functional Fit and Wearability,Medium fits true,1,"Medium fits true -> Flattering fit, sizing accuracy, and proportion -> Fit, Sizing, Proportion, and Body Compatibility -> Fit, Sizing, Silhouette, Coverage, and Body Compatibility -> Functionality, Fit, and Wearability -> Functional Fit and Wearability"
Functional Fit and Wearability,Medium is slightly longer,1,"Medium is slightly longer -> Fit, sizing, and body-shape compatibility -> Fit, Sizing, Proportion, and Body Compatibility -> Fit, Sizing, Silhouette, Coverage, and Body Compatibility -> Functionality, Fit, and Wearability -> Functional Fit and Wearability"
Functional Fit and Wearability,Medium retains flattering shape,1,"Medium retains flattering shape -> Fit, Sizing, and Proportion -> Fit, Sizing, Proportion, and Body Compatibility -> Fit, Sizing, Silhouette, Coverage, and Body Compatibility -> Functionality, Fit, and Wearability -> Functional Fit and Wearability"
Functional Fit and Wearability,Medium slightly loose,1,"Medium slightly loose -> Fit, Silhouette, and Body-Proportion Experience -> Fit, Sizing, Proportion, and Body Compatibility -> Fit, Sizing, Silhouette, Coverage, and Body Compatibility -> Functionality, Fit, and Wearability -> Functional Fit and Wearability"
Functional Fit and Wearability,Medium-heavy denim material,1,"Medium-heavy denim material -> Comfort, fabric, and wearability -> Comfort, Fabric, and Wearability -> Fabric, Material Feel, Comfort, and Wearability -> Functionality, Fit, and Wearability -> Functional Fit and Wearability"
Functional Fit and Wearability,Mid-hip length satisfaction,1,"Mid-hip length satisfaction -> Fit, sizing, and proportions -> Fit, Sizing, Proportion, and Body Compatibility -> Fit, Sizing, Silhouette, Coverage, and Body Compatibility -> Functionality, Fit, and Wearability -> Functional Fit and Wearability"
Functional Fit and Wearability,Minimal excess fabric,1,"Minimal excess fabric -> Fit, sizing, and silhouette -> Fit, Sizing, Proportion, and Body Compatibility -> Fit, Sizing, Silhouette, Coverage, and Body Compatibility -> Functionality, Fit, and Wearability -> Functional Fit and Wearability"
Functional Fit and Wearability,Modest neckline coverage,1,"Modest neckline coverage -> Flattering and Unflattering Design Effects -> Fit, Sizing, Proportion, and Body Compatibility -> Fit, Sizing, Silhouette, Coverage, and Body Compatibility -> Functionality, Fit, and Wearability -> Functional Fit and Wearability"
Functional Fit and Wearability,Modesty hook at neckline,1,"Modesty hook at neckline -> Versatility, layering, and seasonal suitability -> Versatility, Styling, Layering, and Occasion Suitability -> Versatility, Coordination, Occasion Suitability, and Functionality -> Functionality, Fit, and Wearability -> Functional Fit and Wearability"
Functional Fit and Wearability,More feminine than typical coats,1,"More feminine than typical coats -> Neckline, silhouette, and flattering appearance -> Fit, Sizing, Proportion, and Body Compatibility -> Fit, Sizing, Silhouette, Coverage, and Body Compatibility -> Functionality, Fit, and Wearability -> Functional Fit and Wearability"
Functional Fit and Wearability,Mostly true-to-size fit,1,"Mostly true-to-size fit -> Fit, sizing, and proportions -> Fit, Sizing, Proportion, and Body Compatibility -> Fit, Sizing, Silhouette, Coverage, and Body Compatibility -> Functionality, Fit, and Wearability -> Functional Fit and Wearability"
Functional Fit and Wearability,Multiple styling options,1,"Multiple styling options -> Versatility and Ease of Styling -> Versatility, Styling, Layering, and Occasion Suitability -> Versatility, Coordination, Occasion Suitability, and Functionality -> Functionality, Fit, and Wearability -> Functional Fit and Wearability"
Functional Fit and Wearability,Narrow shoulder cut,1,"Narrow shoulder cut -> Flattering fit, sizing accuracy, and proportion -> Fit, Sizing, Proportion, and Body Compatibility -> Fit, Sizing, Silhouette, Coverage, and Body Compatibility -> Functionality, Fit, and Wearability -> Functional Fit and Wearability"
Functional Fit and Wearability,Narrower sleeves accommodate athletic builds,1,"Narrower sleeves accommodate athletic builds -> Fit, sizing, and garment proportions -> Fit, Sizing, Proportion, and Body Compatibility -> Fit, Sizing, Silhouette, Coverage, and Body Compatibility -> Functionality, Fit, and Wearability -> Functional Fit and Wearability"
Functional Fit and Wearability,Neckline higher than pictured,1,"Neckline higher than pictured -> Design details and functionality -> Functionality, Coverage, and Practical Garment Features -> Versatility, Coordination, Occasion Suitability, and Functionality -> Functionality, Fit, and Wearability -> Functional Fit and Wearability"
Functional Fit and Wearability,Neckline reveals excessive cleavage,1,"Neckline reveals excessive cleavage -> Garment Length and Coverage -> Fit, Silhouette, Coverage, and Proportion -> Fit, Sizing, Silhouette, Coverage, and Body Compatibility -> Functionality, Fit, and Wearability -> Functional Fit and Wearability"
Functional Fit and Wearability,Neckline too low,1,"Neckline too low -> Style, silhouette, and design appeal -> Fit, Silhouette, Coverage, and Proportion -> Fit, Sizing, Silhouette, Coverage, and Body Compatibility -> Functionality, Fit, and Wearability -> Functional Fit and Wearability"
Functional Fit and Wearability,Needs cami for coverage,1,"Needs cami for coverage -> Coverage, layering, and garment functionality -> Versatility, Styling, Layering, and Occasion Suitability -> Versatility, Coordination, Occasion Suitability, and Functionality -> Functionality, Fit, and Wearability -> Functional Fit and Wearability"
Functional Fit and Wearability,Needs layering underneath,1,"Needs layering underneath -> Fit, sizing, length, and coverage -> Fit, Sizing, Proportion, and Body Compatibility -> Fit, Sizing, Silhouette, Coverage, and Body Compatibility -> Functionality, Fit, and Wearability -> Functional Fit and Wearability"
Functional Fit and Wearability,Needs more tapered fit,1,"Needs more tapered fit -> Fit, sizing, and proportions -> Fit, Sizing, Proportion, and Body Compatibility -> Fit, Sizing, Silhouette, Coverage, and Body Compatibility -> Functionality, Fit, and Wearability -> Functional Fit and Wearability"
Functional Fit and Wearability,Nice material,1,"Nice material -> Fabric feel, comfort, and wearability -> Comfort, Fabric, and Wearability -> Fabric, Material Feel, Comfort, and Wearability -> Functionality, Fit, and Wearability -> Functional Fit and Wearability"
Functional Fit and Wearability,Nice sweater quality,1,"Nice sweater quality -> Fabric feel, weight, and comfort -> Comfort, Fabric, and Wearability -> Fabric, Material Feel, Comfort, and Wearability -> Functionality, Fit, and Wearability -> Functional Fit and Wearability"
Functional Fit and Wearability,No bagging or sagging,1,"No bagging or sagging -> Comfort, wearability, and layering -> Comfort, Fabric, and Wearability -> Fabric, Material Feel, Comfort, and Wearability -> Functionality, Fit, and Wearability -> Functional Fit and Wearability"
Functional Fit and Wearability,No ironing needed,1,"No ironing needed -> Fabric Feel, Comfort, and Wearability -> Fabric, Material Feel, Comfort, and Wearability -> Fabric, Material Feel, Comfort, and Wearability -> Functionality, Fit, and Wearability -> Functional Fit and Wearability"
Functional Fit and Wearability,No petite sizing,1,"No petite sizing -> Fit, sizing, and body-shape compatibility -> Fit, Sizing, Proportion, and Body Compatibility -> Fit, Sizing, Silhouette, Coverage, and Body Compatibility -> Functionality, Fit, and Wearability -> Functional Fit and Wearability"
Functional Fit and Wearability,No petite sizing available,1,"No petite sizing available -> Fit, Sizing, and Proportion -> Fit, Sizing, Proportion, and Body Compatibility -> Fit, Sizing, Silhouette, Coverage, and Body Compatibility -> Functionality, Fit, and Wearability -> Functional Fit and Wearability"
Functional Fit and Wearability,No pockets,1,"No pockets -> Practical features and functionality -> Functionality, Coverage, and Practical Garment Features -> Versatility, Coordination, Occasion Suitability, and Functionality -> Functionality, Fit, and Wearability -> Functional Fit and Wearability"
Functional Fit and Wearability,No waistband gap,1,"No waistband gap -> Fit, sizing, length, and coverage -> Fit, Sizing, Proportion, and Body Compatibility -> Fit, Sizing, Silhouette, Coverage, and Body Compatibility -> Functionality, Fit, and Wearability -> Functional Fit and Wearability"
Functional Fit and Wearability,Non-bulky comfort,1,"Non-bulky comfort -> Comfort, fabric, and wearability -> Comfort, Fabric, and Wearability -> Fabric, Material Feel, Comfort, and Wearability -> Functionality, Fit, and Wearability -> Functional Fit and Wearability"
Functional Fit and Wearability,Non-clingy fabric,1,"Non-clingy fabric -> Comfort, fabric, and wearability -> Comfort, Fabric, and Wearability -> Fabric, Material Feel, Comfort, and Wearability -> Functionality, Fit, and Wearability -> Functional Fit and Wearability"
Functional Fit and Wearability,Non-clingy silhouette,1,"Non-clingy silhouette -> Fit, sizing, and silhouette -> Fit, Sizing, Proportion, and Body Compatibility -> Fit, Sizing, Silhouette, Coverage, and Body Compatibility -> Functionality, Fit, and Wearability -> Functional Fit and Wearability"
Functional Fit and Wearability,Non-flimsy construction,1,"Non-flimsy construction -> Design details and functionality -> Functionality, Coverage, and Practical Garment Features -> Versatility, Coordination, Occasion Suitability, and Functionality -> Functionality, Fit, and Wearability -> Functional Fit and Wearability"
Functional Fit and Wearability,Non-petite sizing fit,1,"Non-petite sizing fit -> Fit, sizing, and silhouette -> Fit, Sizing, Proportion, and Body Compatibility -> Fit, Sizing, Silhouette, Coverage, and Body Compatibility -> Functionality, Fit, and Wearability -> Functional Fit and Wearability"
Functional Fit and Wearability,"Not baggy, moderately loose fit",1,"Not baggy, moderately loose fit -> Fit, sizing, and proportions -> Fit, Sizing, Proportion, and Body Compatibility -> Fit, Sizing, Silhouette, Coverage, and Body Compatibility -> Functionality, Fit, and Wearability -> Functional Fit and Wearability"
Functional Fit and Wearability,Not overly boxy,1,"Not overly boxy -> Flattering fit, sizing accuracy, and proportion -> Fit, Sizing, Proportion, and Body Compatibility -> Fit, Sizing, Silhouette, Coverage, and Body Compatibility -> Functionality, Fit, and Wearability -> Functional Fit and Wearability"
Functional Fit and Wearability,Not waterproof,1,"Not waterproof -> Practical performance and functionality -> Style Versatility, Coordination, and Functionality -> Versatility, Coordination, Occasion Suitability, and Functionality -> Functionality, Fit, and Wearability -> Functional Fit and Wearability"
Functional Fit and Wearability,Not work appropriate,1,"Not work appropriate -> Coverage, Opacity, and Garment Functionality -> Functionality, Coverage, and Practical Garment Features -> Versatility, Coordination, Occasion Suitability, and Functionality -> Functionality, Fit, and Wearability -> Functional Fit and Wearability"
Functional Fit and Wearability,Nursing affects garment fit,1,"Nursing affects garment fit -> Fit, sizing, and silhouette -> Fit, Sizing, Proportion, and Body Compatibility -> Fit, Sizing, Silhouette, Coverage, and Body Compatibility -> Functionality, Fit, and Wearability -> Functional Fit and Wearability"
Functional Fit and Wearability,Off-shoulder fit felt snug,1,"Off-shoulder fit felt snug -> Fit, sizing, and silhouette -> Fit, Sizing, Proportion, and Body Compatibility -> Fit, Sizing, Silhouette, Coverage, and Body Compatibility -> Functionality, Fit, and Wearability -> Functional Fit and Wearability"
Functional Fit and Wearability,Off-shoulder fit too tight,1,"Off-shoulder fit too tight -> Fit, Silhouette, and Body-Proportion Experience -> Fit, Sizing, Proportion, and Body Compatibility -> Fit, Sizing, Silhouette, Coverage, and Body Compatibility -> Functionality, Fit, and Wearability -> Functional Fit and Wearability"
Functional Fit and Wearability,On-trend cropped flare,1,"On-trend cropped flare -> Silhouette and shape appeal or dissatisfaction -> Fit, Sizing, Proportion, and Body Compatibility -> Fit, Sizing, Silhouette, Coverage, and Body Compatibility -> Functionality, Fit, and Wearability -> Functional Fit and Wearability"
Functional Fit and Wearability,On-trend flared crop,1,"On-trend flared crop -> Style, silhouette, and design appeal -> Fit, Silhouette, Coverage, and Proportion -> Fit, Sizing, Silhouette, Coverage, and Body Compatibility -> Functionality, Fit, and Wearability -> Functional Fit and Wearability"
Functional Fit and Wearability,Online sizing uncertainty,1,"Online sizing uncertainty -> Fit, sizing, and body-shape compatibility -> Fit, Sizing, Proportion, and Body Compatibility -> Fit, Sizing, Silhouette, Coverage, and Body Compatibility -> Functionality, Fit, and Wearability -> Functional Fit and Wearability"
Functional Fit and Wearability,Opaque fabric needs no cami,1,"Opaque fabric needs no cami -> Coverage, layering, and garment functionality -> Versatility, Styling, Layering, and Occasion Suitability -> Versatility, Coordination, Occasion Suitability, and Functionality -> Functionality, Fit, and Wearability -> Functional Fit and Wearability"
Functional Fit and Wearability,Opaque light fabric,1,"Opaque light fabric -> Fabric comfort and feel -> Fabric, Material Feel, Comfort, and Wearability -> Fabric, Material Feel, Comfort, and Wearability -> Functionality, Fit, and Wearability -> Functional Fit and Wearability"
Functional Fit and Wearability,Open-front design affects sizing,1,"Open-front design affects sizing -> Fit, sizing, and garment proportions -> Fit, Sizing, Proportion, and Body Compatibility -> Fit, Sizing, Silhouette, Coverage, and Body Compatibility -> Functionality, Fit, and Wearability -> Functional Fit and Wearability"
Functional Fit and Wearability,Order size by chest,1,"Order size by chest -> Fit, sizing, and proportions -> Fit, Sizing, Proportion, and Body Compatibility -> Fit, Sizing, Silhouette, Coverage, and Body Compatibility -> Functionality, Fit, and Wearability -> Functional Fit and Wearability"
Functional Fit and Wearability,Outstanding fabric quality,1,"Outstanding fabric quality -> Fabric feel, comfort, and wearability -> Comfort, Fabric, and Wearability -> Fabric, Material Feel, Comfort, and Wearability -> Functionality, Fit, and Wearability -> Functional Fit and Wearability"
Functional Fit and Wearability,Overall good fit,1,"Overall good fit -> Fit, sizing, and proportions -> Fit, Sizing, Proportion, and Body Compatibility -> Fit, Sizing, Silhouette, Coverage, and Body Compatibility -> Functionality, Fit, and Wearability -> Functional Fit and Wearability"
Functional Fit and Wearability,Overall oversized fit,1,"Overall oversized fit -> Fit, Sizing, and Proportion -> Fit, Sizing, Proportion, and Body Compatibility -> Fit, Sizing, Silhouette, Coverage, and Body Compatibility -> Functionality, Fit, and Wearability -> Functional Fit and Wearability"
Functional Fit and Wearability,Oversized armholes,1,"Oversized armholes -> Fit, sizing, and silhouette -> Fit, Sizing, Proportion, and Body Compatibility -> Fit, Sizing, Silhouette, Coverage, and Body Compatibility -> Functionality, Fit, and Wearability -> Functional Fit and Wearability"
Functional Fit and Wearability,Oversized armholes expose bra,1,"Oversized armholes expose bra -> Coverage and layering -> Versatility, Styling, Layering, and Occasion Suitability -> Versatility, Coordination, Occasion Suitability, and Functionality -> Functionality, Fit, and Wearability -> Functional Fit and Wearability"
Functional Fit and Wearability,Oversized fit acceptable,1,"Oversized fit acceptable -> Fit, sizing, and silhouette -> Fit, Sizing, Proportion, and Body Compatibility -> Fit, Sizing, Silhouette, Coverage, and Body Compatibility -> Functionality, Fit, and Wearability -> Functional Fit and Wearability"
Functional Fit and Wearability,Oversized fit appears misleading,1,"Oversized fit appears misleading -> Fit, sizing, and silhouette -> Fit, Sizing, Proportion, and Body Compatibility -> Fit, Sizing, Silhouette, Coverage, and Body Compatibility -> Functionality, Fit, and Wearability -> Functional Fit and Wearability"
Functional Fit and Wearability,Oversized fit works petite,1,"Oversized fit works petite -> Fit, Sizing, and Proportions -> Fit, Sizing, Proportion, and Body Compatibility -> Fit, Sizing, Silhouette, Coverage, and Body Compatibility -> Functionality, Fit, and Wearability -> Functional Fit and Wearability"
Functional Fit and Wearability,Oversized puffy torso,1,"Oversized puffy torso -> Fit, sizing, and garment proportions -> Fit, Sizing, Proportion, and Body Compatibility -> Fit, Sizing, Silhouette, Coverage, and Body Compatibility -> Functionality, Fit, and Wearability -> Functional Fit and Wearability"
Functional Fit and Wearability,Oversized shapeless fit,1,"Oversized shapeless fit -> Fit, Sizing, and Body Shape -> Fit, Sizing, Proportion, and Body Compatibility -> Fit, Sizing, Silhouette, Coverage, and Body Compatibility -> Functionality, Fit, and Wearability -> Functional Fit and Wearability"
Functional Fit and Wearability,Pairs well with denim,1,"Pairs well with denim -> Styling, occasions, and wearability -> Style Versatility, Coordination, and Functionality -> Versatility, Coordination, Occasion Suitability, and Functionality -> Functionality, Fit, and Wearability -> Functional Fit and Wearability"
Functional Fit and Wearability,Pairs well with leggings,1,"Pairs well with leggings -> Seasonal and Lifestyle Versatility -> Versatility, Styling, Layering, and Occasion Suitability -> Versatility, Coordination, Occasion Suitability, and Functionality -> Functionality, Fit, and Wearability -> Functional Fit and Wearability"
Functional Fit and Wearability,Pairs with varied tops,1,"Pairs with varied tops -> Comfort, wearability, and layering -> Comfort, Fabric, and Wearability -> Fabric, Material Feel, Comfort, and Wearability -> Functionality, Fit, and Wearability -> Functional Fit and Wearability"
Functional Fit and Wearability,Partial lining appreciated,1,"Partial lining appreciated -> Design details and functionality -> Functionality, Coverage, and Practical Garment Features -> Versatility, Coordination, Occasion Suitability, and Functionality -> Functionality, Fit, and Wearability -> Functional Fit and Wearability"
Functional Fit and Wearability,Perfect above-knee length,1,"Perfect above-knee length -> Fit, sizing, length, and coverage -> Fit, Sizing, Proportion, and Body Compatibility -> Fit, Sizing, Silhouette, Coverage, and Body Compatibility -> Functionality, Fit, and Wearability -> Functional Fit and Wearability"
Functional Fit and Wearability,Perfect garment length,1,"Perfect garment length -> Petite fit and garment length -> Fit, Sizing, Proportion, and Body Compatibility -> Fit, Sizing, Silhouette, Coverage, and Body Compatibility -> Functionality, Fit, and Wearability -> Functional Fit and Wearability"
Functional Fit and Wearability,Perfect online fit,1,"Perfect online fit -> Fit, sizing, and garment proportions -> Fit, Sizing, Proportion, and Body Compatibility -> Fit, Sizing, Silhouette, Coverage, and Body Compatibility -> Functionality, Fit, and Wearability -> Functional Fit and Wearability"
Functional Fit and Wearability,Perfect shoulder fit,1,"Perfect shoulder fit -> Fit, Sizing, and Proportions -> Fit, Sizing, Proportion, and Body Compatibility -> Fit, Sizing, Silhouette, Coverage, and Body Compatibility -> Functionality, Fit, and Wearability -> Functional Fit and Wearability"
Functional Fit and Wearability,Perfect size 6 fit,1,"Perfect size 6 fit -> Fit, sizing, and proportions -> Fit, Sizing, Proportion, and Body Compatibility -> Fit, Sizing, Silhouette, Coverage, and Body Compatibility -> Functionality, Fit, and Wearability -> Functional Fit and Wearability"
Functional Fit and Wearability,Perfect sleeve length,1,"Perfect sleeve length -> Fit, sizing, and body-shape compatibility -> Fit, Sizing, Proportion, and Body Compatibility -> Fit, Sizing, Silhouette, Coverage, and Body Compatibility -> Functionality, Fit, and Wearability -> Functional Fit and Wearability"
Functional Fit and Wearability,Perfect-weight cotton,1,"Perfect-weight cotton -> Fabric feel, weight, and comfort -> Comfort, Fabric, and Wearability -> Fabric, Material Feel, Comfort, and Wearability -> Functionality, Fit, and Wearability -> Functional Fit and Wearability"
Functional Fit and Wearability,Petite arm length fits well,1,"Petite arm length fits well -> Petite fit and garment length -> Fit, Sizing, Proportion, and Body Compatibility -> Fit, Sizing, Silhouette, Coverage, and Body Compatibility -> Functionality, Fit, and Wearability -> Functional Fit and Wearability"
Functional Fit and Wearability,Petite fit preferred,1,"Petite fit preferred -> Fit, sizing, length, and coverage -> Fit, Sizing, Proportion, and Body Compatibility -> Fit, Sizing, Silhouette, Coverage, and Body Compatibility -> Functionality, Fit, and Wearability -> Functional Fit and Wearability"
Functional Fit and Wearability,Petite inseam too long,1,"Petite inseam too long -> Fit, sizing, length, and coverage -> Fit, Sizing, Proportion, and Body Compatibility -> Fit, Sizing, Silhouette, Coverage, and Body Compatibility -> Functionality, Fit, and Wearability -> Functional Fit and Wearability"
Functional Fit and Wearability,Petite length below knee,1,"Petite length below knee -> Fit, sizing, and garment proportions -> Fit, Sizing, Proportion, and Body Compatibility -> Fit, Sizing, Silhouette, Coverage, and Body Compatibility -> Functionality, Fit, and Wearability -> Functional Fit and Wearability"
Functional Fit and Wearability,Petite length fits correctly,1,"Petite length fits correctly -> Flattering fit, sizing accuracy, and proportion -> Fit, Sizing, Proportion, and Body Compatibility -> Fit, Sizing, Silhouette, Coverage, and Body Compatibility -> Functionality, Fit, and Wearability -> Functional Fit and Wearability"
Functional Fit and Wearability,Petite length needed,1,"Petite length needed -> Petite fit and garment length -> Fit, Sizing, Proportion, and Body Compatibility -> Fit, Sizing, Silhouette, Coverage, and Body Compatibility -> Functionality, Fit, and Wearability -> Functional Fit and Wearability"
Functional Fit and Wearability,Petite length runs short,1,"Petite length runs short -> Fit, sizing, and garment proportions -> Fit, Sizing, Proportion, and Body Compatibility -> Fit, Sizing, Silhouette, Coverage, and Body Compatibility -> Functionality, Fit, and Wearability -> Functional Fit and Wearability"
Functional Fit and Wearability,Petite proportions more flattering,1,"Petite proportions more flattering -> Fit, sizing, and proportions -> Fit, Sizing, Proportion, and Body Compatibility -> Fit, Sizing, Silhouette, Coverage, and Body Compatibility -> Functionality, Fit, and Wearability -> Functional Fit and Wearability"
Functional Fit and Wearability,Petite size exchanged for regular,1,"Petite size exchanged for regular -> Fit, sizing, and body-shape compatibility -> Fit, Sizing, Proportion, and Body Compatibility -> Fit, Sizing, Silhouette, Coverage, and Body Compatibility -> Functionality, Fit, and Wearability -> Functional Fit and Wearability"
Functional Fit and Wearability,Petite size unavailable,1,"Petite size unavailable -> Petite fit and garment length -> Fit, Sizing, Proportion, and Body Compatibility -> Fit, Sizing, Silhouette, Coverage, and Body Compatibility -> Functionality, Fit, and Wearability -> Functional Fit and Wearability"
Functional Fit and Wearability,Petite sizing affects fit,1,"Petite sizing affects fit -> Fit, sizing, and body-shape compatibility -> Fit, Sizing, Proportion, and Body Compatibility -> Fit, Sizing, Silhouette, Coverage, and Body Compatibility -> Functionality, Fit, and Wearability -> Functional Fit and Wearability"
Functional Fit and Wearability,Petite sizing desired,1,"Petite sizing desired -> Fit, Sizing, and Proportions -> Fit, Sizing, Proportion, and Body Compatibility -> Fit, Sizing, Silhouette, Coverage, and Body Compatibility -> Functionality, Fit, and Wearability -> Functional Fit and Wearability"
Functional Fit and Wearability,Petite sizing exceeds expectations,1,"Petite sizing exceeds expectations -> Fit, Silhouette, and Body-Proportion Experience -> Fit, Sizing, Proportion, and Body Compatibility -> Fit, Sizing, Silhouette, Coverage, and Body Compatibility -> Functionality, Fit, and Wearability -> Functional Fit and Wearability"
Functional Fit and Wearability,Petite sizing failed,1,"Petite sizing failed -> Fit, sizing, and garment proportions -> Fit, Sizing, Proportion, and Body Compatibility -> Fit, Sizing, Silhouette, Coverage, and Body Compatibility -> Functionality, Fit, and Wearability -> Functional Fit and Wearability"
Functional Fit and Wearability,Petite sizing fits shorter customers,1,"Petite sizing fits shorter customers -> Length and proportion -> Fit, Sizing, Proportion, and Body Compatibility -> Fit, Sizing, Silhouette, Coverage, and Body Compatibility -> Functionality, Fit, and Wearability -> Functional Fit and Wearability"
Functional Fit and Wearability,Petite sizing recommended,1,"Petite sizing recommended -> Fit, sizing, length, and coverage -> Fit, Sizing, Proportion, and Body Compatibility -> Fit, Sizing, Silhouette, Coverage, and Body Compatibility -> Functionality, Fit, and Wearability -> Functional Fit and Wearability"
Functional Fit and Wearability,Petite sizing runs large,1,"Petite sizing runs large -> Fit, sizing, and proportions -> Fit, Sizing, Proportion, and Body Compatibility -> Fit, Sizing, Silhouette, Coverage, and Body Compatibility -> Functionality, Fit, and Wearability -> Functional Fit and Wearability"
Functional Fit and Wearability,Petite sizing unavailable,1,"Petite sizing unavailable -> Fit, sizing, and silhouette -> Fit, Sizing, Proportion, and Body Compatibility -> Fit, Sizing, Silhouette, Coverage, and Body Compatibility -> Functionality, Fit, and Wearability -> Functional Fit and Wearability"
Functional Fit and Wearability,Petite sizing uncertainty,1,"Petite sizing uncertainty -> Fit, sizing, and silhouette -> Fit, Sizing, Proportion, and Body Compatibility -> Fit, Sizing, Silhouette, Coverage, and Body Compatibility -> Functionality, Fit, and Wearability -> Functional Fit and Wearability"
Functional Fit and Wearability,Petite sizing works,1,"Petite sizing works -> Fit, Sizing, and Proportion -> Fit, Sizing, Proportion, and Body Compatibility -> Fit, Sizing, Silhouette, Coverage, and Body Compatibility -> Functionality, Fit, and Wearability -> Functional Fit and Wearability"
Functional Fit and Wearability,Petite-friendly sleeve length,1,"Petite-friendly sleeve length -> Fit, sizing, and silhouette -> Fit, Sizing, Proportion, and Body Compatibility -> Fit, Sizing, Silhouette, Coverage, and Body Compatibility -> Functionality, Fit, and Wearability -> Functional Fit and Wearability"
Functional Fit and Wearability,Photo understates garment fullness,1,"Photo understates garment fullness -> Design details and functionality -> Functionality, Coverage, and Practical Garment Features -> Versatility, Coordination, Occasion Suitability, and Functionality -> Functionality, Fit, and Wearability -> Functional Fit and Wearability"
Functional Fit and Wearability,Plans to size up,1,"Plans to size up -> Fit, sizing, and silhouette -> Fit, Sizing, Proportion, and Body Compatibility -> Fit, Sizing, Silhouette, Coverage, and Body Compatibility -> Functionality, Fit, and Wearability -> Functional Fit and Wearability"
Functional Fit and Wearability,Playful yet classy design,1,"Playful yet classy design -> Style, silhouette, and design appeal -> Fit, Silhouette, Coverage, and Proportion -> Fit, Sizing, Silhouette, Coverage, and Body Compatibility -> Functionality, Fit, and Wearability -> Functional Fit and Wearability"
Functional Fit and Wearability,Pleasant fabric,1,"Pleasant fabric -> Comfort, fabric feel, and wearability -> Comfort, Fabric, and Wearability -> Fabric, Material Feel, Comfort, and Wearability -> Functionality, Fit, and Wearability -> Functional Fit and Wearability"
Functional Fit and Wearability,Pleasant material and color,1,"Pleasant material and color -> Comfort, fabric, and wearability -> Comfort, Fabric, and Wearability -> Fabric, Material Feel, Comfort, and Wearability -> Functionality, Fit, and Wearability -> Functional Fit and Wearability"
Functional Fit and Wearability,Pleating enhances bust,1,"Pleating enhances bust -> Fit, sizing, and silhouette -> Fit, Sizing, Proportion, and Body Compatibility -> Fit, Sizing, Silhouette, Coverage, and Body Compatibility -> Functionality, Fit, and Wearability -> Functional Fit and Wearability"
Functional Fit and Wearability,"Plush, distinctive texture",1,"Plush, distinctive texture -> Comfort, fabric feel, and wearability -> Comfort, Fabric, and Wearability -> Fabric, Material Feel, Comfort, and Wearability -> Functionality, Fit, and Wearability -> Functional Fit and Wearability"
Functional Fit and Wearability,Pockets sewn closed,1,"Pockets sewn closed -> Practical features and functionality -> Functionality, Coverage, and Practical Garment Features -> Versatility, Coordination, Occasion Suitability, and Functionality -> Functionality, Fit, and Wearability -> Functional Fit and Wearability"
Functional Fit and Wearability,Polished casual appearance,1,"Polished casual appearance -> Style versatility and outfit coordination -> Style Versatility, Coordination, and Functionality -> Versatility, Coordination, Occasion Suitability, and Functionality -> Functionality, Fit, and Wearability -> Functional Fit and Wearability"
Functional Fit and Wearability,Polished worn open or closed,1,"Polished worn open or closed -> Versatility and Ease of Styling -> Versatility, Styling, Layering, and Occasion Suitability -> Versatility, Coordination, Occasion Suitability, and Functionality -> Functionality, Fit, and Wearability -> Functional Fit and Wearability"
Functional Fit and Wearability,Poofy skirt silhouette,1,"Poofy skirt silhouette -> Flattering and Unflattering Design Effects -> Fit, Sizing, Proportion, and Body Compatibility -> Fit, Sizing, Silhouette, Coverage, and Body Compatibility -> Functionality, Fit, and Wearability -> Functional Fit and Wearability"
Functional Fit and Wearability,Poor bra compatibility,1,"Poor bra compatibility -> Coverage, Opacity, and Garment Functionality -> Functionality, Coverage, and Practical Garment Features -> Versatility, Coordination, Occasion Suitability, and Functionality -> Functionality, Fit, and Wearability -> Functional Fit and Wearability"
Functional Fit and Wearability,Poor design,1,"Poor design -> Style, silhouette, and design appeal -> Fit, Silhouette, Coverage, and Proportion -> Fit, Sizing, Silhouette, Coverage, and Body Compatibility -> Functionality, Fit, and Wearability -> Functional Fit and Wearability"
Functional Fit and Wearability,Poor fit for body proportions,1,"Poor fit for body proportions -> Fit, sizing, and body-proportion compatibility -> Fit, Silhouette, Coverage, and Proportion -> Fit, Sizing, Silhouette, Coverage, and Body Compatibility -> Functionality, Fit, and Wearability -> Functional Fit and Wearability"
Functional Fit and Wearability,Poor fit for body shape,1,"Poor fit for body shape -> Fit, Sizing, and Body Shape -> Fit, Sizing, Proportion, and Body Compatibility -> Fit, Sizing, Silhouette, Coverage, and Body Compatibility -> Functionality, Fit, and Wearability -> Functional Fit and Wearability"
Functional Fit and Wearability,Poor fit for fuller figures,1,"Poor fit for fuller figures -> Fit, sizing, and body-shape compatibility -> Fit, Sizing, Proportion, and Body Compatibility -> Fit, Sizing, Silhouette, Coverage, and Body Compatibility -> Functionality, Fit, and Wearability -> Functional Fit and Wearability"
Functional Fit and Wearability,Poor fit for larger busts,1,"Poor fit for larger busts -> Fit, sizing, and body-shape compatibility -> Fit, Sizing, Proportion, and Body Compatibility -> Fit, Sizing, Silhouette, Coverage, and Body Compatibility -> Functionality, Fit, and Wearability -> Functional Fit and Wearability"
Functional Fit and Wearability,Poor fit for smaller frames,1,"Poor fit for smaller frames -> Fit, Silhouette, and Body-Proportion Experience -> Fit, Sizing, Proportion, and Body Compatibility -> Fit, Sizing, Silhouette, Coverage, and Body Compatibility -> Functionality, Fit, and Wearability -> Functional Fit and Wearability"
Functional Fit and Wearability,Poor fit for tall curvy frames,1,"Poor fit for tall curvy frames -> Flattering fit, sizing accuracy, and proportion -> Fit, Sizing, Proportion, and Body Compatibility -> Fit, Sizing, Silhouette, Coverage, and Body Compatibility -> Functionality, Fit, and Wearability -> Functional Fit and Wearability"
Functional Fit and Wearability,Poor layering suitability,1,"Poor layering suitability -> Coverage and layering -> Versatility, Styling, Layering, and Occasion Suitability -> Versatility, Coordination, Occasion Suitability, and Functionality -> Functionality, Fit, and Wearability -> Functional Fit and Wearability"
Functional Fit and Wearability,Poor tuck-in fit,1,"Poor tuck-in fit -> Fit, sizing, and garment proportions -> Fit, Sizing, Proportion, and Body Compatibility -> Fit, Sizing, Silhouette, Coverage, and Body Compatibility -> Functionality, Fit, and Wearability -> Functional Fit and Wearability"
Functional Fit and Wearability,Poor underbust fit,1,"Poor underbust fit -> Fit, sizing, and silhouette -> Fit, Sizing, Proportion, and Body Compatibility -> Fit, Sizing, Silhouette, Coverage, and Body Compatibility -> Functionality, Fit, and Wearability -> Functional Fit and Wearability"
Functional Fit and Wearability,Poorly proportioned silhouette,1,"Poorly proportioned silhouette -> Fit, sizing, and proportions -> Fit, Sizing, Proportion, and Body Compatibility -> Fit, Sizing, Silhouette, Coverage, and Body Compatibility -> Functionality, Fit, and Wearability -> Functional Fit and Wearability"
Functional Fit and Wearability,Positive appearance evaluation,1,"Positive appearance evaluation -> Neckline, silhouette, and flattering appearance -> Fit, Sizing, Proportion, and Body Compatibility -> Fit, Sizing, Silhouette, Coverage, and Body Compatibility -> Functionality, Fit, and Wearability -> Functional Fit and Wearability"
Functional Fit and Wearability,Positive expected use,1,"Positive expected use -> Versatility and intended use -> Versatility, Styling, Layering, and Occasion Suitability -> Versatility, Coordination, Occasion Suitability, and Functionality -> Functionality, Fit, and Wearability -> Functional Fit and Wearability"
Functional Fit and Wearability,Positive fabric,1,"Positive fabric -> Fabric feel, weight, and comfort -> Comfort, Fabric, and Wearability -> Fabric, Material Feel, Comfort, and Wearability -> Functionality, Fit, and Wearability -> Functional Fit and Wearability"
Functional Fit and Wearability,Positive fabric and fit,1,"Positive fabric and fit -> Comfort, fabric feel, and wearability -> Comfort, Fabric, and Wearability -> Fabric, Material Feel, Comfort, and Wearability -> Functionality, Fit, and Wearability -> Functional Fit and Wearability"
Functional Fit and Wearability,Positive fit confirmation,1,"Positive fit confirmation -> Fit, sizing, length, and coverage -> Fit, Sizing, Proportion, and Body Compatibility -> Fit, Sizing, Silhouette, Coverage, and Body Compatibility -> Functionality, Fit, and Wearability -> Functional Fit and Wearability"
Functional Fit and Wearability,Positive fit satisfaction,1,"Positive fit satisfaction -> Fit, sizing, and proportions -> Fit, Sizing, Proportion, and Body Compatibility -> Fit, Sizing, Silhouette, Coverage, and Body Compatibility -> Functionality, Fit, and Wearability -> Functional Fit and Wearability"
Functional Fit and Wearability,Positive jumpsuit fit experience,1,"Positive jumpsuit fit experience -> Fit, Silhouette, and Body-Proportion Experience -> Fit, Sizing, Proportion, and Body Compatibility -> Fit, Sizing, Silhouette, Coverage, and Body Compatibility -> Functionality, Fit, and Wearability -> Functional Fit and Wearability"
Functional Fit and Wearability,Positive length,1,"Positive length -> Fit, Sizing, and Proportions -> Fit, Sizing, Proportion, and Body Compatibility -> Fit, Sizing, Silhouette, Coverage, and Body Compatibility -> Functionality, Fit, and Wearability -> Functional Fit and Wearability"
Functional Fit and Wearability,Positive shirt message,1,"Positive shirt message -> Style, appearance, and versatility -> Style Versatility, Coordination, and Functionality -> Versatility, Coordination, Occasion Suitability, and Functionality -> Functionality, Fit, and Wearability -> Functional Fit and Wearability"
Functional Fit and Wearability,Positive summer suitability,1,"Positive summer suitability -> Versatility, layering, and seasonal suitability -> Versatility, Styling, Layering, and Occasion Suitability -> Versatility, Coordination, Occasion Suitability, and Functionality -> Functionality, Fit, and Wearability -> Functional Fit and Wearability"
Functional Fit and Wearability,Positive sweatshirt satisfaction,1,"Positive sweatshirt satisfaction -> Comfort, Feel, and Wearability -> Fabric, Material Feel, Comfort, and Wearability -> Fabric, Material Feel, Comfort, and Wearability -> Functionality, Fit, and Wearability -> Functional Fit and Wearability"
Functional Fit and Wearability,Positive wearing experience,1,"Positive wearing experience -> Comfort, warmth, and wearability -> Fabric, Material Feel, Comfort, and Wearability -> Fabric, Material Feel, Comfort, and Wearability -> Functionality, Fit, and Wearability -> Functional Fit and Wearability"
Functional Fit and Wearability,Possible duplicate wardrobe item,1,"Possible duplicate wardrobe item -> Versatility and wardrobe usefulness -> Style Versatility, Coordination, and Functionality -> Versatility, Coordination, Occasion Suitability, and Functionality -> Functionality, Fit, and Wearability -> Functional Fit and Wearability"
Functional Fit and Wearability,Potential waist fit issue,1,"Potential waist fit issue -> Fit, sizing, and silhouette -> Fit, Sizing, Proportion, and Body Compatibility -> Fit, Sizing, Silhouette, Coverage, and Body Compatibility -> Functionality, Fit, and Wearability -> Functional Fit and Wearability"
Functional Fit and Wearability,Practical side pockets,1,"Practical side pockets -> Versatility and styling utility -> Versatility, Styling, Layering, and Occasion Suitability -> Versatility, Coordination, Occasion Suitability, and Functionality -> Functionality, Fit, and Wearability -> Functional Fit and Wearability"
Functional Fit and Wearability,Preference for fitted sleeves,1,"Preference for fitted sleeves -> Fit, sizing, and silhouette -> Fit, Sizing, Proportion, and Body Compatibility -> Fit, Sizing, Silhouette, Coverage, and Body Compatibility -> Functionality, Fit, and Wearability -> Functional Fit and Wearability"
Functional Fit and Wearability,Preference for softer fabric,1,"Preference for softer fabric -> Comfort, fabric, and wearability -> Comfort, Fabric, and Wearability -> Fabric, Material Feel, Comfort, and Wearability -> Functionality, Fit, and Wearability -> Functional Fit and Wearability"
Functional Fit and Wearability,Preferred garment length,1,"Preferred garment length -> Fit, sizing, and garment proportions -> Fit, Sizing, Proportion, and Body Compatibility -> Fit, Sizing, Silhouette, Coverage, and Body Compatibility -> Functionality, Fit, and Wearability -> Functional Fit and Wearability"
Functional Fit and Wearability,Pretty floral print,1,"Pretty floral print -> Style, appearance, and versatility -> Style Versatility, Coordination, and Functionality -> Versatility, Coordination, Occasion Suitability, and Functionality -> Functionality, Fit, and Wearability -> Functional Fit and Wearability"
Functional Fit and Wearability,Pretty straps,1,"Pretty straps -> Style, appearance, and versatility -> Style Versatility, Coordination, and Functionality -> Versatility, Coordination, Occasion Suitability, and Functionality -> Functionality, Fit, and Wearability -> Functional Fit and Wearability"
Functional Fit and Wearability,Purchased as dress lining,1,"Purchased as dress lining -> Versatility and wardrobe usefulness -> Style Versatility, Coordination, and Functionality -> Versatility, Coordination, Occasion Suitability, and Functionality -> Functionality, Fit, and Wearability -> Functional Fit and Wearability"
Functional Fit and Wearability,Purchased larger size,1,"Purchased larger size -> Flattering fit, sizing accuracy, and proportion -> Fit, Sizing, Proportion, and Body Compatibility -> Fit, Sizing, Silhouette, Coverage, and Body Compatibility -> Functionality, Fit, and Wearability -> Functional Fit and Wearability"
Functional Fit and Wearability,Raw waistband edges need trimming,1,"Raw waistband edges need trimming -> Design details and functionality -> Functionality, Coverage, and Practical Garment Features -> Versatility, Coordination, Occasion Suitability, and Functionality -> Functionality, Fit, and Wearability -> Functional Fit and Wearability"
Functional Fit and Wearability,Receives attention,1,"Receives attention -> Versatility and intended use -> Versatility, Styling, Layering, and Occasion Suitability -> Versatility, Coordination, Occasion Suitability, and Functionality -> Functionality, Fit, and Wearability -> Functional Fit and Wearability"
Functional Fit and Wearability,Recommended size differs normally,1,"Recommended size differs normally -> Fit, sizing, and proportions -> Fit, Sizing, Proportion, and Body Compatibility -> Fit, Sizing, Silhouette, Coverage, and Body Compatibility -> Functionality, Fit, and Wearability -> Functional Fit and Wearability"
Functional Fit and Wearability,Recommends sizing down,1,"Recommends sizing down -> Fit, sizing, and garment proportions -> Fit, Sizing, Proportion, and Body Compatibility -> Fit, Sizing, Silhouette, Coverage, and Body Compatibility -> Functionality, Fit, and Wearability -> Functional Fit and Wearability"
Functional Fit and Wearability,Recommends sizing up,1,"Recommends sizing up -> Fit, sizing, and proportions -> Fit, Sizing, Proportion, and Body Compatibility -> Fit, Sizing, Silhouette, Coverage, and Body Compatibility -> Functionality, Fit, and Wearability -> Functional Fit and Wearability"
Functional Fit and Wearability,Regular XS/S fits well,1,"Regular XS/S fits well -> Fit, sizing, and proportions -> Fit, Sizing, Proportion, and Body Compatibility -> Fit, Sizing, Silhouette, Coverage, and Body Compatibility -> Functionality, Fit, and Wearability -> Functional Fit and Wearability"
Functional Fit and Wearability,Regular length runs long,1,"Regular length runs long -> Length and proportion -> Fit, Sizing, Proportion, and Body Compatibility -> Fit, Sizing, Silhouette, Coverage, and Body Compatibility -> Functionality, Fit, and Wearability -> Functional Fit and Wearability"
Functional Fit and Wearability,Regular length too long,1,"Regular length too long -> Fit, sizing, and garment proportions -> Fit, Sizing, Proportion, and Body Compatibility -> Fit, Sizing, Silhouette, Coverage, and Body Compatibility -> Functionality, Fit, and Wearability -> Functional Fit and Wearability"
Functional Fit and Wearability,Regular size fits well,1,"Regular size fits well -> Fit, sizing, and body-shape compatibility -> Fit, Sizing, Proportion, and Body Compatibility -> Fit, Sizing, Silhouette, Coverage, and Body Compatibility -> Functionality, Fit, and Wearability -> Functional Fit and Wearability"
Functional Fit and Wearability,Regular small fits well,1,"Regular small fits well -> Fit, sizing, and proportions -> Fit, Sizing, Proportion, and Body Compatibility -> Fit, Sizing, Silhouette, Coverage, and Body Compatibility -> Functionality, Fit, and Wearability -> Functional Fit and Wearability"
Functional Fit and Wearability,Relaxed easy-to-wear fit,1,"Relaxed easy-to-wear fit -> Fit, sizing, and garment proportions -> Fit, Sizing, Proportion, and Body Compatibility -> Fit, Sizing, Silhouette, Coverage, and Body Compatibility -> Functionality, Fit, and Wearability -> Functional Fit and Wearability"
Functional Fit and Wearability,Requires cami for work,1,"Requires cami for work -> Coverage, layering, and garment functionality -> Versatility, Styling, Layering, and Occasion Suitability -> Versatility, Coordination, Occasion Suitability, and Functionality -> Functionality, Fit, and Wearability -> Functional Fit and Wearability"
Functional Fit and Wearability,Requires camisole for work,1,"Requires camisole for work -> Length, Coverage, and Proportion -> Fit, Sizing, Proportion, and Body Compatibility -> Fit, Sizing, Silhouette, Coverage, and Body Compatibility -> Functionality, Fit, and Wearability -> Functional Fit and Wearability"
Functional Fit and Wearability,Requires camisole for workwear,1,"Requires camisole for workwear -> Coverage and layering -> Versatility, Styling, Layering, and Occasion Suitability -> Versatility, Coordination, Occasion Suitability, and Functionality -> Functionality, Fit, and Wearability -> Functional Fit and Wearability"
Functional Fit and Wearability,Requires heels,1,"Requires heels -> Versatility and styling utility -> Versatility, Styling, Layering, and Occasion Suitability -> Versatility, Coordination, Occasion Suitability, and Functionality -> Functionality, Fit, and Wearability -> Functional Fit and Wearability"
Functional Fit and Wearability,Requires hemming for short customers,1,"Requires hemming for short customers -> Fit, Sizing, and Proportion -> Fit, Sizing, Proportion, and Body Compatibility -> Fit, Sizing, Silhouette, Coverage, and Body Compatibility -> Functionality, Fit, and Wearability -> Functional Fit and Wearability"
Functional Fit and Wearability,Requires ironing underneath,1,"Requires ironing underneath -> Fabric feel, breathability, and wearability -> Comfort, Fabric, and Wearability -> Fabric, Material Feel, Comfort, and Wearability -> Functionality, Fit, and Wearability -> Functional Fit and Wearability"
Functional Fit and Wearability,Requires layering for modesty,1,"Requires layering for modesty -> Versatility, layering, and seasonal suitability -> Versatility, Styling, Layering, and Occasion Suitability -> Versatility, Coordination, Occasion Suitability, and Functionality -> Functionality, Fit, and Wearability -> Functional Fit and Wearability"
Functional Fit and Wearability,Requires layering underneath,1,"Requires layering underneath -> Coverage, layering, and styling functionality -> Fit, Silhouette, Coverage, and Proportion -> Fit, Sizing, Silhouette, Coverage, and Body Compatibility -> Functionality, Fit, and Wearability -> Functional Fit and Wearability"
Functional Fit and Wearability,Requires strapless bra,1,"Requires strapless bra -> Versatility and Occasion Suitability -> Versatility, Styling, Layering, and Occasion Suitability -> Versatility, Coordination, Occasion Suitability, and Functionality -> Functionality, Fit, and Wearability -> Functional Fit and Wearability"
Functional Fit and Wearability,Requires tucked or short shirts,1,"Requires tucked or short shirts -> Coverage and layering -> Versatility, Styling, Layering, and Occasion Suitability -> Versatility, Coordination, Occasion Suitability, and Functionality -> Functionality, Fit, and Wearability -> Functional Fit and Wearability"
Functional Fit and Wearability,Requires very high heels,1,"Requires very high heels -> Fit, Sizing, and Proportions -> Fit, Sizing, Proportion, and Body Compatibility -> Fit, Sizing, Silhouette, Coverage, and Body Compatibility -> Functionality, Fit, and Wearability -> Functional Fit and Wearability"
Functional Fit and Wearability,Resists excessive wrinkling,1,"Resists excessive wrinkling -> Comfort, wearability, and layering -> Comfort, Fabric, and Wearability -> Fabric, Material Feel, Comfort, and Wearability -> Functionality, Fit, and Wearability -> Functional Fit and Wearability"
Functional Fit and Wearability,Restrictive waist fit,1,"Restrictive waist fit -> Fit, Sizing, and Proportions -> Fit, Sizing, Proportion, and Body Compatibility -> Fit, Sizing, Silhouette, Coverage, and Body Compatibility -> Functionality, Fit, and Wearability -> Functional Fit and Wearability"
Functional Fit and Wearability,Returned due to fabric,1,"Returned due to fabric -> Fabric and material experience -> Fabric, Material Feel, Comfort, and Wearability -> Fabric, Material Feel, Comfort, and Wearability -> Functionality, Fit, and Wearability -> Functional Fit and Wearability"
Functional Fit and Wearability,Returns due to fit preference,1,"Returns due to fit preference -> Fit, sizing, and silhouette -> Fit, Sizing, Proportion, and Body Compatibility -> Fit, Sizing, Silhouette, Coverage, and Body Compatibility -> Functionality, Fit, and Wearability -> Functional Fit and Wearability"
Functional Fit and Wearability,Returns due to unflattering fit,1,"Returns due to unflattering fit -> Fit, sizing, and body-shape compatibility -> Fit, Sizing, Proportion, and Body Compatibility -> Fit, Sizing, Silhouette, Coverage, and Body Compatibility -> Functionality, Fit, and Wearability -> Functional Fit and Wearability"
Functional Fit and Wearability,Revealing for larger busts,1,"Revealing for larger busts -> Fit, sizing, and silhouette -> Fit, Sizing, Proportion, and Body Compatibility -> Fit, Sizing, Silhouette, Coverage, and Body Compatibility -> Functionality, Fit, and Wearability -> Functional Fit and Wearability"
Functional Fit and Wearability,Room for layering,1,"Room for layering -> Comfort, warmth, and wearability -> Fabric, Material Feel, Comfort, and Wearability -> Fabric, Material Feel, Comfort, and Wearability -> Functionality, Fit, and Wearability -> Functional Fit and Wearability"
Functional Fit and Wearability,Room for pregnancy growth,1,"Room for pregnancy growth -> Practical Features and Functionality -> Functionality, Coverage, and Practical Garment Features -> Versatility, Coordination, Occasion Suitability, and Functionality -> Functionality, Fit, and Wearability -> Functional Fit and Wearability"
Functional Fit and Wearability,Roomy chest and trunk,1,"Roomy chest and trunk -> Fit, Sizing, and Proportions -> Fit, Sizing, Proportion, and Body Compatibility -> Fit, Sizing, Silhouette, Coverage, and Body Compatibility -> Functionality, Fit, and Wearability -> Functional Fit and Wearability"
Functional Fit and Wearability,"Roomy, polished fit",1,"Roomy, polished fit -> Fit, sizing, and silhouette -> Fit, Sizing, Proportion, and Body Compatibility -> Fit, Sizing, Silhouette, Coverage, and Body Compatibility -> Functionality, Fit, and Wearability -> Functional Fit and Wearability"
Functional Fit and Wearability,Ruffled stitching disliked,1,"Ruffled stitching disliked -> Design details and functionality -> Functionality, Coverage, and Practical Garment Features -> Versatility, Coordination, Occasion Suitability, and Functionality -> Functionality, Fit, and Wearability -> Functional Fit and Wearability"
Functional Fit and Wearability,Runs at least one size small,1,"Runs at least one size small -> Fit, sizing, and body-proportion compatibility -> Fit, Silhouette, Coverage, and Proportion -> Fit, Sizing, Silhouette, Coverage, and Body Compatibility -> Functionality, Fit, and Wearability -> Functional Fit and Wearability"
Functional Fit and Wearability,Runs boxy in larger size,1,"Runs boxy in larger size -> Fit, sizing, and proportions -> Fit, Sizing, Proportion, and Body Compatibility -> Fit, Sizing, Silhouette, Coverage, and Body Compatibility -> Functionality, Fit, and Wearability -> Functional Fit and Wearability"
Functional Fit and Wearability,Runs excessively large,1,"Runs excessively large -> Fit, sizing, and garment proportions -> Fit, Sizing, Proportion, and Body Compatibility -> Fit, Sizing, Silhouette, Coverage, and Body Compatibility -> Functionality, Fit, and Wearability -> Functional Fit and Wearability"
Functional Fit and Wearability,Runs extremely large,1,"Runs extremely large -> Fit, sizing, and garment proportions -> Fit, Sizing, Proportion, and Body Compatibility -> Fit, Sizing, Silhouette, Coverage, and Body Compatibility -> Functionality, Fit, and Wearability -> Functional Fit and Wearability"
Functional Fit and Wearability,Runs extremely tight,1,"Runs extremely tight -> Fit, Sizing, and Body Shape -> Fit, Sizing, Proportion, and Body Compatibility -> Fit, Sizing, Silhouette, Coverage, and Body Compatibility -> Functionality, Fit, and Wearability -> Functional Fit and Wearability"
Functional Fit and Wearability,Runs large but drapes flatteringly,1,"Runs large but drapes flatteringly -> Fit, sizing, and body-shape compatibility -> Fit, Sizing, Proportion, and Body Compatibility -> Fit, Sizing, Silhouette, Coverage, and Body Compatibility -> Functionality, Fit, and Wearability -> Functional Fit and Wearability"
Functional Fit and Wearability,Runs large for slender bust,1,"Runs large for slender bust -> Fit, sizing, and garment proportions -> Fit, Sizing, Proportion, and Body Compatibility -> Fit, Sizing, Silhouette, Coverage, and Body Compatibility -> Functionality, Fit, and Wearability -> Functional Fit and Wearability"
Functional Fit and Wearability,Runs large for usual size,1,"Runs large for usual size -> Fit, sizing, and garment proportions -> Fit, Sizing, Proportion, and Body Compatibility -> Fit, Sizing, Silhouette, Coverage, and Body Compatibility -> Functionality, Fit, and Wearability -> Functional Fit and Wearability"
Functional Fit and Wearability,Runs large or size unavailable,1,"Runs large or size unavailable -> Fit, sizing, and proportions -> Fit, Sizing, Proportion, and Body Compatibility -> Fit, Sizing, Silhouette, Coverage, and Body Compatibility -> Functionality, Fit, and Wearability -> Functional Fit and Wearability"
Functional Fit and Wearability,Runs loose at waist,1,"Runs loose at waist -> Fit, sizing, and body-shape compatibility -> Fit, Sizing, Proportion, and Body Compatibility -> Fit, Sizing, Silhouette, Coverage, and Body Compatibility -> Functionality, Fit, and Wearability -> Functional Fit and Wearability"
Functional Fit and Wearability,Runs loose in size,1,"Runs loose in size -> Fit, sizing, and body-shape compatibility -> Fit, Sizing, Proportion, and Body Compatibility -> Fit, Sizing, Silhouette, Coverage, and Body Compatibility -> Functionality, Fit, and Wearability -> Functional Fit and Wearability"
Functional Fit and Wearability,Runs significantly oversized,1,"Runs significantly oversized -> Fit, Sizing, and Proportions -> Fit, Sizing, Proportion, and Body Compatibility -> Fit, Sizing, Silhouette, Coverage, and Body Compatibility -> Functionality, Fit, and Wearability -> Functional Fit and Wearability"
Functional Fit and Wearability,Runs significantly small,1,"Runs significantly small -> Fit, sizing, and body-shape compatibility -> Fit, Sizing, Proportion, and Body Compatibility -> Fit, Sizing, Silhouette, Coverage, and Body Compatibility -> Functionality, Fit, and Wearability -> Functional Fit and Wearability"
Functional Fit and Wearability,Runs small at hips,1,"Runs small at hips -> Fit, Sizing, and Body Shape -> Fit, Sizing, Proportion, and Body Compatibility -> Fit, Sizing, Silhouette, Coverage, and Body Compatibility -> Functionality, Fit, and Wearability -> Functional Fit and Wearability"
Functional Fit and Wearability,Runs small at waist,1,"Runs small at waist -> Fit, Sizing, and Proportion -> Fit, Sizing, Proportion, and Body Compatibility -> Fit, Sizing, Silhouette, Coverage, and Body Compatibility -> Functionality, Fit, and Wearability -> Functional Fit and Wearability"
Functional Fit and Wearability,Runs small in bust,1,"Runs small in bust -> Fit, sizing, and garment proportions -> Fit, Sizing, Proportion, and Body Compatibility -> Fit, Sizing, Silhouette, Coverage, and Body Compatibility -> Functionality, Fit, and Wearability -> Functional Fit and Wearability"
Functional Fit and Wearability,Runs snug in bust,1,"Runs snug in bust -> Fit, sizing, and proportions -> Fit, Sizing, Proportion, and Body Compatibility -> Fit, Sizing, Silhouette, Coverage, and Body Compatibility -> Functionality, Fit, and Wearability -> Functional Fit and Wearability"
Functional Fit and Wearability,Runs surprisingly small,1,"Runs surprisingly small -> Fit, sizing, and garment proportions -> Fit, Sizing, Proportion, and Body Compatibility -> Fit, Sizing, Silhouette, Coverage, and Body Compatibility -> Functionality, Fit, and Wearability -> Functional Fit and Wearability"
Functional Fit and Wearability,Runs three sizes large,1,"Runs three sizes large -> Flattering fit, sizing accuracy, and proportion -> Fit, Sizing, Proportion, and Body Compatibility -> Fit, Sizing, Silhouette, Coverage, and Body Compatibility -> Functionality, Fit, and Wearability -> Functional Fit and Wearability"
Functional Fit and Wearability,Runs tight across chest,1,"Runs tight across chest -> Fit, sizing, and silhouette -> Fit, Sizing, Proportion, and Body Compatibility -> Fit, Sizing, Silhouette, Coverage, and Body Compatibility -> Functionality, Fit, and Wearability -> Functional Fit and Wearability"
Functional Fit and Wearability,Runs true to slightly large,1,"Runs true to slightly large -> Fit, sizing, and silhouette -> Fit, Sizing, Proportion, and Body Compatibility -> Fit, Sizing, Silhouette, Coverage, and Body Compatibility -> Functionality, Fit, and Wearability -> Functional Fit and Wearability"
Functional Fit and Wearability,Runs true to small,1,"Runs true to small -> Fit, Sizing, and Body Shape -> Fit, Sizing, Proportion, and Body Compatibility -> Fit, Sizing, Silhouette, Coverage, and Body Compatibility -> Functionality, Fit, and Wearability -> Functional Fit and Wearability"
Functional Fit and Wearability,Runs very large,1,"Runs very large -> Fit, sizing, and silhouette -> Fit, Sizing, Proportion, and Body Compatibility -> Fit, Sizing, Silhouette, Coverage, and Body Compatibility -> Functionality, Fit, and Wearability -> Functional Fit and Wearability"
Functional Fit and Wearability,Runs very oversized,1,"Runs very oversized -> Fit, sizing, and body-shape compatibility -> Fit, Sizing, Proportion, and Body Compatibility -> Fit, Sizing, Silhouette, Coverage, and Body Compatibility -> Functionality, Fit, and Wearability -> Functional Fit and Wearability"
Functional Fit and Wearability,Runs very short,1,"Runs very short -> Fit, sizing, and proportions -> Fit, Sizing, Proportion, and Body Compatibility -> Fit, Sizing, Silhouette, Coverage, and Body Compatibility -> Functionality, Fit, and Wearability -> Functional Fit and Wearability"
Functional Fit and Wearability,S lashed comfortable fabric,1,"S lashed comfortable fabric -> Comfort, fabric, and wearability -> Comfort, Fabric, and Wearability -> Fabric, Material Feel, Comfort, and Wearability -> Functionality, Fit, and Wearability -> Functional Fit and Wearability"
Functional Fit and Wearability,Satisfaction with length,1,"Satisfaction with length -> Fit, sizing, and silhouette -> Fit, Sizing, Proportion, and Body Compatibility -> Fit, Sizing, Silhouette, Coverage, and Body Compatibility -> Functionality, Fit, and Wearability -> Functional Fit and Wearability"
Functional Fit and Wearability,Satisfaction with trendiness,1,"Satisfaction with trendiness -> Style, appearance, and versatility -> Style Versatility, Coordination, and Functionality -> Versatility, Coordination, Occasion Suitability, and Functionality -> Functionality, Fit, and Wearability -> Functional Fit and Wearability"
Functional Fit and Wearability,Scratchy material causes discomfort,1,"Scratchy material causes discomfort -> Comfort, fabric feel, and wearability -> Comfort, Fabric, and Wearability -> Fabric, Material Feel, Comfort, and Wearability -> Functionality, Fit, and Wearability -> Functional Fit and Wearability"
Functional Fit and Wearability,Scratchy metallic fibers,1,"Scratchy metallic fibers -> Comfort, Fabric, and Wearability -> Fabric, Material Feel, Comfort, and Wearability -> Fabric, Material Feel, Comfort, and Wearability -> Functionality, Fit, and Wearability -> Functional Fit and Wearability"
Functional Fit and Wearability,Scratchy tag remnants remain,1,"Scratchy tag remnants remain -> Comfort, softness, and wearability -> Comfort, Fabric, and Wearability -> Fabric, Material Feel, Comfort, and Wearability -> Functionality, Fit, and Wearability -> Functional Fit and Wearability"
Functional Fit and Wearability,"Scratchy, itchy fabric",1,"Scratchy, itchy fabric -> Fabric Comfort, Feel, and Weight -> Fabric, Material Feel, Comfort, and Wearability -> Fabric, Material Feel, Comfort, and Wearability -> Functionality, Fit, and Wearability -> Functional Fit and Wearability"
Functional Fit and Wearability,Seasonal wardrobe versatility,1,"Seasonal wardrobe versatility -> Style versatility and outfit coordination -> Style Versatility, Coordination, and Functionality -> Versatility, Coordination, Occasion Suitability, and Functionality -> Functionality, Fit, and Wearability -> Functional Fit and Wearability"
Functional Fit and Wearability,Seasonally versatile,1,"Seasonally versatile -> Seasonal and situational versatility -> Versatility, Styling, Layering, and Occasion Suitability -> Versatility, Coordination, Occasion Suitability, and Functionality -> Functionality, Fit, and Wearability -> Functional Fit and Wearability"
Functional Fit and Wearability,Secure lacing coverage,1,"Secure lacing coverage -> Coverage, layering, and garment functionality -> Versatility, Styling, Layering, and Occasion Suitability -> Versatility, Coordination, Occasion Suitability, and Functionality -> Functionality, Fit, and Wearability -> Functional Fit and Wearability"
Functional Fit and Wearability,See-through fabric requires layering,1,"See-through fabric requires layering -> Coverage, layering, and garment functionality -> Versatility, Styling, Layering, and Occasion Suitability -> Versatility, Coordination, Occasion Suitability, and Functionality -> Functionality, Fit, and Wearability -> Functional Fit and Wearability"
Functional Fit and Wearability,See-through knit gaps,1,"See-through knit gaps -> Coverage, Opacity, and Garment Functionality -> Functionality, Coverage, and Practical Garment Features -> Versatility, Coordination, Occasion Suitability, and Functionality -> Functionality, Fit, and Wearability -> Functional Fit and Wearability"
Functional Fit and Wearability,"See-through, flimsy fabric",1,"See-through, flimsy fabric -> Fabric comfort, warmth, and wearability -> Fabric, Material Feel, Comfort, and Wearability -> Fabric, Material Feel, Comfort, and Wearability -> Functionality, Fit, and Wearability -> Functional Fit and Wearability"
Functional Fit and Wearability,Shape wider than pictured,1,"Shape wider than pictured -> Fit, sizing, and garment proportions -> Fit, Sizing, Proportion, and Body Compatibility -> Fit, Sizing, Silhouette, Coverage, and Body Compatibility -> Functionality, Fit, and Wearability -> Functional Fit and Wearability"
Functional Fit and Wearability,Shape-dependent fit issues,1,"Shape-dependent fit issues -> Fit, sizing, and silhouette -> Fit, Sizing, Proportion, and Body Compatibility -> Fit, Sizing, Silhouette, Coverage, and Body Compatibility -> Functionality, Fit, and Wearability -> Functional Fit and Wearability"
Functional Fit and Wearability,Sheer but modest,1,"Sheer but modest -> Fabric feel, weight, and comfort -> Comfort, Fabric, and Wearability -> Fabric, Material Feel, Comfort, and Wearability -> Functionality, Fit, and Wearability -> Functional Fit and Wearability"
Functional Fit and Wearability,Sheer elastic-cuff sleeves,1,"Sheer elastic-cuff sleeves -> Comfort, fabric feel, and wearability -> Comfort, Fabric, and Wearability -> Fabric, Material Feel, Comfort, and Wearability -> Functionality, Fit, and Wearability -> Functional Fit and Wearability"
Functional Fit and Wearability,Sheer fabric requires layering,1,"Sheer fabric requires layering -> Fabric feel, breathability, and wearability -> Comfort, Fabric, and Wearability -> Fabric, Material Feel, Comfort, and Wearability -> Functionality, Fit, and Wearability -> Functional Fit and Wearability"
Functional Fit and Wearability,Shirt length too short,1,"Shirt length too short -> Fit, sizing, and garment proportions -> Fit, Sizing, Proportion, and Body Compatibility -> Fit, Sizing, Silhouette, Coverage, and Body Compatibility -> Functionality, Fit, and Wearability -> Functional Fit and Wearability"
Functional Fit and Wearability,Short ankle-length fit,1,"Short ankle-length fit -> Silhouette and shape appeal or dissatisfaction -> Fit, Sizing, Proportion, and Body Compatibility -> Fit, Sizing, Silhouette, Coverage, and Body Compatibility -> Functionality, Fit, and Wearability -> Functional Fit and Wearability"
Functional Fit and Wearability,Short blouse length,1,"Short blouse length -> Fit, sizing, and body-shape compatibility -> Fit, Sizing, Proportion, and Body Compatibility -> Fit, Sizing, Silhouette, Coverage, and Body Compatibility -> Functionality, Fit, and Wearability -> Functional Fit and Wearability"
Functional Fit and Wearability,Short length for tall wearers,1,"Short length for tall wearers -> Fit, sizing, and proportions -> Fit, Sizing, Proportion, and Body Compatibility -> Fit, Sizing, Silhouette, Coverage, and Body Compatibility -> Functionality, Fit, and Wearability -> Functional Fit and Wearability"
Functional Fit and Wearability,Short modern length,1,"Short modern length -> Length and proportion -> Fit, Sizing, Proportion, and Body Compatibility -> Fit, Sizing, Silhouette, Coverage, and Body Compatibility -> Functionality, Fit, and Wearability -> Functional Fit and Wearability"
Functional Fit and Wearability,"Short, boxy fit",1,"Short, boxy fit -> Fit, sizing, and silhouette -> Fit, Sizing, Proportion, and Body Compatibility -> Fit, Sizing, Silhouette, Coverage, and Body Compatibility -> Functionality, Fit, and Wearability -> Functional Fit and Wearability"
Functional Fit and Wearability,Shorter back flatters high waists,1,"Shorter back flatters high waists -> Fit, sizing, and body-shape compatibility -> Fit, Sizing, Proportion, and Body Compatibility -> Fit, Sizing, Silhouette, Coverage, and Body Compatibility -> Functionality, Fit, and Wearability -> Functional Fit and Wearability"
Functional Fit and Wearability,Shorter body length,1,"Shorter body length -> Fit, sizing, and garment proportions -> Fit, Sizing, Proportion, and Body Compatibility -> Fit, Sizing, Silhouette, Coverage, and Body Compatibility -> Functionality, Fit, and Wearability -> Functional Fit and Wearability"
Functional Fit and Wearability,Shorter length encourages layering,1,"Shorter length encourages layering -> Seasonal and Lifestyle Versatility -> Versatility, Styling, Layering, and Occasion Suitability -> Versatility, Coordination, Occasion Suitability, and Functionality -> Functionality, Fit, and Wearability -> Functional Fit and Wearability"
Functional Fit and Wearability,Shorter than depicted,1,"Shorter than depicted -> Fit, Sizing, and Proportions -> Fit, Sizing, Proportion, and Body Compatibility -> Fit, Sizing, Silhouette, Coverage, and Body Compatibility -> Functionality, Fit, and Wearability -> Functional Fit and Wearability"
Functional Fit and Wearability,Shorter than model,1,"Shorter than model -> Fit, Sizing, and Proportion -> Fit, Sizing, Proportion, and Body Compatibility -> Fit, Sizing, Silhouette, Coverage, and Body Compatibility -> Functionality, Fit, and Wearability -> Functional Fit and Wearability"
Functional Fit and Wearability,Shorter than pictured,1,"Shorter than pictured -> Fit, sizing, and body-shape compatibility -> Fit, Sizing, Proportion, and Body Compatibility -> Fit, Sizing, Silhouette, Coverage, and Body Compatibility -> Functionality, Fit, and Wearability -> Functional Fit and Wearability"
Functional Fit and Wearability,Should have sized up,1,"Should have sized up -> Fit, sizing, and garment proportions -> Fit, Sizing, Proportion, and Body Compatibility -> Fit, Sizing, Silhouette, Coverage, and Body Compatibility -> Functionality, Fit, and Wearability -> Functional Fit and Wearability"
Functional Fit and Wearability,Shoulders fit perfectly,1,"Shoulders fit perfectly -> Fit, sizing, and body-shape compatibility -> Fit, Sizing, Proportion, and Body Compatibility -> Fit, Sizing, Silhouette, Coverage, and Body Compatibility -> Functionality, Fit, and Wearability -> Functional Fit and Wearability"
Functional Fit and Wearability,Shows substantial cleavage,1,"Shows substantial cleavage -> Fit, sizing, length, and coverage -> Fit, Sizing, Proportion, and Body Compatibility -> Fit, Sizing, Silhouette, Coverage, and Body Compatibility -> Functionality, Fit, and Wearability -> Functional Fit and Wearability"
Functional Fit and Wearability,Side hem too short,1,"Side hem too short -> Fit, sizing, and proportions -> Fit, Sizing, Proportion, and Body Compatibility -> Fit, Sizing, Silhouette, Coverage, and Body Compatibility -> Functionality, Fit, and Wearability -> Functional Fit and Wearability"
Functional Fit and Wearability,Significantly oversized fit,1,"Significantly oversized fit -> Fit, sizing, and body-shape compatibility -> Fit, Sizing, Proportion, and Body Compatibility -> Fit, Sizing, Silhouette, Coverage, and Body Compatibility -> Functionality, Fit, and Wearability -> Functional Fit and Wearability"
Functional Fit and Wearability,Silky bottom material,1,"Silky bottom material -> Comfort, fabric, and wearability -> Comfort, Fabric, and Wearability -> Fabric, Material Feel, Comfort, and Wearability -> Functionality, Fit, and Wearability -> Functional Fit and Wearability"
Functional Fit and Wearability,Size 0 fits petite shopper,1,"Size 0 fits petite shopper -> Fit, sizing, and body-shape compatibility -> Fit, Sizing, Proportion, and Body Compatibility -> Fit, Sizing, Silhouette, Coverage, and Body Compatibility -> Functionality, Fit, and Wearability -> Functional Fit and Wearability"
Functional Fit and Wearability,Size 10 too small at bust,1,"Size 10 too small at bust -> Fit, sizing, and garment proportions -> Fit, Sizing, Proportion, and Body Compatibility -> Fit, Sizing, Silhouette, Coverage, and Body Compatibility -> Functionality, Fit, and Wearability -> Functional Fit and Wearability"
Functional Fit and Wearability,Size 12 too large at waist,1,"Size 12 too large at waist -> Fit, Sizing, and Body Shape -> Fit, Sizing, Proportion, and Body Compatibility -> Fit, Sizing, Silhouette, Coverage, and Body Compatibility -> Functionality, Fit, and Wearability -> Functional Fit and Wearability"
Functional Fit and Wearability,Size 8 fits current body,1,"Size 8 fits current body -> Fit, sizing, and body-shape compatibility -> Fit, Sizing, Proportion, and Body Compatibility -> Fit, Sizing, Silhouette, Coverage, and Body Compatibility -> Functionality, Fit, and Wearability -> Functional Fit and Wearability"
Functional Fit and Wearability,Size XS fits,1,"Size XS fits -> Fit, sizing, and silhouette -> Fit, Sizing, Proportion, and Body Compatibility -> Fit, Sizing, Silhouette, Coverage, and Body Compatibility -> Functionality, Fit, and Wearability -> Functional Fit and Wearability"
Functional Fit and Wearability,Size and measurements provided,1,"Size and measurements provided -> Fit, sizing, and silhouette -> Fit, Sizing, Proportion, and Body Compatibility -> Fit, Sizing, Silhouette, Coverage, and Body Compatibility -> Functionality, Fit, and Wearability -> Functional Fit and Wearability"
Functional Fit and Wearability,Size choice balances waist and hips,1,"Size choice balances waist and hips -> Fit, sizing, and body-proportion compatibility -> Fit, Silhouette, Coverage, and Proportion -> Fit, Sizing, Silhouette, Coverage, and Body Compatibility -> Functionality, Fit, and Wearability -> Functional Fit and Wearability"
Functional Fit and Wearability,Size choice based on seam,1,"Size choice based on seam -> Fit, sizing, and garment proportions -> Fit, Sizing, Proportion, and Body Compatibility -> Fit, Sizing, Silhouette, Coverage, and Body Compatibility -> Functionality, Fit, and Wearability -> Functional Fit and Wearability"
Functional Fit and Wearability,Size down for smaller bust,1,"Size down for smaller bust -> Fit, sizing, and silhouette -> Fit, Sizing, Proportion, and Body Compatibility -> Fit, Sizing, Silhouette, Coverage, and Body Compatibility -> Functionality, Fit, and Wearability -> Functional Fit and Wearability"
Functional Fit and Wearability,Size down recommendation,1,"Size down recommendation -> Fit, Sizing, and Body Shape -> Fit, Sizing, Proportion, and Body Compatibility -> Fit, Sizing, Silhouette, Coverage, and Body Compatibility -> Functionality, Fit, and Wearability -> Functional Fit and Wearability"
Functional Fit and Wearability,Size exchange improved fit,1,"Size exchange improved fit -> Fit, sizing, and silhouette -> Fit, Sizing, Proportion, and Body Compatibility -> Fit, Sizing, Silhouette, Coverage, and Body Compatibility -> Functionality, Fit, and Wearability -> Functional Fit and Wearability"
Functional Fit and Wearability,Size fits as expected,1,"Size fits as expected -> Fit, sizing, and garment proportions -> Fit, Sizing, Proportion, and Body Compatibility -> Fit, Sizing, Silhouette, Coverage, and Body Compatibility -> Functionality, Fit, and Wearability -> Functional Fit and Wearability"
Functional Fit and Wearability,Size information caused return,1,"Size information caused return -> Fit, sizing, and body-shape compatibility -> Fit, Sizing, Proportion, and Body Compatibility -> Fit, Sizing, Silhouette, Coverage, and Body Compatibility -> Functionality, Fit, and Wearability -> Functional Fit and Wearability"
Functional Fit and Wearability,Size ordered versus usual size,1,"Size ordered versus usual size -> Fit, sizing, and proportions -> Fit, Sizing, Proportion, and Body Compatibility -> Fit, Sizing, Silhouette, Coverage, and Body Compatibility -> Functionality, Fit, and Wearability -> Functional Fit and Wearability"
Functional Fit and Wearability,Size runs generously,1,"Size runs generously -> Fit, Sizing, and Proportion -> Fit, Sizing, Proportion, and Body Compatibility -> Fit, Sizing, Silhouette, Coverage, and Body Compatibility -> Functionality, Fit, and Wearability -> Functional Fit and Wearability"
Functional Fit and Wearability,Size runs small,1,"Size runs small -> Fit, sizing, and garment proportions -> Fit, Sizing, Proportion, and Body Compatibility -> Fit, Sizing, Silhouette, Coverage, and Body Compatibility -> Functionality, Fit, and Wearability -> Functional Fit and Wearability"
Functional Fit and Wearability,Size small fit correctly,1,"Size small fit correctly -> Fit, sizing, and silhouette -> Fit, Sizing, Proportion, and Body Compatibility -> Fit, Sizing, Silhouette, Coverage, and Body Compatibility -> Functionality, Fit, and Wearability -> Functional Fit and Wearability"
Functional Fit and Wearability,Size small fits true,1,"Size small fits true -> Fit, sizing, and silhouette -> Fit, Sizing, Proportion, and Body Compatibility -> Fit, Sizing, Silhouette, Coverage, and Body Compatibility -> Functionality, Fit, and Wearability -> Functional Fit and Wearability"
Functional Fit and Wearability,Size up for broad figures,1,"Size up for broad figures -> Fit, sizing, and garment proportions -> Fit, Sizing, Proportion, and Body Compatibility -> Fit, Sizing, Silhouette, Coverage, and Body Compatibility -> Functionality, Fit, and Wearability -> Functional Fit and Wearability"
Functional Fit and Wearability,Size up for layering,1,"Size up for layering -> Fit, sizing, and silhouette -> Fit, Sizing, Proportion, and Body Compatibility -> Fit, Sizing, Silhouette, Coverage, and Body Compatibility -> Functionality, Fit, and Wearability -> Functional Fit and Wearability"
Functional Fit and Wearability,Size up for snug fit,1,"Size up for snug fit -> Fit, sizing, and silhouette -> Fit, Sizing, Proportion, and Body Compatibility -> Fit, Sizing, Silhouette, Coverage, and Body Compatibility -> Functionality, Fit, and Wearability -> Functional Fit and Wearability"
Functional Fit and Wearability,Size up required,1,"Size up required -> Fit, sizing, and proportions -> Fit, Sizing, Proportion, and Body Compatibility -> Fit, Sizing, Silhouette, Coverage, and Body Compatibility -> Functionality, Fit, and Wearability -> Functional Fit and Wearability"
Functional Fit and Wearability,Size up when between sizes,1,"Size up when between sizes -> Fit, sizing, and garment proportions -> Fit, Sizing, Proportion, and Body Compatibility -> Fit, Sizing, Silhouette, Coverage, and Body Compatibility -> Functionality, Fit, and Wearability -> Functional Fit and Wearability"
Functional Fit and Wearability,Size varies by color,1,"Size varies by color -> Fit, sizing, length, and coverage -> Fit, Sizing, Proportion, and Body Compatibility -> Fit, Sizing, Silhouette, Coverage, and Body Compatibility -> Functionality, Fit, and Wearability -> Functional Fit and Wearability"
Functional Fit and Wearability,Size-up causes overall looseness,1,"Size-up causes overall looseness -> Fit, sizing, and proportions -> Fit, Sizing, Proportion, and Body Compatibility -> Fit, Sizing, Silhouette, Coverage, and Body Compatibility -> Functionality, Fit, and Wearability -> Functional Fit and Wearability"
Functional Fit and Wearability,Size-up recommendation,1,"Size-up recommendation -> Fit, sizing, and body-shape compatibility -> Fit, Sizing, Proportion, and Body Compatibility -> Fit, Sizing, Silhouette, Coverage, and Body Compatibility -> Functionality, Fit, and Wearability -> Functional Fit and Wearability"
Functional Fit and Wearability,Size-up sleeve recommendation,1,"Size-up sleeve recommendation -> Fit, sizing, and proportions -> Fit, Sizing, Proportion, and Body Compatibility -> Fit, Sizing, Silhouette, Coverage, and Body Compatibility -> Functionality, Fit, and Wearability -> Functional Fit and Wearability"
Functional Fit and Wearability,Sized up based on reviews,1,"Sized up based on reviews -> Fit, sizing, and body-shape compatibility -> Fit, Sizing, Proportion, and Body Compatibility -> Fit, Sizing, Silhouette, Coverage, and Body Compatibility -> Functionality, Fit, and Wearability -> Functional Fit and Wearability"
Functional Fit and Wearability,Sizing adjustment achieves good fit,1,"Sizing adjustment achieves good fit -> Fit, Sizing, and Proportions -> Fit, Sizing, Proportion, and Body Compatibility -> Fit, Sizing, Silhouette, Coverage, and Body Compatibility -> Functionality, Fit, and Wearability -> Functional Fit and Wearability"
Functional Fit and Wearability,Sizing advice led to mismatch,1,"Sizing advice led to mismatch -> Fit, sizing, and silhouette -> Fit, Sizing, Proportion, and Body Compatibility -> Fit, Sizing, Silhouette, Coverage, and Body Compatibility -> Functionality, Fit, and Wearability -> Functional Fit and Wearability"
Functional Fit and Wearability,Sizing cannot resolve fit,1,"Sizing cannot resolve fit -> Fit, sizing, and silhouette -> Fit, Sizing, Proportion, and Body Compatibility -> Fit, Sizing, Silhouette, Coverage, and Body Compatibility -> Functionality, Fit, and Wearability -> Functional Fit and Wearability"
Functional Fit and Wearability,Sizing depends on body shape,1,"Sizing depends on body shape -> Fit, sizing, and garment proportions -> Fit, Sizing, Proportion, and Body Compatibility -> Fit, Sizing, Silhouette, Coverage, and Body Compatibility -> Functionality, Fit, and Wearability -> Functional Fit and Wearability"
Functional Fit and Wearability,Sizing depends on layering needs,1,"Sizing depends on layering needs -> Fit, sizing, length, and coverage -> Fit, Sizing, Proportion, and Body Compatibility -> Fit, Sizing, Silhouette, Coverage, and Body Compatibility -> Functionality, Fit, and Wearability -> Functional Fit and Wearability"
Functional Fit and Wearability,Sizing down achieved perfect fit,1,"Sizing down achieved perfect fit -> Fit, Sizing, and Proportions -> Fit, Sizing, Proportion, and Body Compatibility -> Fit, Sizing, Silhouette, Coverage, and Body Compatibility -> Functionality, Fit, and Wearability -> Functional Fit and Wearability"
Functional Fit and Wearability,Sizing down for better fit,1,"Sizing down for better fit -> Fit, sizing, and body-shape compatibility -> Fit, Sizing, Proportion, and Body Compatibility -> Fit, Sizing, Silhouette, Coverage, and Body Compatibility -> Functionality, Fit, and Wearability -> Functional Fit and Wearability"
Functional Fit and Wearability,Sizing down would not help,1,"Sizing down would not help -> Fit, Sizing, and Proportion -> Fit, Sizing, Proportion, and Body Compatibility -> Fit, Sizing, Silhouette, Coverage, and Body Compatibility -> Functionality, Fit, and Wearability -> Functional Fit and Wearability"
Functional Fit and Wearability,Sizing requires tradeoff,1,"Sizing requires tradeoff -> Fit, sizing, and proportions -> Fit, Sizing, Proportion, and Body Compatibility -> Fit, Sizing, Silhouette, Coverage, and Body Compatibility -> Functionality, Fit, and Wearability -> Functional Fit and Wearability"
Functional Fit and Wearability,Sizing review misled purchase,1,"Sizing review misled purchase -> Fit, sizing, and silhouette -> Fit, Sizing, Proportion, and Body Compatibility -> Fit, Sizing, Silhouette, Coverage, and Body Compatibility -> Functionality, Fit, and Wearability -> Functional Fit and Wearability"
Functional Fit and Wearability,Sizing runs generous,1,"Sizing runs generous -> Fit, Sizing, and Body Shape -> Fit, Sizing, Proportion, and Body Compatibility -> Fit, Sizing, Silhouette, Coverage, and Body Compatibility -> Functionality, Fit, and Wearability -> Functional Fit and Wearability"
Functional Fit and Wearability,Sizing runs off,1,"Sizing runs off -> Fit, sizing, and body-shape compatibility -> Fit, Sizing, Proportion, and Body Compatibility -> Fit, Sizing, Silhouette, Coverage, and Body Compatibility -> Functionality, Fit, and Wearability -> Functional Fit and Wearability"
Functional Fit and Wearability,Sizing runs small,1,"Sizing runs small -> Fit, sizing, and garment proportions -> Fit, Sizing, Proportion, and Body Compatibility -> Fit, Sizing, Silhouette, Coverage, and Body Compatibility -> Functionality, Fit, and Wearability -> Functional Fit and Wearability"
Functional Fit and Wearability,Sizing runs tight,1,"Sizing runs tight -> Fit, sizing, and garment proportions -> Fit, Sizing, Proportion, and Body Compatibility -> Fit, Sizing, Silhouette, Coverage, and Body Compatibility -> Functionality, Fit, and Wearability -> Functional Fit and Wearability"
Functional Fit and Wearability,Sizing uncertainty,1,"Sizing uncertainty -> Fit, sizing, length, and coverage -> Fit, Sizing, Proportion, and Body Compatibility -> Fit, Sizing, Silhouette, Coverage, and Body Compatibility -> Functionality, Fit, and Wearability -> Functional Fit and Wearability"
Functional Fit and Wearability,Sizing uncertainty online,1,"Sizing uncertainty online -> Fit, sizing, and silhouette -> Fit, Sizing, Proportion, and Body Compatibility -> Fit, Sizing, Silhouette, Coverage, and Body Compatibility -> Functionality, Fit, and Wearability -> Functional Fit and Wearability"
Functional Fit and Wearability,Sizing up achieved desired fit,1,"Sizing up achieved desired fit -> Fit, sizing, and proportions -> Fit, Sizing, Proportion, and Body Compatibility -> Fit, Sizing, Silhouette, Coverage, and Body Compatibility -> Functionality, Fit, and Wearability -> Functional Fit and Wearability"
Functional Fit and Wearability,Sizing up achieved perfect fit,1,"Sizing up achieved perfect fit -> Flattering fit, sizing accuracy, and proportion -> Fit, Sizing, Proportion, and Body Compatibility -> Fit, Sizing, Silhouette, Coverage, and Body Compatibility -> Functionality, Fit, and Wearability -> Functional Fit and Wearability"
Functional Fit and Wearability,Sizing up does not improve fit,1,"Sizing up does not improve fit -> Fit, sizing, length, and coverage -> Fit, Sizing, Proportion, and Body Compatibility -> Fit, Sizing, Silhouette, Coverage, and Body Compatibility -> Functionality, Fit, and Wearability -> Functional Fit and Wearability"
Functional Fit and Wearability,Sizing up improved sweatshirt fit,1,"Sizing up improved sweatshirt fit -> Fit, sizing, and body-proportion compatibility -> Fit, Silhouette, Coverage, and Proportion -> Fit, Sizing, Silhouette, Coverage, and Body Compatibility -> Functionality, Fit, and Wearability -> Functional Fit and Wearability"
Functional Fit and Wearability,Sizing up insufficient,1,"Sizing up insufficient -> Fit, Sizing, and Proportions -> Fit, Sizing, Proportion, and Body Compatibility -> Fit, Sizing, Silhouette, Coverage, and Body Compatibility -> Functionality, Fit, and Wearability -> Functional Fit and Wearability"
Functional Fit and Wearability,Sizing up needed,1,"Sizing up needed -> Fit, sizing, and body-shape compatibility -> Fit, Sizing, Proportion, and Body Compatibility -> Fit, Sizing, Silhouette, Coverage, and Body Compatibility -> Functionality, Fit, and Wearability -> Functional Fit and Wearability"
Functional Fit and Wearability,Sizing up remains tight,1,"Sizing up remains tight -> Fit, sizing, and garment proportions -> Fit, Sizing, Proportion, and Body Compatibility -> Fit, Sizing, Silhouette, Coverage, and Body Compatibility -> Functionality, Fit, and Wearability -> Functional Fit and Wearability"
Functional Fit and Wearability,Sizing up usually needed,1,"Sizing up usually needed -> Fit, Silhouette, and Body-Proportion Experience -> Fit, Sizing, Proportion, and Body Compatibility -> Fit, Sizing, Silhouette, Coverage, and Body Compatibility -> Functionality, Fit, and Wearability -> Functional Fit and Wearability"
Functional Fit and Wearability,Sizing was true to size,1,"Sizing was true to size -> Fit, sizing, and body-proportion compatibility -> Fit, Silhouette, Coverage, and Proportion -> Fit, Sizing, Silhouette, Coverage, and Body Compatibility -> Functionality, Fit, and Wearability -> Functional Fit and Wearability"
Functional Fit and Wearability,Skirt too long and full,1,"Skirt too long and full -> Fit, sizing, and body-shape compatibility -> Fit, Sizing, Proportion, and Body Compatibility -> Fit, Sizing, Silhouette, Coverage, and Body Compatibility -> Functionality, Fit, and Wearability -> Functional Fit and Wearability"
Functional Fit and Wearability,Sleeve rolling requires room,1,"Sleeve rolling requires room -> Fit, sizing, and proportions -> Fit, Sizing, Proportion, and Body Compatibility -> Fit, Sizing, Silhouette, Coverage, and Body Compatibility -> Functionality, Fit, and Wearability -> Functional Fit and Wearability"
Functional Fit and Wearability,Sleeve versatility,1,"Sleeve versatility -> Seasonal and Lifestyle Versatility -> Versatility, Styling, Layering, and Occasion Suitability -> Versatility, Coordination, Occasion Suitability, and Functionality -> Functionality, Fit, and Wearability -> Functional Fit and Wearability"
Functional Fit and Wearability,Sleeves and shoulders run snug,1,"Sleeves and shoulders run snug -> Fit, sizing, and proportions -> Fit, Sizing, Proportion, and Body Compatibility -> Fit, Sizing, Silhouette, Coverage, and Body Compatibility -> Functionality, Fit, and Wearability -> Functional Fit and Wearability"
Functional Fit and Wearability,Sleeves appear larger than pictured,1,"Sleeves appear larger than pictured -> Fit, sizing, length, and coverage -> Fit, Sizing, Proportion, and Body Compatibility -> Fit, Sizing, Silhouette, Coverage, and Body Compatibility -> Functionality, Fit, and Wearability -> Functional Fit and Wearability"
Functional Fit and Wearability,Sleeves conceal bra straps,1,"Sleeves conceal bra straps -> Coverage, layering, and styling functionality -> Fit, Silhouette, Coverage, and Proportion -> Fit, Sizing, Silhouette, Coverage, and Body Compatibility -> Functionality, Fit, and Wearability -> Functional Fit and Wearability"
Functional Fit and Wearability,Sleeves longer than expected,1,"Sleeves longer than expected -> Fit, sizing, and body-shape compatibility -> Fit, Sizing, Proportion, and Body Compatibility -> Fit, Sizing, Silhouette, Coverage, and Body Compatibility -> Functionality, Fit, and Wearability -> Functional Fit and Wearability"
Functional Fit and Wearability,Sleeves restrict forward movement,1,"Sleeves restrict forward movement -> Comfort, softness, and everyday wearability -> Fabric, Material Feel, Comfort, and Wearability -> Fabric, Material Feel, Comfort, and Wearability -> Functionality, Fit, and Wearability -> Functional Fit and Wearability"
Functional Fit and Wearability,Sleeves too long,1,"Sleeves too long -> Fit, sizing, and garment proportions -> Fit, Sizing, Proportion, and Body Compatibility -> Fit, Sizing, Silhouette, Coverage, and Body Compatibility -> Functionality, Fit, and Wearability -> Functional Fit and Wearability"
Functional Fit and Wearability,Slight material stretch,1,"Slight material stretch -> Fabric Comfort, Feel, and Weight -> Fabric, Material Feel, Comfort, and Wearability -> Fabric, Material Feel, Comfort, and Wearability -> Functionality, Fit, and Wearability -> Functional Fit and Wearability"
Functional Fit and Wearability,Slightly long sleeves,1,"Slightly long sleeves -> Fit, sizing, and proportions -> Fit, Sizing, Proportion, and Body Compatibility -> Fit, Sizing, Silhouette, Coverage, and Body Compatibility -> Functionality, Fit, and Wearability -> Functional Fit and Wearability"
Functional Fit and Wearability,Slightly loose bust fit,1,"Slightly loose bust fit -> Fit, sizing, and silhouette -> Fit, Sizing, Proportion, and Body Compatibility -> Fit, Sizing, Silhouette, Coverage, and Body Compatibility -> Functionality, Fit, and Wearability -> Functional Fit and Wearability"
Functional Fit and Wearability,Slightly loose fit,1,"Slightly loose fit -> Fit, sizing, and body-shape compatibility -> Fit, Sizing, Proportion, and Body Compatibility -> Fit, Sizing, Silhouette, Coverage, and Body Compatibility -> Functionality, Fit, and Wearability -> Functional Fit and Wearability"
Functional Fit and Wearability,Slightly low waist,1,"Slightly low waist -> Fit, sizing, and body-proportion compatibility -> Fit, Silhouette, Coverage, and Proportion -> Fit, Sizing, Silhouette, Coverage, and Body Compatibility -> Functionality, Fit, and Wearability -> Functional Fit and Wearability"
Functional Fit and Wearability,Slightly oversized for petite wearer,1,"Slightly oversized for petite wearer -> Fit, sizing, and body-shape compatibility -> Fit, Sizing, Proportion, and Body Compatibility -> Fit, Sizing, Silhouette, Coverage, and Body Compatibility -> Functionality, Fit, and Wearability -> Functional Fit and Wearability"
Functional Fit and Wearability,Slightly oversized shoulders,1,"Slightly oversized shoulders -> Fit, sizing, and silhouette -> Fit, Sizing, Proportion, and Body Compatibility -> Fit, Sizing, Silhouette, Coverage, and Body Compatibility -> Functionality, Fit, and Wearability -> Functional Fit and Wearability"
Functional Fit and Wearability,Slightly sheer fabric,1,"Slightly sheer fabric -> Comfort, fabric feel, and wearability -> Comfort, Fabric, and Wearability -> Fabric, Material Feel, Comfort, and Wearability -> Functionality, Fit, and Wearability -> Functional Fit and Wearability"
Functional Fit and Wearability,Slightly stretchy denim,1,"Slightly stretchy denim -> Comfort, Feel, and Wearability -> Fabric, Material Feel, Comfort, and Wearability -> Fabric, Material Feel, Comfort, and Wearability -> Functionality, Fit, and Wearability -> Functional Fit and Wearability"
Functional Fit and Wearability,Slightly tight shoulders,1,"Slightly tight shoulders -> Fit, Sizing, and Proportions -> Fit, Sizing, Proportion, and Body Compatibility -> Fit, Sizing, Silhouette, Coverage, and Body Compatibility -> Functionality, Fit, and Wearability -> Functional Fit and Wearability"
Functional Fit and Wearability,Slightly tight sleeves,1,"Slightly tight sleeves -> Flattering fit, sizing accuracy, and proportion -> Fit, Sizing, Proportion, and Body Compatibility -> Fit, Sizing, Silhouette, Coverage, and Body Compatibility -> Functionality, Fit, and Wearability -> Functional Fit and Wearability"
Functional Fit and Wearability,Slightly tight upper arms,1,"Slightly tight upper arms -> Fit, sizing, and silhouette -> Fit, Sizing, Proportion, and Body Compatibility -> Fit, Sizing, Silhouette, Coverage, and Body Compatibility -> Functionality, Fit, and Wearability -> Functional Fit and Wearability"
Functional Fit and Wearability,Slim fit prompted sizing up,1,"Slim fit prompted sizing up -> Fit, Sizing, and Proportions -> Fit, Sizing, Proportion, and Body Compatibility -> Fit, Sizing, Silhouette, Coverage, and Body Compatibility -> Functionality, Fit, and Wearability -> Functional Fit and Wearability"
Functional Fit and Wearability,"Slim, nonconstricting fit",1,"Slim, nonconstricting fit -> Fit, Silhouette, and Body-Proportion Experience -> Fit, Sizing, Proportion, and Body Compatibility -> Fit, Sizing, Silhouette, Coverage, and Body Compatibility -> Functionality, Fit, and Wearability -> Functional Fit and Wearability"
Functional Fit and Wearability,Slimming appearance,1,"Slimming appearance -> Flattering silhouette and shape definition -> Fit, Silhouette, Coverage, and Proportion -> Fit, Sizing, Silhouette, Coverage, and Body Compatibility -> Functionality, Fit, and Wearability -> Functional Fit and Wearability"
Functional Fit and Wearability,Slimming loose-knit appearance,1,"Slimming loose-knit appearance -> Flattering silhouette and shape definition -> Fit, Silhouette, Coverage, and Proportion -> Fit, Sizing, Silhouette, Coverage, and Body Compatibility -> Functionality, Fit, and Wearability -> Functional Fit and Wearability"
Functional Fit and Wearability,Slimming silhouette,1,"Slimming silhouette -> Fit, sizing, and silhouette -> Fit, Sizing, Proportion, and Body Compatibility -> Fit, Sizing, Silhouette, Coverage, and Body Compatibility -> Functionality, Fit, and Wearability -> Functional Fit and Wearability"
Functional Fit and Wearability,Slimming yet forgiving fit,1,"Slimming yet forgiving fit -> Fit, sizing, and garment proportions -> Fit, Sizing, Proportion, and Body Compatibility -> Fit, Sizing, Silhouette, Coverage, and Body Compatibility -> Functionality, Fit, and Wearability -> Functional Fit and Wearability"
Functional Fit and Wearability,Small feels too large,1,"Small feels too large -> Fit, sizing, and body-shape compatibility -> Fit, Sizing, Proportion, and Body Compatibility -> Fit, Sizing, Silhouette, Coverage, and Body Compatibility -> Functionality, Fit, and Wearability -> Functional Fit and Wearability"
Functional Fit and Wearability,Small fits as expected,1,"Small fits as expected -> Flattering fit, sizing accuracy, and proportion -> Fit, Sizing, Proportion, and Body Compatibility -> Fit, Sizing, Silhouette, Coverage, and Body Compatibility -> Functionality, Fit, and Wearability -> Functional Fit and Wearability"
Functional Fit and Wearability,Small fits at 135 pounds,1,"Small fits at 135 pounds -> Fit, sizing, and body-proportion compatibility -> Fit, Silhouette, Coverage, and Proportion -> Fit, Sizing, Silhouette, Coverage, and Body Compatibility -> Functionality, Fit, and Wearability -> Functional Fit and Wearability"
Functional Fit and Wearability,Small fits preferred,1,"Small fits preferred -> Fit, Sizing, and Body Shape -> Fit, Sizing, Proportion, and Body Compatibility -> Fit, Sizing, Silhouette, Coverage, and Body Compatibility -> Functionality, Fit, and Wearability -> Functional Fit and Wearability"
Functional Fit and Wearability,Small fits size 2/4,1,"Small fits size 2/4 -> Fit, sizing, and body-shape compatibility -> Fit, Sizing, Proportion, and Body Compatibility -> Fit, Sizing, Silhouette, Coverage, and Body Compatibility -> Functionality, Fit, and Wearability -> Functional Fit and Wearability"
Functional Fit and Wearability,Small fits true to size,1,"Small fits true to size -> Fit, Sizing, and Proportion -> Fit, Sizing, Proportion, and Body Compatibility -> Fit, Sizing, Silhouette, Coverage, and Body Compatibility -> Functionality, Fit, and Wearability -> Functional Fit and Wearability"
Functional Fit and Wearability,Small fits usual size,1,"Small fits usual size -> Fit, sizing, and proportions -> Fit, Sizing, Proportion, and Body Compatibility -> Fit, Sizing, Silhouette, Coverage, and Body Compatibility -> Functionality, Fit, and Wearability -> Functional Fit and Wearability"
Functional Fit and Wearability,Small fits usual size range,1,"Small fits usual size range -> Fit, sizing, and body-shape compatibility -> Fit, Sizing, Proportion, and Body Compatibility -> Fit, Sizing, Silhouette, Coverage, and Body Compatibility -> Functionality, Fit, and Wearability -> Functional Fit and Wearability"
Functional Fit and Wearability,Small size fits snugly,1,"Small size fits snugly -> Fit, sizing, and body-shape compatibility -> Fit, Sizing, Proportion, and Body Compatibility -> Fit, Sizing, Silhouette, Coverage, and Body Compatibility -> Functionality, Fit, and Wearability -> Functional Fit and Wearability"
Functional Fit and Wearability,Small underarm holes,1,"Small underarm holes -> Fit, sizing, and proportions -> Fit, Sizing, Proportion, and Body Compatibility -> Fit, Sizing, Silhouette, Coverage, and Body Compatibility -> Functionality, Fit, and Wearability -> Functional Fit and Wearability"
Functional Fit and Wearability,Smaller size fits perfectly,1,"Smaller size fits perfectly -> Fit, sizing, and silhouette -> Fit, Sizing, Proportion, and Body Compatibility -> Fit, Sizing, Silhouette, Coverage, and Body Compatibility -> Functionality, Fit, and Wearability -> Functional Fit and Wearability"
Functional Fit and Wearability,Smaller size unavailable,1,"Smaller size unavailable -> Fit, Sizing, and Proportions -> Fit, Sizing, Proportion, and Body Compatibility -> Fit, Sizing, Silhouette, Coverage, and Body Compatibility -> Functionality, Fit, and Wearability -> Functional Fit and Wearability"
Functional Fit and Wearability,Smallest size unavailable,1,"Smallest size unavailable -> Fit, sizing, and body-shape compatibility -> Fit, Sizing, Proportion, and Body Compatibility -> Fit, Sizing, Silhouette, Coverage, and Body Compatibility -> Functionality, Fit, and Wearability -> Functional Fit and Wearability"
Functional Fit and Wearability,Snug chest fit,1,"Snug chest fit -> Fit, sizing, and silhouette -> Fit, Sizing, Proportion, and Body Compatibility -> Fit, Sizing, Silhouette, Coverage, and Body Compatibility -> Functionality, Fit, and Wearability -> Functional Fit and Wearability"
Functional Fit and Wearability,Snug fit,1,"Snug fit -> Fit, sizing, and proportions -> Fit, Sizing, Proportion, and Body Compatibility -> Fit, Sizing, Silhouette, Coverage, and Body Compatibility -> Functionality, Fit, and Wearability -> Functional Fit and Wearability"
Functional Fit and Wearability,Snug fit limits layering,1,"Snug fit limits layering -> Fit, sizing, and proportions -> Fit, Sizing, Proportion, and Body Compatibility -> Fit, Sizing, Silhouette, Coverage, and Body Compatibility -> Functionality, Fit, and Wearability -> Functional Fit and Wearability"
Functional Fit and Wearability,Snug fit without tightness,1,"Snug fit without tightness -> Fit, sizing, and body-proportion compatibility -> Fit, Silhouette, Coverage, and Proportion -> Fit, Sizing, Silhouette, Coverage, and Body Compatibility -> Functionality, Fit, and Wearability -> Functional Fit and Wearability"
Functional Fit and Wearability,Snug stretchy sleeves,1,"Snug stretchy sleeves -> Fit, sizing, and body-shape compatibility -> Fit, Sizing, Proportion, and Body Compatibility -> Fit, Sizing, Silhouette, Coverage, and Body Compatibility -> Functionality, Fit, and Wearability -> Functional Fit and Wearability"
Functional Fit and Wearability,Snug thighs accommodate muscle,1,"Snug thighs accommodate muscle -> Fit, sizing, and body-proportion compatibility -> Fit, Silhouette, Coverage, and Proportion -> Fit, Sizing, Silhouette, Coverage, and Body Compatibility -> Functionality, Fit, and Wearability -> Functional Fit and Wearability"
Functional Fit and Wearability,Soft and comfortable,1,"Soft and comfortable -> Comfort, Feel, and Wearability -> Fabric, Material Feel, Comfort, and Wearability -> Fabric, Material Feel, Comfort, and Wearability -> Functionality, Fit, and Wearability -> Functional Fit and Wearability"
Functional Fit and Wearability,Soft and cozy material,1,"Soft and cozy material -> Comfort, Fabric, and Wearability -> Fabric, Material Feel, Comfort, and Wearability -> Fabric, Material Feel, Comfort, and Wearability -> Functionality, Fit, and Wearability -> Functional Fit and Wearability"
Functional Fit and Wearability,Soft and warm fabric,1,"Soft and warm fabric -> Comfort, fabric, and wearability -> Comfort, Fabric, and Wearability -> Fabric, Material Feel, Comfort, and Wearability -> Functionality, Fit, and Wearability -> Functional Fit and Wearability"
Functional Fit and Wearability,Soft cotton fabric,1,"Soft cotton fabric -> Comfort, softness, and wearability -> Comfort, Fabric, and Wearability -> Fabric, Material Feel, Comfort, and Wearability -> Functionality, Fit, and Wearability -> Functional Fit and Wearability"
Functional Fit and Wearability,Soft denim fabric,1,"Soft denim fabric -> Comfort, softness, and wearability -> Comfort, Fabric, and Wearability -> Fabric, Material Feel, Comfort, and Wearability -> Functionality, Fit, and Wearability -> Functional Fit and Wearability"
Functional Fit and Wearability,Soft fabric for sensitive skin,1,"Soft fabric for sensitive skin -> Comfort, Fabric, and Wearability -> Fabric, Material Feel, Comfort, and Wearability -> Fabric, Material Feel, Comfort, and Wearability -> Functionality, Fit, and Wearability -> Functional Fit and Wearability"
Functional Fit and Wearability,Soft fleece-like fabric,1,"Soft fleece-like fabric -> Comfort, Feel, and Wearability -> Fabric, Material Feel, Comfort, and Wearability -> Fabric, Material Feel, Comfort, and Wearability -> Functionality, Fit, and Wearability -> Functional Fit and Wearability"
Functional Fit and Wearability,Soft inner layer,1,"Soft inner layer -> Fabric comfort, warmth, and wearability -> Fabric, Material Feel, Comfort, and Wearability -> Fabric, Material Feel, Comfort, and Wearability -> Functionality, Fit, and Wearability -> Functional Fit and Wearability"
Functional Fit and Wearability,Soft lightweight material,1,"Soft lightweight material -> Comfort, softness, and everyday wearability -> Fabric, Material Feel, Comfort, and Wearability -> Fabric, Material Feel, Comfort, and Wearability -> Functionality, Fit, and Wearability -> Functional Fit and Wearability"
Functional Fit and Wearability,Soft opaque material,1,"Soft opaque material -> Fabric Comfort, Feel, and Weight -> Fabric, Material Feel, Comfort, and Wearability -> Fabric, Material Feel, Comfort, and Wearability -> Functionality, Fit, and Wearability -> Functional Fit and Wearability"
Functional Fit and Wearability,Soft stylish material,1,"Soft stylish material -> Comfort, fabric, and wearability -> Comfort, Fabric, and Wearability -> Fabric, Material Feel, Comfort, and Wearability -> Functionality, Fit, and Wearability -> Functional Fit and Wearability"
Functional Fit and Wearability,Soft suede-like fabric,1,"Soft suede-like fabric -> Fabric Comfort, Feel, and Weight -> Fabric, Material Feel, Comfort, and Wearability -> Fabric, Material Feel, Comfort, and Wearability -> Functionality, Fit, and Wearability -> Functional Fit and Wearability"
Functional Fit and Wearability,Soft sweater material,1,"Soft sweater material -> Comfort, fabric, and wearability -> Comfort, Fabric, and Wearability -> Fabric, Material Feel, Comfort, and Wearability -> Functionality, Fit, and Wearability -> Functional Fit and Wearability"
Functional Fit and Wearability,Soft t-shirt fabric,1,"Soft t-shirt fabric -> Comfort, fabric feel, and wearability -> Comfort, Fabric, and Wearability -> Fabric, Material Feel, Comfort, and Wearability -> Functionality, Fit, and Wearability -> Functional Fit and Wearability"
Functional Fit and Wearability,Soft wool despite sensitivity,1,"Soft wool despite sensitivity -> Comfort, softness, and everyday wearability -> Fabric, Material Feel, Comfort, and Wearability -> Fabric, Material Feel, Comfort, and Wearability -> Functionality, Fit, and Wearability -> Functional Fit and Wearability"
Functional Fit and Wearability,"Soft, appealing fabric",1,"Soft, appealing fabric -> Fabric comfort and feel -> Fabric, Material Feel, Comfort, and Wearability -> Fabric, Material Feel, Comfort, and Wearability -> Functionality, Fit, and Wearability -> Functional Fit and Wearability"
Functional Fit and Wearability,"Soft, attractive fabric",1,"Soft, attractive fabric -> Fabric feel, comfort, and wearability -> Comfort, Fabric, and Wearability -> Fabric, Material Feel, Comfort, and Wearability -> Functionality, Fit, and Wearability -> Functional Fit and Wearability"
Functional Fit and Wearability,"Soft, comfortable fabric",1,"Soft, comfortable fabric -> Fabric comfort, warmth, and wearability -> Fabric, Material Feel, Comfort, and Wearability -> Fabric, Material Feel, Comfort, and Wearability -> Functionality, Fit, and Wearability -> Functional Fit and Wearability"
Functional Fit and Wearability,"Soft, comfortable feel",1,"Soft, comfortable feel -> Fabric comfort and feel -> Fabric, Material Feel, Comfort, and Wearability -> Fabric, Material Feel, Comfort, and Wearability -> Functionality, Fit, and Wearability -> Functional Fit and Wearability"
Functional Fit and Wearability,"Soft, comfortable, forgiving fabric",1,"Soft, comfortable, forgiving fabric -> Comfort, fabric feel, and wearability -> Comfort, Fabric, and Wearability -> Fabric, Material Feel, Comfort, and Wearability -> Functionality, Fit, and Wearability -> Functional Fit and Wearability"
Functional Fit and Wearability,"Soft, forgiving fabric",1,"Soft, forgiving fabric -> Comfort, Feel, and Wearability -> Fabric, Material Feel, Comfort, and Wearability -> Fabric, Material Feel, Comfort, and Wearability -> Functionality, Fit, and Wearability -> Functional Fit and Wearability"
Functional Fit and Wearability,"Soft, lovely fabric",1,"Soft, lovely fabric -> Comfort, softness, and wearability -> Comfort, Fabric, and Wearability -> Fabric, Material Feel, Comfort, and Wearability -> Functionality, Fit, and Wearability -> Functional Fit and Wearability"
Functional Fit and Wearability,"Soft, pleasant hand feel",1,"Soft, pleasant hand feel -> Comfort, softness, and everyday wearability -> Fabric, Material Feel, Comfort, and Wearability -> Fabric, Material Feel, Comfort, and Wearability -> Functionality, Fit, and Wearability -> Functional Fit and Wearability"
Functional Fit and Wearability,"Soft, stretchy fabric",1,"Soft, stretchy fabric -> Comfort, softness, and wearability -> Comfort, Fabric, and Wearability -> Fabric, Material Feel, Comfort, and Wearability -> Functionality, Fit, and Wearability -> Functional Fit and Wearability"
Functional Fit and Wearability,"Soft, structured fabric",1,"Soft, structured fabric -> Fabric feel, weight, and comfort -> Comfort, Fabric, and Wearability -> Fabric, Material Feel, Comfort, and Wearability -> Functionality, Fit, and Wearability -> Functional Fit and Wearability"
Functional Fit and Wearability,"Soft, thick fabric",1,"Soft, thick fabric -> Comfort, fabric feel, and wearability -> Comfort, Fabric, and Wearability -> Fabric, Material Feel, Comfort, and Wearability -> Functionality, Fit, and Wearability -> Functional Fit and Wearability"
Functional Fit and Wearability,"Soft, thin, stretchy fabric",1,"Soft, thin, stretchy fabric -> Comfort, fabric feel, and wearability -> Comfort, Fabric, and Wearability -> Fabric, Material Feel, Comfort, and Wearability -> Functionality, Fit, and Wearability -> Functional Fit and Wearability"
Functional Fit and Wearability,"Soft, versatile fabric",1,"Soft, versatile fabric -> Fabric Comfort, Feel, and Weight -> Fabric, Material Feel, Comfort, and Wearability -> Fabric, Material Feel, Comfort, and Wearability -> Functionality, Fit, and Wearability -> Functional Fit and Wearability"
Functional Fit and Wearability,"Soft, warm fabric",1,"Soft, warm fabric -> Fabric comfort, warmth, and wearability -> Fabric, Material Feel, Comfort, and Wearability -> Fabric, Material Feel, Comfort, and Wearability -> Functionality, Fit, and Wearability -> Functional Fit and Wearability"
Functional Fit and Wearability,Somewhat see-through,1,"Somewhat see-through -> Fabric comfort, warmth, and wearability -> Fabric, Material Feel, Comfort, and Wearability -> Fabric, Material Feel, Comfort, and Wearability -> Functionality, Fit, and Wearability -> Functional Fit and Wearability"
Functional Fit and Wearability,Specific waist measurement shared,1,"Specific waist measurement shared -> Fit, sizing, and proportions -> Fit, Sizing, Proportion, and Body Compatibility -> Fit, Sizing, Silhouette, Coverage, and Body Compatibility -> Functionality, Fit, and Wearability -> Functional Fit and Wearability"
Functional Fit and Wearability,Spring/summer suitability,1,"Spring/summer suitability -> Comfort, softness, and everyday wearability -> Fabric, Material Feel, Comfort, and Wearability -> Fabric, Material Feel, Comfort, and Wearability -> Functionality, Fit, and Wearability -> Functional Fit and Wearability"
Functional Fit and Wearability,Stays in place,1,"Stays in place -> Coverage, Opacity, and Garment Functionality -> Functionality, Coverage, and Practical Garment Features -> Versatility, Coordination, Occasion Suitability, and Functionality -> Functionality, Fit, and Wearability -> Functional Fit and Wearability"
Functional Fit and Wearability,Steaming improves appearance,1,"Steaming improves appearance -> Care, maintenance, and versatility -> Versatility, Styling, Layering, and Occasion Suitability -> Versatility, Coordination, Occasion Suitability, and Functionality -> Functionality, Fit, and Wearability -> Functional Fit and Wearability"
Functional Fit and Wearability,Stiff denim fabric,1,"Stiff denim fabric -> Fabric Feel, Comfort, and Wearability -> Fabric, Material Feel, Comfort, and Wearability -> Fabric, Material Feel, Comfort, and Wearability -> Functionality, Fit, and Wearability -> Functional Fit and Wearability"
Functional Fit and Wearability,Stiff fabric,1,"Stiff fabric -> Comfort, fabric feel, and wearability -> Comfort, Fabric, and Wearability -> Fabric, Material Feel, Comfort, and Wearability -> Functionality, Fit, and Wearability -> Functional Fit and Wearability"
Functional Fit and Wearability,Stiff fabric texture,1,"Stiff fabric texture -> Fabric feel, breathability, and wearability -> Comfort, Fabric, and Wearability -> Fabric, Material Feel, Comfort, and Wearability -> Functionality, Fit, and Wearability -> Functional Fit and Wearability"
Functional Fit and Wearability,"Stiff, uncomfortable garment",1,"Stiff, uncomfortable garment -> Fabric comfort, warmth, and wearability -> Fabric, Material Feel, Comfort, and Wearability -> Fabric, Material Feel, Comfort, and Wearability -> Functionality, Fit, and Wearability -> Functional Fit and Wearability"
Functional Fit and Wearability,Store lacked larger size,1,"Store lacked larger size -> Fit, sizing, and body-shape compatibility -> Fit, Sizing, Proportion, and Body Compatibility -> Fit, Sizing, Silhouette, Coverage, and Body Compatibility -> Functionality, Fit, and Wearability -> Functional Fit and Wearability"
Functional Fit and Wearability,Straight cut unflattering for pear shapes,1,"Straight cut unflattering for pear shapes -> Fit, sizing, and body-shape compatibility -> Fit, Sizing, Proportion, and Body Compatibility -> Fit, Sizing, Silhouette, Coverage, and Body Compatibility -> Functionality, Fit, and Wearability -> Functional Fit and Wearability"
Functional Fit and Wearability,"Straight, loose silhouette",1,"Straight, loose silhouette -> Fit, sizing, length, and coverage -> Fit, Sizing, Proportion, and Body Compatibility -> Fit, Sizing, Silhouette, Coverage, and Body Compatibility -> Functionality, Fit, and Wearability -> Functional Fit and Wearability"
Functional Fit and Wearability,Straps slip off shoulders,1,"Straps slip off shoulders -> Fit, sizing, and body-shape compatibility -> Fit, Sizing, Proportion, and Body Compatibility -> Fit, Sizing, Silhouette, Coverage, and Body Compatibility -> Functionality, Fit, and Wearability -> Functional Fit and Wearability"
Functional Fit and Wearability,Strategic stretch enhances fit,1,"Strategic stretch enhances fit -> Fit, sizing, and silhouette -> Fit, Sizing, Proportion, and Body Compatibility -> Fit, Sizing, Silhouette, Coverage, and Body Compatibility -> Functionality, Fit, and Wearability -> Functional Fit and Wearability"
Functional Fit and Wearability,Stretch denim improves comfort,1,"Stretch denim improves comfort -> Fabric feel, comfort, and wearability -> Comfort, Fabric, and Wearability -> Fabric, Material Feel, Comfort, and Wearability -> Functionality, Fit, and Wearability -> Functional Fit and Wearability"
Functional Fit and Wearability,Stretchy fabric,1,"Stretchy fabric -> Fabric feel, breathability, and wearability -> Comfort, Fabric, and Wearability -> Fabric, Material Feel, Comfort, and Wearability -> Functionality, Fit, and Wearability -> Functional Fit and Wearability"
Functional Fit and Wearability,Stretchy fabric improves fit,1,"Stretchy fabric improves fit -> Fit, sizing, and proportions -> Fit, Sizing, Proportion, and Body Compatibility -> Fit, Sizing, Silhouette, Coverage, and Body Compatibility -> Functionality, Fit, and Wearability -> Functional Fit and Wearability"
Functional Fit and Wearability,Stretchy top,1,"Stretchy top -> Comfort, fabric feel, and wearability -> Comfort, Fabric, and Wearability -> Fabric, Material Feel, Comfort, and Wearability -> Functionality, Fit, and Wearability -> Functional Fit and Wearability"
Functional Fit and Wearability,Structured appearance,1,"Structured appearance -> Neckline, silhouette, and flattering appearance -> Fit, Sizing, Proportion, and Body Compatibility -> Fit, Sizing, Silhouette, Coverage, and Body Compatibility -> Functionality, Fit, and Wearability -> Functional Fit and Wearability"
Functional Fit and Wearability,"Sturdy, comfortable denim weight",1,"Sturdy, comfortable denim weight -> Fabric feel, comfort, and wearability -> Comfort, Fabric, and Wearability -> Fabric, Material Feel, Comfort, and Wearability -> Functionality, Fit, and Wearability -> Functional Fit and Wearability"
Functional Fit and Wearability,Style accentuates bust,1,"Style accentuates bust -> Flattering and Unflattering Design Effects -> Fit, Sizing, Proportion, and Body Compatibility -> Fit, Sizing, Silhouette, Coverage, and Body Compatibility -> Functionality, Fit, and Wearability -> Functional Fit and Wearability"
Functional Fit and Wearability,Styling adjustment improved appearance,1,"Styling adjustment improved appearance -> Versatility and styling potential -> Versatility, Styling, Layering, and Occasion Suitability -> Versatility, Coordination, Occasion Suitability, and Functionality -> Functionality, Fit, and Wearability -> Functional Fit and Wearability"
Functional Fit and Wearability,Styling preference for fitted tops,1,"Styling preference for fitted tops -> Versatility and Ease of Styling -> Versatility, Styling, Layering, and Occasion Suitability -> Versatility, Coordination, Occasion Suitability, and Functionality -> Functionality, Fit, and Wearability -> Functional Fit and Wearability"
Functional Fit and Wearability,Styling versatility,1,"Styling versatility -> Styling versatility and coordination -> Versatility, Styling, Layering, and Occasion Suitability -> Versatility, Coordination, Occasion Suitability, and Functionality -> Functionality, Fit, and Wearability -> Functional Fit and Wearability"
Functional Fit and Wearability,Stylish front slit design,1,"Stylish front slit design -> Style, silhouette, and design appeal -> Fit, Silhouette, Coverage, and Proportion -> Fit, Sizing, Silhouette, Coverage, and Body Compatibility -> Functionality, Fit, and Wearability -> Functional Fit and Wearability"
Functional Fit and Wearability,Stylish hemline,1,"Stylish hemline -> Neckline, silhouette, and flattering appearance -> Fit, Sizing, Proportion, and Body Compatibility -> Fit, Sizing, Silhouette, Coverage, and Body Compatibility -> Functionality, Fit, and Wearability -> Functional Fit and Wearability"
Functional Fit and Wearability,Stylish versatile layering piece,1,"Stylish versatile layering piece -> Versatility, layering, and seasonal suitability -> Versatility, Styling, Layering, and Occasion Suitability -> Versatility, Coordination, Occasion Suitability, and Functionality -> Functionality, Fit, and Wearability -> Functional Fit and Wearability"
Functional Fit and Wearability,Stylish yet modest design,1,"Stylish yet modest design -> Flattering and Unflattering Design Effects -> Fit, Sizing, Proportion, and Body Compatibility -> Fit, Sizing, Silhouette, Coverage, and Body Compatibility -> Functionality, Fit, and Wearability -> Functional Fit and Wearability"
Functional Fit and Wearability,Subpar wool quality,1,"Subpar wool quality -> Fabric feel, weight, and comfort -> Comfort, Fabric, and Wearability -> Fabric, Material Feel, Comfort, and Wearability -> Functionality, Fit, and Wearability -> Functional Fit and Wearability"
Functional Fit and Wearability,Substantial fabric weight,1,"Substantial fabric weight -> Fabric comfort and feel -> Fabric, Material Feel, Comfort, and Wearability -> Fabric, Material Feel, Comfort, and Wearability -> Functionality, Fit, and Wearability -> Functional Fit and Wearability"
Functional Fit and Wearability,Successful size choice,1,"Successful size choice -> Fit, sizing, and proportions -> Fit, Sizing, Proportion, and Body Compatibility -> Fit, Sizing, Silhouette, Coverage, and Body Compatibility -> Functionality, Fit, and Wearability -> Functional Fit and Wearability"
Functional Fit and Wearability,Suitable as nightwear,1,"Suitable as nightwear -> Versatility and occasion suitability -> Versatility, Styling, Layering, and Occasion Suitability -> Versatility, Coordination, Occasion Suitability, and Functionality -> Functionality, Fit, and Wearability -> Functional Fit and Wearability"
Functional Fit and Wearability,Suitable as sleepwear,1,"Suitable as sleepwear -> Seasonal and Lifestyle Versatility -> Versatility, Styling, Layering, and Occasion Suitability -> Versatility, Coordination, Occasion Suitability, and Functionality -> Functionality, Fit, and Wearability -> Functional Fit and Wearability"
Functional Fit and Wearability,Suitable blouse length,1,"Suitable blouse length -> Fit, sizing, and garment proportions -> Fit, Sizing, Proportion, and Body Compatibility -> Fit, Sizing, Silhouette, Coverage, and Body Compatibility -> Functionality, Fit, and Wearability -> Functional Fit and Wearability"
Functional Fit and Wearability,Suitable for Derby events,1,"Suitable for Derby events -> Seasonal and Lifestyle Versatility -> Versatility, Styling, Layering, and Occasion Suitability -> Versatility, Coordination, Occasion Suitability, and Functionality -> Functionality, Fit, and Wearability -> Functional Fit and Wearability"
Functional Fit and Wearability,Suitable for all seasons,1,"Suitable for all seasons -> Seasonal and Lifestyle Versatility -> Versatility, Styling, Layering, and Occasion Suitability -> Versatility, Coordination, Occasion Suitability, and Functionality -> Functionality, Fit, and Wearability -> Functional Fit and Wearability"
Functional Fit and Wearability,Suitable for average winter days,1,"Suitable for average winter days -> Comfort, fabric feel, and wearability -> Comfort, Fabric, and Wearability -> Fabric, Material Feel, Comfort, and Wearability -> Functionality, Fit, and Wearability -> Functional Fit and Wearability"
Functional Fit and Wearability,Suitable for cold dry weather,1,"Suitable for cold dry weather -> Fabric comfort, warmth, and wearability -> Fabric, Material Feel, Comfort, and Wearability -> Fabric, Material Feel, Comfort, and Wearability -> Functionality, Fit, and Wearability -> Functional Fit and Wearability"
Functional Fit and Wearability,Suitable for cold seasons,1,"Suitable for cold seasons -> Fabric comfort, warmth, and wearability -> Fabric, Material Feel, Comfort, and Wearability -> Fabric, Material Feel, Comfort, and Wearability -> Functionality, Fit, and Wearability -> Functional Fit and Wearability"
Functional Fit and Wearability,Suitable for colder weather,1,"Suitable for colder weather -> Versatility and occasion suitability -> Versatility, Styling, Layering, and Occasion Suitability -> Versatility, Coordination, Occasion Suitability, and Functionality -> Functionality, Fit, and Wearability -> Functional Fit and Wearability"
Functional Fit and Wearability,Suitable for dressed-up occasions,1,"Suitable for dressed-up occasions -> Styling versatility and occasion suitability -> Versatility, Styling, Layering, and Occasion Suitability -> Versatility, Coordination, Occasion Suitability, and Functionality -> Functionality, Fit, and Wearability -> Functional Fit and Wearability"
Functional Fit and Wearability,Suitable for dressy or casual wear,1,"Suitable for dressy or casual wear -> Versatility and Occasion Suitability -> Versatility, Styling, Layering, and Occasion Suitability -> Versatility, Coordination, Occasion Suitability, and Functionality -> Functionality, Fit, and Wearability -> Functional Fit and Wearability"
Functional Fit and Wearability,Suitable for hot humid weather,1,"Suitable for hot humid weather -> Versatility and Occasion Suitability -> Versatility, Styling, Layering, and Occasion Suitability -> Versatility, Coordination, Occasion Suitability, and Functionality -> Functionality, Fit, and Wearability -> Functional Fit and Wearability"
Functional Fit and Wearability,Suitable for larger figures,1,"Suitable for larger figures -> Fit, sizing, and silhouette -> Fit, Sizing, Proportion, and Body Compatibility -> Fit, Sizing, Silhouette, Coverage, and Body Compatibility -> Functionality, Fit, and Wearability -> Functional Fit and Wearability"
Functional Fit and Wearability,Suitable for mild weather,1,"Suitable for mild weather -> Versatility and Occasion Suitability -> Versatility, Styling, Layering, and Occasion Suitability -> Versatility, Coordination, Occasion Suitability, and Functionality -> Functionality, Fit, and Wearability -> Functional Fit and Wearability"
Functional Fit and Wearability,Suitable for parties,1,"Suitable for parties -> Styling versatility and occasion suitability -> Versatility, Styling, Layering, and Occasion Suitability -> Versatility, Coordination, Occasion Suitability, and Functionality -> Functionality, Fit, and Wearability -> Functional Fit and Wearability"
Functional Fit and Wearability,Suitable for petite frames,1,"Suitable for petite frames -> Petite fit and garment length -> Fit, Sizing, Proportion, and Body Compatibility -> Fit, Sizing, Silhouette, Coverage, and Body Compatibility -> Functionality, Fit, and Wearability -> Functional Fit and Wearability"
Functional Fit and Wearability,Suitable for petite shoppers,1,"Suitable for petite shoppers -> Petite fit and garment length -> Fit, Sizing, Proportion, and Body Compatibility -> Fit, Sizing, Silhouette, Coverage, and Body Compatibility -> Functionality, Fit, and Wearability -> Functional Fit and Wearability"
Functional Fit and Wearability,Suitable for short torsos,1,"Suitable for short torsos -> Fit, sizing, and proportions -> Fit, Sizing, Proportion, and Body Compatibility -> Fit, Sizing, Silhouette, Coverage, and Body Compatibility -> Functionality, Fit, and Wearability -> Functional Fit and Wearability"
Functional Fit and Wearability,Suitable for shorter wearer,1,"Suitable for shorter wearer -> Fit, Sizing, and Proportion -> Fit, Sizing, Proportion, and Body Compatibility -> Fit, Sizing, Silhouette, Coverage, and Body Compatibility -> Functionality, Fit, and Wearability -> Functional Fit and Wearability"
Functional Fit and Wearability,Suitable for shorter wearers,1,"Suitable for shorter wearers -> Fit, Sizing, and Proportion -> Fit, Sizing, Proportion, and Body Compatibility -> Fit, Sizing, Silhouette, Coverage, and Body Compatibility -> Functionality, Fit, and Wearability -> Functional Fit and Wearability"
Functional Fit and Wearability,Suitable for special occasion,1,"Suitable for special occasion -> Versatility and Occasion Suitability -> Versatility, Styling, Layering, and Occasion Suitability -> Versatility, Coordination, Occasion Suitability, and Functionality -> Functionality, Fit, and Wearability -> Functional Fit and Wearability"
Functional Fit and Wearability,Suitable for spring and summer,1,"Suitable for spring and summer -> Seasonal and situational versatility -> Versatility, Styling, Layering, and Occasion Suitability -> Versatility, Coordination, Occasion Suitability, and Functionality -> Functionality, Fit, and Wearability -> Functional Fit and Wearability"
Functional Fit and Wearability,Suitable for summer,1,"Suitable for summer -> Versatility, layering, and seasonal suitability -> Versatility, Styling, Layering, and Occasion Suitability -> Versatility, Coordination, Occasion Suitability, and Functionality -> Functionality, Fit, and Wearability -> Functional Fit and Wearability"
Functional Fit and Wearability,Suitable for warm climates,1,"Suitable for warm climates -> Seasonal and Lifestyle Versatility -> Versatility, Styling, Layering, and Occasion Suitability -> Versatility, Coordination, Occasion Suitability, and Functionality -> Functionality, Fit, and Wearability -> Functional Fit and Wearability"
Functional Fit and Wearability,Suitable for warm weather,1,"Suitable for warm weather -> Comfort, warmth, and wearability -> Fabric, Material Feel, Comfort, and Wearability -> Fabric, Material Feel, Comfort, and Wearability -> Functionality, Fit, and Wearability -> Functional Fit and Wearability"
Functional Fit and Wearability,Suitable for wedding wear,1,"Suitable for wedding wear -> Versatility and occasion suitability -> Versatility, Styling, Layering, and Occasion Suitability -> Versatility, Coordination, Occasion Suitability, and Functionality -> Functionality, Fit, and Wearability -> Functional Fit and Wearability"
Functional Fit and Wearability,Suitable for work,1,"Suitable for work -> Versatility and Occasion Suitability -> Versatility, Styling, Layering, and Occasion Suitability -> Versatility, Coordination, Occasion Suitability, and Functionality -> Functionality, Fit, and Wearability -> Functional Fit and Wearability"
Functional Fit and Wearability,Suitable for work and casual wear,1,"Suitable for work and casual wear -> Versatility and styling potential -> Versatility, Styling, Layering, and Occasion Suitability -> Versatility, Coordination, Occasion Suitability, and Functionality -> Functionality, Fit, and Wearability -> Functional Fit and Wearability"
Functional Fit and Wearability,Suitable for yoga,1,"Suitable for yoga -> Seasonal and Lifestyle Versatility -> Versatility, Styling, Layering, and Occasion Suitability -> Versatility, Coordination, Occasion Suitability, and Functionality -> Functionality, Fit, and Wearability -> Functional Fit and Wearability"
Functional Fit and Wearability,Suitable length for short wearer,1,"Suitable length for short wearer -> Fit, sizing, and proportions -> Fit, Sizing, Proportion, and Body Compatibility -> Fit, Sizing, Silhouette, Coverage, and Body Compatibility -> Functionality, Fit, and Wearability -> Functional Fit and Wearability"
Functional Fit and Wearability,Suitable lightweight warmth,1,"Suitable lightweight warmth -> Fabric Comfort, Feel, and Weight -> Fabric, Material Feel, Comfort, and Wearability -> Fabric, Material Feel, Comfort, and Wearability -> Functionality, Fit, and Wearability -> Functional Fit and Wearability"
Functional Fit and Wearability,Suitable torso length,1,"Suitable torso length -> Fit, sizing, and garment proportions -> Fit, Sizing, Proportion, and Body Compatibility -> Fit, Sizing, Silhouette, Coverage, and Body Compatibility -> Functionality, Fit, and Wearability -> Functional Fit and Wearability"
Functional Fit and Wearability,Suitable warm-weather layering,1,"Suitable warm-weather layering -> Comfort, softness, and wearability -> Comfort, Fabric, and Wearability -> Fabric, Material Feel, Comfort, and Wearability -> Functionality, Fit, and Wearability -> Functional Fit and Wearability"
Functional Fit and Wearability,Summer standout piece,1,"Summer standout piece -> Seasonal and Lifestyle Versatility -> Versatility, Styling, Layering, and Occasion Suitability -> Versatility, Coordination, Occasion Suitability, and Functionality -> Functionality, Fit, and Wearability -> Functional Fit and Wearability"
Functional Fit and Wearability,Super soft fabric,1,"Super soft fabric -> Comfort, softness, and wearability -> Comfort, Fabric, and Wearability -> Fabric, Material Feel, Comfort, and Wearability -> Functionality, Fit, and Wearability -> Functional Fit and Wearability"
Functional Fit and Wearability,Super-soft fabric,1,"Super-soft fabric -> Fabric feel, weight, and comfort -> Comfort, Fabric, and Wearability -> Fabric, Material Feel, Comfort, and Wearability -> Functionality, Fit, and Wearability -> Functional Fit and Wearability"
Functional Fit and Wearability,Sweater appears wider than pictured,1,"Sweater appears wider than pictured -> Fit, sizing, and silhouette -> Fit, Sizing, Proportion, and Body Compatibility -> Fit, Sizing, Silhouette, Coverage, and Body Compatibility -> Functionality, Fit, and Wearability -> Functional Fit and Wearability"
Functional Fit and Wearability,Sweater fits like sweatshirt,1,"Sweater fits like sweatshirt -> Silhouette and shape appeal or dissatisfaction -> Fit, Sizing, Proportion, and Body Compatibility -> Fit, Sizing, Silhouette, Coverage, and Body Compatibility -> Functionality, Fit, and Wearability -> Functional Fit and Wearability"
Functional Fit and Wearability,Swing style required alteration,1,"Swing style required alteration -> Fit, sizing, and proportions -> Fit, Sizing, Proportion, and Body Compatibility -> Fit, Sizing, Silhouette, Coverage, and Body Compatibility -> Functionality, Fit, and Wearability -> Functional Fit and Wearability"
Functional Fit and Wearability,Tailoring fixes length,1,"Tailoring fixes length -> Length and proportion -> Fit, Sizing, Proportion, and Body Compatibility -> Fit, Sizing, Silhouette, Coverage, and Body Compatibility -> Functionality, Fit, and Wearability -> Functional Fit and Wearability"
Functional Fit and Wearability,Tall-friendly ankle length,1,"Tall-friendly ankle length -> Fit, sizing, and proportions -> Fit, Sizing, Proportion, and Body Compatibility -> Fit, Sizing, Silhouette, Coverage, and Body Compatibility -> Functionality, Fit, and Wearability -> Functional Fit and Wearability"
Functional Fit and Wearability,Textured fabric,1,"Textured fabric -> Fabric comfort and feel -> Fabric, Material Feel, Comfort, and Wearability -> Fabric, Material Feel, Comfort, and Wearability -> Functionality, Fit, and Wearability -> Functional Fit and Wearability"
Functional Fit and Wearability,Thick stretchy fabric,1,"Thick stretchy fabric -> Comfort, fabric, and wearability -> Comfort, Fabric, and Wearability -> Fabric, Material Feel, Comfort, and Wearability -> Functionality, Fit, and Wearability -> Functional Fit and Wearability"
Functional Fit and Wearability,Thin delicate material,1,"Thin delicate material -> Fabric feel, weight, and comfort -> Comfort, Fabric, and Wearability -> Fabric, Material Feel, Comfort, and Wearability -> Functionality, Fit, and Wearability -> Functional Fit and Wearability"
Functional Fit and Wearability,Thin fabric concerns,1,"Thin fabric concerns -> Fabric feel, weight, and comfort -> Comfort, Fabric, and Wearability -> Fabric, Material Feel, Comfort, and Wearability -> Functionality, Fit, and Wearability -> Functional Fit and Wearability"
Functional Fit and Wearability,Thin unsupported fabric,1,"Thin unsupported fabric -> Material handfeel and structure -> Fabric, Material Feel, Comfort, and Wearability -> Fabric, Material Feel, Comfort, and Wearability -> Functionality, Fit, and Wearability -> Functional Fit and Wearability"
Functional Fit and Wearability,"Thin, flimsy construction",1,"Thin, flimsy construction -> Fabric feel, comfort, and wearability -> Comfort, Fabric, and Wearability -> Fabric, Material Feel, Comfort, and Wearability -> Functionality, Fit, and Wearability -> Functional Fit and Wearability"
Functional Fit and Wearability,"Thin, itchy material",1,"Thin, itchy material -> Fabric feel, comfort, and wearability -> Comfort, Fabric, and Wearability -> Fabric, Material Feel, Comfort, and Wearability -> Functionality, Fit, and Wearability -> Functional Fit and Wearability"
Functional Fit and Wearability,"Thin, poorly made fabric",1,"Thin, poorly made fabric -> Fabric feel, weight, and comfort -> Comfort, Fabric, and Wearability -> Fabric, Material Feel, Comfort, and Wearability -> Functionality, Fit, and Wearability -> Functional Fit and Wearability"
Functional Fit and Wearability,Three-quarter sleeve length,1,"Three-quarter sleeve length -> Style, appearance, and versatility -> Style Versatility, Coordination, and Functionality -> Versatility, Coordination, Occasion Suitability, and Functionality -> Functionality, Fit, and Wearability -> Functional Fit and Wearability"
Functional Fit and Wearability,Tight arms and shoulders,1,"Tight arms and shoulders -> Flattering fit, sizing accuracy, and proportion -> Fit, Sizing, Proportion, and Body Compatibility -> Fit, Sizing, Silhouette, Coverage, and Body Compatibility -> Functionality, Fit, and Wearability -> Functional Fit and Wearability"
Functional Fit and Wearability,Tight fitted bodice,1,"Tight fitted bodice -> Fit, Sizing, and Body Shape -> Fit, Sizing, Proportion, and Body Compatibility -> Fit, Sizing, Silhouette, Coverage, and Body Compatibility -> Functionality, Fit, and Wearability -> Functional Fit and Wearability"
Functional Fit and Wearability,Tight rib cage,1,"Tight rib cage -> Fit, sizing, and silhouette -> Fit, Sizing, Proportion, and Body Compatibility -> Fit, Sizing, Silhouette, Coverage, and Body Compatibility -> Functionality, Fit, and Wearability -> Functional Fit and Wearability"
Functional Fit and Wearability,Tight rolled sleeves,1,"Tight rolled sleeves -> Fit, Sizing, and Proportion -> Fit, Sizing, Proportion, and Body Compatibility -> Fit, Sizing, Silhouette, Coverage, and Body Compatibility -> Functionality, Fit, and Wearability -> Functional Fit and Wearability"
Functional Fit and Wearability,Tight shoulders and chest,1,"Tight shoulders and chest -> Fit, sizing, and proportions -> Fit, Sizing, Proportion, and Body Compatibility -> Fit, Sizing, Silhouette, Coverage, and Body Compatibility -> Functionality, Fit, and Wearability -> Functional Fit and Wearability"
Functional Fit and Wearability,Tight true-to-size fit,1,"Tight true-to-size fit -> Fit, sizing, and garment proportions -> Fit, Sizing, Proportion, and Body Compatibility -> Fit, Sizing, Silhouette, Coverage, and Body Compatibility -> Functionality, Fit, and Wearability -> Functional Fit and Wearability"
Functional Fit and Wearability,Tight underlayer,1,"Tight underlayer -> Fit, sizing, and silhouette -> Fit, Sizing, Proportion, and Body Compatibility -> Fit, Sizing, Silhouette, Coverage, and Body Compatibility -> Functionality, Fit, and Wearability -> Functional Fit and Wearability"
Functional Fit and Wearability,Tight zipper area,1,"Tight zipper area -> Practical performance and functionality -> Style Versatility, Coordination, and Functionality -> Versatility, Coordination, Occasion Suitability, and Functionality -> Functionality, Fit, and Wearability -> Functional Fit and Wearability"
Functional Fit and Wearability,Tighter than expected,1,"Tighter than expected -> Fit, Silhouette, and Body-Proportion Experience -> Fit, Sizing, Proportion, and Body Compatibility -> Fit, Sizing, Silhouette, Coverage, and Body Compatibility -> Functionality, Fit, and Wearability -> Functional Fit and Wearability"
Functional Fit and Wearability,Tightness restricts breathing,1,"Tightness restricts breathing -> Fit, sizing, and body-proportion compatibility -> Fit, Silhouette, Coverage, and Proportion -> Fit, Sizing, Silhouette, Coverage, and Body Compatibility -> Functionality, Fit, and Wearability -> Functional Fit and Wearability"
Functional Fit and Wearability,Too low-cut neckline,1,"Too low-cut neckline -> Neckline, silhouette, and flattering appearance -> Fit, Sizing, Proportion, and Body Compatibility -> Fit, Sizing, Silhouette, Coverage, and Body Compatibility -> Functionality, Fit, and Wearability -> Functional Fit and Wearability"
Functional Fit and Wearability,Too short,1,"Too short -> Fit, sizing, and garment proportions -> Fit, Sizing, Proportion, and Body Compatibility -> Fit, Sizing, Silhouette, Coverage, and Body Compatibility -> Functionality, Fit, and Wearability -> Functional Fit and Wearability"
Functional Fit and Wearability,Too short for petite wearer,1,"Too short for petite wearer -> Fit, sizing, and garment proportions -> Fit, Sizing, Proportion, and Body Compatibility -> Fit, Sizing, Silhouette, Coverage, and Body Compatibility -> Functionality, Fit, and Wearability -> Functional Fit and Wearability"
Functional Fit and Wearability,Too short torso length,1,"Too short torso length -> Length and proportion -> Fit, Sizing, Proportion, and Body Compatibility -> Fit, Sizing, Silhouette, Coverage, and Body Compatibility -> Functionality, Fit, and Wearability -> Functional Fit and Wearability"
Functional Fit and Wearability,Too tight in usual size,1,"Too tight in usual size -> Fit, sizing, and proportions -> Fit, Sizing, Proportion, and Body Compatibility -> Fit, Sizing, Silhouette, Coverage, and Body Compatibility -> Functionality, Fit, and Wearability -> Functional Fit and Wearability"
Functional Fit and Wearability,Top avoids accentuating hips,1,"Top avoids accentuating hips -> Fit, sizing, and silhouette -> Fit, Sizing, Proportion, and Body Compatibility -> Fit, Sizing, Silhouette, Coverage, and Body Compatibility -> Functionality, Fit, and Wearability -> Functional Fit and Wearability"
Functional Fit and Wearability,Top feels too short,1,"Top feels too short -> Length, Coverage, and Proportion -> Fit, Sizing, Proportion, and Body Compatibility -> Fit, Sizing, Silhouette, Coverage, and Body Compatibility -> Functionality, Fit, and Wearability -> Functional Fit and Wearability"
Functional Fit and Wearability,Top fit too large,1,"Top fit too large -> Fit, sizing, and proportions -> Fit, Sizing, Proportion, and Body Compatibility -> Fit, Sizing, Silhouette, Coverage, and Body Compatibility -> Functionality, Fit, and Wearability -> Functional Fit and Wearability"
Functional Fit and Wearability,Top fits comfortably,1,"Top fits comfortably -> Fit, sizing, and silhouette -> Fit, Sizing, Proportion, and Body Compatibility -> Fit, Sizing, Silhouette, Coverage, and Body Compatibility -> Functionality, Fit, and Wearability -> Functional Fit and Wearability"
Functional Fit and Wearability,Top is too short,1,"Top is too short -> Fit, sizing, and garment proportions -> Fit, Sizing, Proportion, and Body Compatibility -> Fit, Sizing, Silhouette, Coverage, and Body Compatibility -> Functionality, Fit, and Wearability -> Functional Fit and Wearability"
Functional Fit and Wearability,Top length runs shorter,1,"Top length runs shorter -> Fit, sizing, and silhouette -> Fit, Sizing, Proportion, and Body Compatibility -> Fit, Sizing, Silhouette, Coverage, and Body Compatibility -> Functionality, Fit, and Wearability -> Functional Fit and Wearability"
Functional Fit and Wearability,Top looks gorgeous,1,"Top looks gorgeous -> Style, silhouette, and design appeal -> Fit, Silhouette, Coverage, and Proportion -> Fit, Sizing, Silhouette, Coverage, and Body Compatibility -> Functionality, Fit, and Wearability -> Functional Fit and Wearability"
Functional Fit and Wearability,Top runs small,1,"Top runs small -> Fit, sizing, and body-shape compatibility -> Fit, Sizing, Proportion, and Body Compatibility -> Fit, Sizing, Silhouette, Coverage, and Body Compatibility -> Functionality, Fit, and Wearability -> Functional Fit and Wearability"
Functional Fit and Wearability,True to shirt size,1,"True to shirt size -> Fit, sizing, and proportions -> Fit, Sizing, Proportion, and Body Compatibility -> Fit, Sizing, Silhouette, Coverage, and Body Compatibility -> Functionality, Fit, and Wearability -> Functional Fit and Wearability"
Functional Fit and Wearability,True to size after washing,1,"True to size after washing -> Fit, Sizing, and Body Shape -> Fit, Sizing, Proportion, and Body Compatibility -> Fit, Sizing, Silhouette, Coverage, and Body Compatibility -> Functionality, Fit, and Wearability -> Functional Fit and Wearability"
Functional Fit and Wearability,True-to-size neckline and arms,1,"True-to-size neckline and arms -> Fit, sizing, and silhouette -> Fit, Sizing, Proportion, and Body Compatibility -> Fit, Sizing, Silhouette, Coverage, and Body Compatibility -> Functionality, Fit, and Wearability -> Functional Fit and Wearability"
Functional Fit and Wearability,True-to-size regular fit,1,"True-to-size regular fit -> Fit, sizing, and garment proportions -> Fit, Sizing, Proportion, and Body Compatibility -> Fit, Sizing, Silhouette, Coverage, and Body Compatibility -> Functionality, Fit, and Wearability -> Functional Fit and Wearability"
Functional Fit and Wearability,True-to-size roomy fit,1,"True-to-size roomy fit -> Fit, Silhouette, and Body-Proportion Experience -> Fit, Sizing, Proportion, and Body Compatibility -> Fit, Sizing, Silhouette, Coverage, and Body Compatibility -> Functionality, Fit, and Wearability -> Functional Fit and Wearability"
Functional Fit and Wearability,Try-on recommended before purchase,1,"Try-on recommended before purchase -> Fit, sizing, length, and coverage -> Fit, Sizing, Proportion, and Body Compatibility -> Fit, Sizing, Silhouette, Coverage, and Body Compatibility -> Functionality, Fit, and Wearability -> Functional Fit and Wearability"
Functional Fit and Wearability,Tunic fit runs large,1,"Tunic fit runs large -> Fit, sizing, and silhouette -> Fit, Sizing, Proportion, and Body Compatibility -> Fit, Sizing, Silhouette, Coverage, and Body Compatibility -> Functionality, Fit, and Wearability -> Functional Fit and Wearability"
Functional Fit and Wearability,Typical size small,1,"Typical size small -> Fit, sizing, and proportions -> Fit, Sizing, Proportion, and Body Compatibility -> Fit, Sizing, Silhouette, Coverage, and Body Compatibility -> Functionality, Fit, and Wearability -> Functional Fit and Wearability"
Functional Fit and Wearability,Unable to button comfortably,1,"Unable to button comfortably -> Fit, sizing, and garment proportions -> Fit, Sizing, Proportion, and Body Compatibility -> Fit, Sizing, Silhouette, Coverage, and Body Compatibility -> Functionality, Fit, and Wearability -> Functional Fit and Wearability"
Functional Fit and Wearability,Uncertainty about sizing,1,"Uncertainty about sizing -> Fit, sizing, and proportions -> Fit, Sizing, Proportion, and Body Compatibility -> Fit, Sizing, Silhouette, Coverage, and Body Compatibility -> Functionality, Fit, and Wearability -> Functional Fit and Wearability"
Functional Fit and Wearability,Uncomfortable material,1,"Uncomfortable material -> Fabric comfort and feel -> Fabric, Material Feel, Comfort, and Wearability -> Fabric, Material Feel, Comfort, and Wearability -> Functionality, Fit, and Wearability -> Functional Fit and Wearability"
Functional Fit and Wearability,Uncomfortable seated fit,1,"Uncomfortable seated fit -> Fit, sizing, and garment proportions -> Fit, Sizing, Proportion, and Body Compatibility -> Fit, Sizing, Silhouette, Coverage, and Body Compatibility -> Functionality, Fit, and Wearability -> Functional Fit and Wearability"
Functional Fit and Wearability,Undergarment exposure concern,1,"Undergarment exposure concern -> Coverage, layering, and garment functionality -> Versatility, Styling, Layering, and Occasion Suitability -> Versatility, Coordination, Occasion Suitability, and Functionality -> Functionality, Fit, and Wearability -> Functional Fit and Wearability"
Functional Fit and Wearability,Undisclosed Australian sizing,1,"Undisclosed Australian sizing -> Fit, sizing, and body-shape compatibility -> Fit, Sizing, Proportion, and Body Compatibility -> Fit, Sizing, Silhouette, Coverage, and Body Compatibility -> Functionality, Fit, and Wearability -> Functional Fit and Wearability"
Functional Fit and Wearability,Undisclosed drop-shoulder design,1,"Undisclosed drop-shoulder design -> Fit, sizing, and garment proportions -> Fit, Sizing, Proportion, and Body Compatibility -> Fit, Sizing, Silhouette, Coverage, and Body Compatibility -> Functionality, Fit, and Wearability -> Functional Fit and Wearability"
Functional Fit and Wearability,Uneven armhole sizing,1,"Uneven armhole sizing -> Fit, sizing, and garment proportions -> Fit, Sizing, Proportion, and Body Compatibility -> Fit, Sizing, Silhouette, Coverage, and Body Compatibility -> Functionality, Fit, and Wearability -> Functional Fit and Wearability"
Functional Fit and Wearability,Uneven front-back length,1,"Uneven front-back length -> Fit, sizing, and proportions -> Fit, Sizing, Proportion, and Body Compatibility -> Fit, Sizing, Silhouette, Coverage, and Body Compatibility -> Functionality, Fit, and Wearability -> Functional Fit and Wearability"
Functional Fit and Wearability,Uneven garment fit,1,"Uneven garment fit -> Fit, Sizing, and Proportion -> Fit, Sizing, Proportion, and Body Compatibility -> Fit, Sizing, Silhouette, Coverage, and Body Compatibility -> Functionality, Fit, and Wearability -> Functional Fit and Wearability"
Functional Fit and Wearability,Uneven waist puffing,1,"Uneven waist puffing -> Design details and functionality -> Functionality, Coverage, and Practical Garment Features -> Versatility, Coordination, Occasion Suitability, and Functionality -> Functionality, Fit, and Wearability -> Functional Fit and Wearability"
Functional Fit and Wearability,Unexpected babydoll silhouette,1,"Unexpected babydoll silhouette -> Style, silhouette, and design appeal -> Fit, Silhouette, Coverage, and Proportion -> Fit, Sizing, Silhouette, Coverage, and Body Compatibility -> Functionality, Fit, and Wearability -> Functional Fit and Wearability"
Functional Fit and Wearability,"Unexpected low, wavy neckline",1,"Unexpected low, wavy neckline -> Neckline, silhouette, and flattering appearance -> Fit, Sizing, Proportion, and Body Compatibility -> Fit, Sizing, Silhouette, Coverage, and Body Compatibility -> Functionality, Fit, and Wearability -> Functional Fit and Wearability"
Functional Fit and Wearability,Unexpected side zipper,1,"Unexpected side zipper -> Practical features and functionality -> Functionality, Coverage, and Practical Garment Features -> Versatility, Coordination, Occasion Suitability, and Functionality -> Functionality, Fit, and Wearability -> Functional Fit and Wearability"
Functional Fit and Wearability,Unexpectedly long length,1,"Unexpectedly long length -> Fit, sizing, and garment proportions -> Fit, Sizing, Proportion, and Body Compatibility -> Fit, Sizing, Silhouette, Coverage, and Body Compatibility -> Functionality, Fit, and Wearability -> Functional Fit and Wearability"
Functional Fit and Wearability,Unexpectedly sheer fabric,1,"Unexpectedly sheer fabric -> Fabric Comfort, Feel, and Weight -> Fabric, Material Feel, Comfort, and Wearability -> Fabric, Material Feel, Comfort, and Wearability -> Functionality, Fit, and Wearability -> Functional Fit and Wearability"
Functional Fit and Wearability,Unexpectedly short length,1,"Unexpectedly short length -> Length and proportion -> Fit, Sizing, Proportion, and Body Compatibility -> Fit, Sizing, Silhouette, Coverage, and Body Compatibility -> Functionality, Fit, and Wearability -> Functional Fit and Wearability"
Functional Fit and Wearability,Unfavorable synthetic fabric,1,"Unfavorable synthetic fabric -> Fabric feel, comfort, and wearability -> Comfort, Fabric, and Wearability -> Fabric, Material Feel, Comfort, and Wearability -> Functionality, Fit, and Wearability -> Functional Fit and Wearability"
Functional Fit and Wearability,Unflattering added volume,1,"Unflattering added volume -> Flattering and Unflattering Design Effects -> Fit, Sizing, Proportion, and Body Compatibility -> Fit, Sizing, Silhouette, Coverage, and Body Compatibility -> Functionality, Fit, and Wearability -> Functional Fit and Wearability"
Functional Fit and Wearability,Unflattering back dart,1,"Unflattering back dart -> Style, silhouette, and design appeal -> Fit, Silhouette, Coverage, and Proportion -> Fit, Sizing, Silhouette, Coverage, and Body Compatibility -> Functionality, Fit, and Wearability -> Functional Fit and Wearability"
Functional Fit and Wearability,Unflattering cropped cut,1,"Unflattering cropped cut -> Fit, sizing, and garment proportions -> Fit, Sizing, Proportion, and Body Compatibility -> Fit, Sizing, Silhouette, Coverage, and Body Compatibility -> Functionality, Fit, and Wearability -> Functional Fit and Wearability"
Functional Fit and Wearability,Unflattering fit for hourglass shape,1,"Unflattering fit for hourglass shape -> Fit, sizing, and body-shape compatibility -> Fit, Sizing, Proportion, and Body Compatibility -> Fit, Sizing, Silhouette, Coverage, and Body Compatibility -> Functionality, Fit, and Wearability -> Functional Fit and Wearability"
Functional Fit and Wearability,Unflattering flared hem,1,"Unflattering flared hem -> Style, silhouette, and design appeal -> Fit, Silhouette, Coverage, and Proportion -> Fit, Sizing, Silhouette, Coverage, and Body Compatibility -> Functionality, Fit, and Wearability -> Functional Fit and Wearability"
Functional Fit and Wearability,Unflattering flared silhouette,1,"Unflattering flared silhouette -> Fit, Sizing, and Body Shape -> Fit, Sizing, Proportion, and Body Compatibility -> Fit, Sizing, Silhouette, Coverage, and Body Compatibility -> Functionality, Fit, and Wearability -> Functional Fit and Wearability"
Functional Fit and Wearability,Unflattering for larger busts,1,"Unflattering for larger busts -> Fit, sizing, and silhouette -> Fit, Sizing, Proportion, and Body Compatibility -> Fit, Sizing, Silhouette, Coverage, and Body Compatibility -> Functionality, Fit, and Wearability -> Functional Fit and Wearability"
Functional Fit and Wearability,Unflattering loose silhouette,1,"Unflattering loose silhouette -> Fit, sizing, and silhouette -> Fit, Sizing, Proportion, and Body Compatibility -> Fit, Sizing, Silhouette, Coverage, and Body Compatibility -> Functionality, Fit, and Wearability -> Functional Fit and Wearability"
Functional Fit and Wearability,Unflattering maternity-like waist,1,"Unflattering maternity-like waist -> Fit, sizing, and proportions -> Fit, Sizing, Proportion, and Body Compatibility -> Fit, Sizing, Silhouette, Coverage, and Body Compatibility -> Functionality, Fit, and Wearability -> Functional Fit and Wearability"
Functional Fit and Wearability,Unflattering on petite frame,1,"Unflattering on petite frame -> Fit, Sizing, and Proportion -> Fit, Sizing, Proportion, and Body Compatibility -> Fit, Sizing, Silhouette, Coverage, and Body Compatibility -> Functionality, Fit, and Wearability -> Functional Fit and Wearability"
Functional Fit and Wearability,Unflattering on petite wearer,1,"Unflattering on petite wearer -> Fit, sizing, and silhouette -> Fit, Sizing, Proportion, and Body Compatibility -> Fit, Sizing, Silhouette, Coverage, and Body Compatibility -> Functionality, Fit, and Wearability -> Functional Fit and Wearability"
Functional Fit and Wearability,Unflattering oversized fit,1,"Unflattering oversized fit -> Fit, sizing, and proportions -> Fit, Sizing, Proportion, and Body Compatibility -> Fit, Sizing, Silhouette, Coverage, and Body Compatibility -> Functionality, Fit, and Wearability -> Functional Fit and Wearability"
Functional Fit and Wearability,Unflattering personal fit,1,"Unflattering personal fit -> Fit, sizing, and silhouette -> Fit, Sizing, Proportion, and Body Compatibility -> Fit, Sizing, Silhouette, Coverage, and Body Compatibility -> Functionality, Fit, and Wearability -> Functional Fit and Wearability"
Functional Fit and Wearability,Unflattering proportions,1,"Unflattering proportions -> Fit, sizing, and garment proportions -> Fit, Sizing, Proportion, and Body Compatibility -> Fit, Sizing, Silhouette, Coverage, and Body Compatibility -> Functionality, Fit, and Wearability -> Functional Fit and Wearability"
Functional Fit and Wearability,Unflattering shape emphasis,1,"Unflattering shape emphasis -> Flattering silhouette and shape definition -> Fit, Silhouette, Coverage, and Proportion -> Fit, Sizing, Silhouette, Coverage, and Body Compatibility -> Functionality, Fit, and Wearability -> Functional Fit and Wearability"
Functional Fit and Wearability,Unflattering shapeless fit,1,"Unflattering shapeless fit -> Fit, sizing, and garment proportions -> Fit, Sizing, Proportion, and Body Compatibility -> Fit, Sizing, Silhouette, Coverage, and Body Compatibility -> Functionality, Fit, and Wearability -> Functional Fit and Wearability"
Functional Fit and Wearability,Unflattering shapeless waist,1,"Unflattering shapeless waist -> Fit, sizing, and garment proportions -> Fit, Sizing, Proportion, and Body Compatibility -> Fit, Sizing, Silhouette, Coverage, and Body Compatibility -> Functionality, Fit, and Wearability -> Functional Fit and Wearability"
Functional Fit and Wearability,Unflattering shoulder placement,1,"Unflattering shoulder placement -> Flattering silhouette and shape definition -> Fit, Silhouette, Coverage, and Proportion -> Fit, Sizing, Silhouette, Coverage, and Body Compatibility -> Functionality, Fit, and Wearability -> Functional Fit and Wearability"
Functional Fit and Wearability,Unflattering straight silhouette,1,"Unflattering straight silhouette -> Flattering silhouette and shape definition -> Fit, Silhouette, Coverage, and Proportion -> Fit, Sizing, Silhouette, Coverage, and Body Compatibility -> Functionality, Fit, and Wearability -> Functional Fit and Wearability"
Functional Fit and Wearability,Unforgiving around stomach,1,"Unforgiving around stomach -> Fit, sizing, and silhouette -> Fit, Sizing, Proportion, and Body Compatibility -> Fit, Sizing, Silhouette, Coverage, and Body Compatibility -> Functionality, Fit, and Wearability -> Functional Fit and Wearability"
Functional Fit and Wearability,Unique flowing romantic design,1,"Unique flowing romantic design -> Neckline, silhouette, and flattering appearance -> Fit, Sizing, Proportion, and Body Compatibility -> Fit, Sizing, Silhouette, Coverage, and Body Compatibility -> Functionality, Fit, and Wearability -> Functional Fit and Wearability"
Functional Fit and Wearability,Unique linen fabric,1,"Unique linen fabric -> Comfort, fabric, and wearability -> Comfort, Fabric, and Wearability -> Fabric, Material Feel, Comfort, and Wearability -> Functionality, Fit, and Wearability -> Functional Fit and Wearability"
Functional Fit and Wearability,Unique skirt design,1,"Unique skirt design -> Style, silhouette, and design appeal -> Fit, Silhouette, Coverage, and Proportion -> Fit, Sizing, Silhouette, Coverage, and Body Compatibility -> Functionality, Fit, and Wearability -> Functional Fit and Wearability"
Functional Fit and Wearability,Unique versatile lace design,1,"Unique versatile lace design -> Versatility and Ease of Styling -> Versatility, Styling, Layering, and Occasion Suitability -> Versatility, Coordination, Occasion Suitability, and Functionality -> Functionality, Fit, and Wearability -> Functional Fit and Wearability"
Functional Fit and Wearability,"Unique, attractive design",1,"Unique, attractive design -> Style, appearance, and versatility -> Style Versatility, Coordination, and Functionality -> Versatility, Coordination, Occasion Suitability, and Functionality -> Functionality, Fit, and Wearability -> Functional Fit and Wearability"
Functional Fit and Wearability,Unlined but drapes well,1,"Unlined but drapes well -> Comfort, fabric feel, and wearability -> Comfort, Fabric, and Wearability -> Fabric, Material Feel, Comfort, and Wearability -> Functionality, Fit, and Wearability -> Functional Fit and Wearability"
Functional Fit and Wearability,Unlined sleeves feel cold,1,"Unlined sleeves feel cold -> Comfort, softness, and wearability -> Comfort, Fabric, and Wearability -> Fabric, Material Feel, Comfort, and Wearability -> Functionality, Fit, and Wearability -> Functional Fit and Wearability"
Functional Fit and Wearability,Unsuitable as spring coat,1,"Unsuitable as spring coat -> Seasonal and Lifestyle Versatility -> Versatility, Styling, Layering, and Occasion Suitability -> Versatility, Coordination, Occasion Suitability, and Functionality -> Functionality, Fit, and Wearability -> Functional Fit and Wearability"
Functional Fit and Wearability,Unsuitable for larger busts,1,"Unsuitable for larger busts -> Fit, sizing, and garment proportions -> Fit, Sizing, Proportion, and Body Compatibility -> Fit, Sizing, Silhouette, Coverage, and Body Compatibility -> Functionality, Fit, and Wearability -> Functional Fit and Wearability"
Functional Fit and Wearability,Unsuitable for petite frames,1,"Unsuitable for petite frames -> Fit, sizing, and silhouette -> Fit, Sizing, Proportion, and Body Compatibility -> Fit, Sizing, Silhouette, Coverage, and Body Compatibility -> Functionality, Fit, and Wearability -> Functional Fit and Wearability"
Functional Fit and Wearability,Unsuitable for taller or larger frames,1,"Unsuitable for taller or larger frames -> Fit, Sizing, and Proportion -> Fit, Sizing, Proportion, and Body Compatibility -> Fit, Sizing, Silhouette, Coverage, and Body Compatibility -> Functionality, Fit, and Wearability -> Functional Fit and Wearability"
Functional Fit and Wearability,Unsuitable for workwear,1,"Unsuitable for workwear -> Versatility and styling utility -> Versatility, Styling, Layering, and Occasion Suitability -> Versatility, Coordination, Occasion Suitability, and Functionality -> Functionality, Fit, and Wearability -> Functional Fit and Wearability"
Functional Fit and Wearability,Upper-body fit is comfortable,1,"Upper-body fit is comfortable -> Fit, Silhouette, and Body-Proportion Experience -> Fit, Sizing, Proportion, and Body Compatibility -> Fit, Sizing, Silhouette, Coverage, and Body Compatibility -> Functionality, Fit, and Wearability -> Functional Fit and Wearability"
Functional Fit and Wearability,Useful modesty closure,1,"Useful modesty closure -> Garment Length and Coverage -> Fit, Silhouette, Coverage, and Proportion -> Fit, Sizing, Silhouette, Coverage, and Body Compatibility -> Functionality, Fit, and Wearability -> Functional Fit and Wearability"
Functional Fit and Wearability,Useful pockets,1,"Useful pockets -> Practical features and functionality -> Functionality, Coverage, and Practical Garment Features -> Versatility, Coordination, Occasion Suitability, and Functionality -> Functionality, Fit, and Wearability -> Functional Fit and Wearability"
Functional Fit and Wearability,Usual size fits,1,"Usual size fits -> Fit, sizing, and body-shape compatibility -> Fit, Sizing, Proportion, and Body Compatibility -> Fit, Sizing, Silhouette, Coverage, and Body Compatibility -> Functionality, Fit, and Wearability -> Functional Fit and Wearability"
Functional Fit and Wearability,V-neck provides coverage,1,"V-neck provides coverage -> Versatility, layering, and seasonal suitability -> Versatility, Styling, Layering, and Occasion Suitability -> Versatility, Coordination, Occasion Suitability, and Functionality -> Functionality, Fit, and Wearability -> Functional Fit and Wearability"
Functional Fit and Wearability,Vanity sizing affects fit,1,"Vanity sizing affects fit -> Fit, Silhouette, and Body-Proportion Experience -> Fit, Sizing, Proportion, and Body Compatibility -> Fit, Sizing, Silhouette, Coverage, and Body Compatibility -> Functionality, Fit, and Wearability -> Functional Fit and Wearability"
Functional Fit and Wearability,Versatile across occasions,1,"Versatile across occasions -> Versatility and Occasion Suitability -> Versatility, Styling, Layering, and Occasion Suitability -> Versatility, Coordination, Occasion Suitability, and Functionality -> Functionality, Fit, and Wearability -> Functional Fit and Wearability"
Functional Fit and Wearability,Versatile basic design,1,"Versatile basic design -> Versatility and Ease of Styling -> Versatility, Styling, Layering, and Occasion Suitability -> Versatility, Coordination, Occasion Suitability, and Functionality -> Functionality, Fit, and Wearability -> Functional Fit and Wearability"
Functional Fit and Wearability,Versatile casual dressing,1,"Versatile casual dressing -> Versatility and Ease of Styling -> Versatility, Styling, Layering, and Occasion Suitability -> Versatility, Coordination, Occasion Suitability, and Functionality -> Functionality, Fit, and Wearability -> Functional Fit and Wearability"
Functional Fit and Wearability,Versatile casual wear,1,"Versatile casual wear -> Comfort, warmth, and wearability -> Fabric, Material Feel, Comfort, and Wearability -> Fabric, Material Feel, Comfort, and Wearability -> Functionality, Fit, and Wearability -> Functional Fit and Wearability"
Functional Fit and Wearability,Versatile casual-elegant design,1,"Versatile casual-elegant design -> Versatility and styling utility -> Versatility, Styling, Layering, and Occasion Suitability -> Versatility, Coordination, Occasion Suitability, and Functionality -> Functionality, Fit, and Wearability -> Functional Fit and Wearability"
Functional Fit and Wearability,Versatile casual-to-work wear,1,"Versatile casual-to-work wear -> Comfort, wearability, and layering -> Comfort, Fabric, and Wearability -> Fabric, Material Feel, Comfort, and Wearability -> Functionality, Fit, and Wearability -> Functional Fit and Wearability"
Functional Fit and Wearability,Versatile cuffed styling,1,"Versatile cuffed styling -> Versatility and occasion suitability -> Versatility, Styling, Layering, and Occasion Suitability -> Versatility, Coordination, Occasion Suitability, and Functionality -> Functionality, Fit, and Wearability -> Functional Fit and Wearability"
Functional Fit and Wearability,Versatile day-to-evening wear,1,"Versatile day-to-evening wear -> Versatility and occasion suitability -> Versatility, Styling, Layering, and Occasion Suitability -> Versatility, Coordination, Occasion Suitability, and Functionality -> Functionality, Fit, and Wearability -> Functional Fit and Wearability"
Functional Fit and Wearability,Versatile day-to-night wear,1,"Versatile day-to-night wear -> Versatility, layering, and seasonal suitability -> Versatility, Styling, Layering, and Occasion Suitability -> Versatility, Coordination, Occasion Suitability, and Functionality -> Functionality, Fit, and Wearability -> Functional Fit and Wearability"
Functional Fit and Wearability,Versatile dress styling,1,"Versatile dress styling -> Versatility and styling utility -> Versatility, Styling, Layering, and Occasion Suitability -> Versatility, Coordination, Occasion Suitability, and Functionality -> Functionality, Fit, and Wearability -> Functional Fit and Wearability"
Functional Fit and Wearability,Versatile dressiness,1,"Versatile dressiness -> Versatility and occasion suitability -> Versatility, Styling, Layering, and Occasion Suitability -> Versatility, Coordination, Occasion Suitability, and Functionality -> Functionality, Fit, and Wearability -> Functional Fit and Wearability"
Functional Fit and Wearability,Versatile footwear pairing,1,"Versatile footwear pairing -> Versatility and styling utility -> Versatility, Styling, Layering, and Occasion Suitability -> Versatility, Coordination, Occasion Suitability, and Functionality -> Functionality, Fit, and Wearability -> Functional Fit and Wearability"
Functional Fit and Wearability,Versatile for gatherings,1,"Versatile for gatherings -> Care, maintenance, and versatility -> Versatility, Styling, Layering, and Occasion Suitability -> Versatility, Coordination, Occasion Suitability, and Functionality -> Functionality, Fit, and Wearability -> Functional Fit and Wearability"
Functional Fit and Wearability,Versatile for multiple occasions,1,"Versatile for multiple occasions -> Versatility and Occasion Suitability -> Versatility, Styling, Layering, and Occasion Suitability -> Versatility, Coordination, Occasion Suitability, and Functionality -> Functionality, Fit, and Wearability -> Functional Fit and Wearability"
Functional Fit and Wearability,Versatile for occasions,1,"Versatile for occasions -> Seasonal and Lifestyle Versatility -> Versatility, Styling, Layering, and Occasion Suitability -> Versatility, Coordination, Occasion Suitability, and Functionality -> Functionality, Fit, and Wearability -> Functional Fit and Wearability"
Functional Fit and Wearability,Versatile for work and weekends,1,"Versatile for work and weekends -> Versatility and occasion suitability -> Versatility, Styling, Layering, and Occasion Suitability -> Versatility, Coordination, Occasion Suitability, and Functionality -> Functionality, Fit, and Wearability -> Functional Fit and Wearability"
Functional Fit and Wearability,Versatile for work or casual wear,1,"Versatile for work or casual wear -> Style versatility and outfit coordination -> Style Versatility, Coordination, and Functionality -> Versatility, Coordination, Occasion Suitability, and Functionality -> Functionality, Fit, and Wearability -> Functional Fit and Wearability"
Functional Fit and Wearability,Versatile laced neckline,1,"Versatile laced neckline -> Style, appearance, and versatility -> Style Versatility, Coordination, and Functionality -> Versatility, Coordination, Occasion Suitability, and Functionality -> Functionality, Fit, and Wearability -> Functional Fit and Wearability"
Functional Fit and Wearability,Versatile layering,1,"Versatile layering -> Versatility and wardrobe usefulness -> Style Versatility, Coordination, and Functionality -> Versatility, Coordination, Occasion Suitability, and Functionality -> Functionality, Fit, and Wearability -> Functional Fit and Wearability"
Functional Fit and Wearability,Versatile layering potential,1,"Versatile layering potential -> Versatility and styling utility -> Versatility, Styling, Layering, and Occasion Suitability -> Versatility, Coordination, Occasion Suitability, and Functionality -> Functionality, Fit, and Wearability -> Functional Fit and Wearability"
Functional Fit and Wearability,Versatile longer length,1,"Versatile longer length -> Garment Length and Coverage -> Fit, Silhouette, Coverage, and Proportion -> Fit, Sizing, Silhouette, Coverage, and Body Compatibility -> Functionality, Fit, and Wearability -> Functional Fit and Wearability"
Functional Fit and Wearability,Versatile necklace pairing,1,"Versatile necklace pairing -> Comfort, wearability, and layering -> Comfort, Fabric, and Wearability -> Fabric, Material Feel, Comfort, and Wearability -> Functionality, Fit, and Wearability -> Functional Fit and Wearability"
Functional Fit and Wearability,Versatile neutral styling,1,"Versatile neutral styling -> Styling versatility and coordination -> Versatility, Styling, Layering, and Occasion Suitability -> Versatility, Coordination, Occasion Suitability, and Functionality -> Functionality, Fit, and Wearability -> Functional Fit and Wearability"
Functional Fit and Wearability,Versatile professional styling,1,"Versatile professional styling -> Seasonal and situational versatility -> Versatility, Styling, Layering, and Occasion Suitability -> Versatility, Coordination, Occasion Suitability, and Functionality -> Functionality, Fit, and Wearability -> Functional Fit and Wearability"
Functional Fit and Wearability,Versatile removable camisole,1,"Versatile removable camisole -> Versatility and Ease of Styling -> Versatility, Styling, Layering, and Occasion Suitability -> Versatility, Coordination, Occasion Suitability, and Functionality -> Functionality, Fit, and Wearability -> Functional Fit and Wearability"
Functional Fit and Wearability,Versatile seasonal favorite,1,"Versatile seasonal favorite -> Comfort, warmth, and wearability -> Fabric, Material Feel, Comfort, and Wearability -> Fabric, Material Feel, Comfort, and Wearability -> Functionality, Fit, and Wearability -> Functional Fit and Wearability"
Functional Fit and Wearability,Versatile seasonal layering,1,"Versatile seasonal layering -> Versatility and Occasion Suitability -> Versatility, Styling, Layering, and Occasion Suitability -> Versatility, Coordination, Occasion Suitability, and Functionality -> Functionality, Fit, and Wearability -> Functional Fit and Wearability"
Functional Fit and Wearability,Versatile seasonal staple,1,"Versatile seasonal staple -> Seasonal and Lifestyle Versatility -> Versatility, Styling, Layering, and Occasion Suitability -> Versatility, Coordination, Occasion Suitability, and Functionality -> Functionality, Fit, and Wearability -> Functional Fit and Wearability"
Functional Fit and Wearability,Versatile shirt-dress styling,1,"Versatile shirt-dress styling -> Style, appearance, and versatility -> Style Versatility, Coordination, and Functionality -> Versatility, Coordination, Occasion Suitability, and Functionality -> Functionality, Fit, and Wearability -> Functional Fit and Wearability"
Functional Fit and Wearability,Versatile short sleeves,1,"Versatile short sleeves -> Versatility and styling utility -> Versatility, Styling, Layering, and Occasion Suitability -> Versatility, Coordination, Occasion Suitability, and Functionality -> Functionality, Fit, and Wearability -> Functional Fit and Wearability"
Functional Fit and Wearability,Versatile sleeveless layering,1,"Versatile sleeveless layering -> Style versatility and outfit coordination -> Style Versatility, Coordination, and Functionality -> Versatility, Coordination, Occasion Suitability, and Functionality -> Functionality, Fit, and Wearability -> Functional Fit and Wearability"
Functional Fit and Wearability,Versatile styling limitation,1,"Versatile styling limitation -> Versatility and wardrobe usefulness -> Style Versatility, Coordination, and Functionality -> Versatility, Coordination, Occasion Suitability, and Functionality -> Functionality, Fit, and Wearability -> Functional Fit and Wearability"
Functional Fit and Wearability,Versatile styling potential,1,"Versatile styling potential -> Style, appearance, and versatility -> Style Versatility, Coordination, and Functionality -> Versatility, Coordination, Occasion Suitability, and Functionality -> Functionality, Fit, and Wearability -> Functional Fit and Wearability"
Functional Fit and Wearability,Versatile styling with jeans and boots,1,"Versatile styling with jeans and boots -> Style versatility and outfit coordination -> Style Versatility, Coordination, and Functionality -> Versatility, Coordination, Occasion Suitability, and Functionality -> Functionality, Fit, and Wearability -> Functional Fit and Wearability"
Functional Fit and Wearability,Versatile summer styling,1,"Versatile summer styling -> Style versatility and outfit coordination -> Style Versatility, Coordination, and Functionality -> Versatility, Coordination, Occasion Suitability, and Functionality -> Functionality, Fit, and Wearability -> Functional Fit and Wearability"
Functional Fit and Wearability,Versatile three-season layering,1,"Versatile three-season layering -> Versatility and occasion suitability -> Versatility, Styling, Layering, and Occasion Suitability -> Versatility, Coordination, Occasion Suitability, and Functionality -> Functionality, Fit, and Wearability -> Functional Fit and Wearability"
Functional Fit and Wearability,Versatile tie placement,1,"Versatile tie placement -> Versatility and styling utility -> Versatility, Styling, Layering, and Occasion Suitability -> Versatility, Coordination, Occasion Suitability, and Functionality -> Functionality, Fit, and Wearability -> Functional Fit and Wearability"
Functional Fit and Wearability,Versatile with casual bottoms,1,"Versatile with casual bottoms -> Versatility and intended use -> Versatility, Styling, Layering, and Occasion Suitability -> Versatility, Coordination, Occasion Suitability, and Functionality -> Functionality, Fit, and Wearability -> Functional Fit and Wearability"
Functional Fit and Wearability,Versatile with patterns,1,"Versatile with patterns -> Versatility and occasion suitability -> Versatility, Styling, Layering, and Occasion Suitability -> Versatility, Coordination, Occasion Suitability, and Functionality -> Functionality, Fit, and Wearability -> Functional Fit and Wearability"
Functional Fit and Wearability,Versatile work styling limited,1,"Versatile work styling limited -> Versatility and styling potential -> Versatility, Styling, Layering, and Occasion Suitability -> Versatility, Coordination, Occasion Suitability, and Functionality -> Functionality, Fit, and Wearability -> Functional Fit and Wearability"
Functional Fit and Wearability,Versatile work-to-play styling,1,"Versatile work-to-play styling -> Versatility and styling potential -> Versatility, Styling, Layering, and Occasion Suitability -> Versatility, Coordination, Occasion Suitability, and Functionality -> Functionality, Fit, and Wearability -> Functional Fit and Wearability"
Functional Fit and Wearability,Versatile work-to-weekend wear,1,"Versatile work-to-weekend wear -> Versatility and occasion suitability -> Versatility, Styling, Layering, and Occasion Suitability -> Versatility, Coordination, Occasion Suitability, and Functionality -> Functionality, Fit, and Wearability -> Functional Fit and Wearability"
Functional Fit and Wearability,Versatile workwear styling,1,"Versatile workwear styling -> Versatility and occasion suitability -> Versatility, Styling, Layering, and Occasion Suitability -> Versatility, Coordination, Occasion Suitability, and Functionality -> Functionality, Fit, and Wearability -> Functional Fit and Wearability"
Functional Fit and Wearability,Versatile year-round weight,1,"Versatile year-round weight -> Versatility and styling potential -> Versatility, Styling, Layering, and Occasion Suitability -> Versatility, Coordination, Occasion Suitability, and Functionality -> Functionality, Fit, and Wearability -> Functional Fit and Wearability"
Functional Fit and Wearability,Very body-hugging fit,1,"Very body-hugging fit -> Fit, Silhouette, and Body-Proportion Experience -> Fit, Sizing, Proportion, and Body Compatibility -> Fit, Sizing, Silhouette, Coverage, and Body Compatibility -> Functionality, Fit, and Wearability -> Functional Fit and Wearability"
Functional Fit and Wearability,Very comfortable,1,"Very comfortable -> Comfort and everyday wear experience -> Fabric, Material Feel, Comfort, and Wearability -> Fabric, Material Feel, Comfort, and Wearability -> Functionality, Fit, and Wearability -> Functional Fit and Wearability"
Functional Fit and Wearability,Very comfortable fit,1,"Very comfortable fit -> Fit, sizing, and silhouette -> Fit, Sizing, Proportion, and Body Compatibility -> Fit, Sizing, Silhouette, Coverage, and Body Compatibility -> Functionality, Fit, and Wearability -> Functional Fit and Wearability"
Functional Fit and Wearability,Very fitted,1,"Very fitted -> Fit, Silhouette, and Body-Proportion Experience -> Fit, Sizing, Proportion, and Body Compatibility -> Fit, Sizing, Silhouette, Coverage, and Body Compatibility -> Functionality, Fit, and Wearability -> Functional Fit and Wearability"
Functional Fit and Wearability,Very fitted design,1,"Very fitted design -> Fit, sizing, and silhouette -> Fit, Sizing, Proportion, and Body Compatibility -> Fit, Sizing, Silhouette, Coverage, and Body Compatibility -> Functionality, Fit, and Wearability -> Functional Fit and Wearability"
Functional Fit and Wearability,Very fitted silhouette,1,"Very fitted silhouette -> Fit, sizing, and garment proportions -> Fit, Sizing, Proportion, and Body Compatibility -> Fit, Sizing, Silhouette, Coverage, and Body Compatibility -> Functionality, Fit, and Wearability -> Functional Fit and Wearability"
Functional Fit and Wearability,Very loose swing,1,"Very loose swing -> Fit, sizing, and proportions -> Fit, Sizing, Proportion, and Body Compatibility -> Fit, Sizing, Silhouette, Coverage, and Body Compatibility -> Functionality, Fit, and Wearability -> Functional Fit and Wearability"
Functional Fit and Wearability,Very soft and comfortable,1,"Very soft and comfortable -> Fabric comfort and feel -> Fabric, Material Feel, Comfort, and Wearability -> Fabric, Material Feel, Comfort, and Wearability -> Functionality, Fit, and Wearability -> Functional Fit and Wearability"
Functional Fit and Wearability,Very wide leg opening,1,"Very wide leg opening -> Fit, sizing, and garment proportions -> Fit, Sizing, Proportion, and Body Compatibility -> Fit, Sizing, Silhouette, Coverage, and Body Compatibility -> Functionality, Fit, and Wearability -> Functional Fit and Wearability"
Functional Fit and Wearability,Waist fits comfortably,1,"Waist fits comfortably -> Fit, sizing, and silhouette -> Fit, Sizing, Proportion, and Body Compatibility -> Fit, Sizing, Silhouette, Coverage, and Body Compatibility -> Functionality, Fit, and Wearability -> Functional Fit and Wearability"
Functional Fit and Wearability,Waist fits true to size,1,"Waist fits true to size -> Fit, Sizing, and Proportion -> Fit, Sizing, Proportion, and Body Compatibility -> Fit, Sizing, Silhouette, Coverage, and Body Compatibility -> Functionality, Fit, and Wearability -> Functional Fit and Wearability"
Functional Fit and Wearability,Waist runs large,1,"Waist runs large -> Fit, sizing, and body-shape compatibility -> Fit, Sizing, Proportion, and Body Compatibility -> Fit, Sizing, Silhouette, Coverage, and Body Compatibility -> Functionality, Fit, and Wearability -> Functional Fit and Wearability"
Functional Fit and Wearability,Waist runs slightly tight,1,"Waist runs slightly tight -> Fit, sizing, and body-shape compatibility -> Fit, Sizing, Proportion, and Body Compatibility -> Fit, Sizing, Silhouette, Coverage, and Body Compatibility -> Functionality, Fit, and Wearability -> Functional Fit and Wearability"
Functional Fit and Wearability,Waist runs small,1,"Waist runs small -> Fit, sizing, length, and coverage -> Fit, Sizing, Proportion, and Body Compatibility -> Fit, Sizing, Silhouette, Coverage, and Body Compatibility -> Functionality, Fit, and Wearability -> Functional Fit and Wearability"
Functional Fit and Wearability,Waist runs very small,1,"Waist runs very small -> Fit, sizing, and proportions -> Fit, Sizing, Proportion, and Body Compatibility -> Fit, Sizing, Silhouette, Coverage, and Body Compatibility -> Functionality, Fit, and Wearability -> Functional Fit and Wearability"
Functional Fit and Wearability,Waist too large,1,"Waist too large -> Flattering fit, sizing accuracy, and proportion -> Fit, Sizing, Proportion, and Body Compatibility -> Fit, Sizing, Silhouette, Coverage, and Body Compatibility -> Functionality, Fit, and Wearability -> Functional Fit and Wearability"
Functional Fit and Wearability,Waist too tight,1,"Waist too tight -> Fit, sizing, and silhouette -> Fit, Sizing, Proportion, and Body Compatibility -> Fit, Sizing, Silhouette, Coverage, and Body Compatibility -> Functionality, Fit, and Wearability -> Functional Fit and Wearability"
Functional Fit and Wearability,Warm and comfortable,1,"Warm and comfortable -> Comfort, Fabric, and Wearability -> Fabric, Material Feel, Comfort, and Wearability -> Fabric, Material Feel, Comfort, and Wearability -> Functionality, Fit, and Wearability -> Functional Fit and Wearability"
Functional Fit and Wearability,Warm and suitably weighted,1,"Warm and suitably weighted -> Comfort, fabric feel, and wearability -> Comfort, Fabric, and Wearability -> Fabric, Material Feel, Comfort, and Wearability -> Functionality, Fit, and Wearability -> Functional Fit and Wearability"
Functional Fit and Wearability,Warm lightweight construction,1,"Warm lightweight construction -> Comfort, fabric feel, and wearability -> Comfort, Fabric, and Wearability -> Fabric, Material Feel, Comfort, and Wearability -> Functionality, Fit, and Wearability -> Functional Fit and Wearability"
Functional Fit and Wearability,Warm midweight knit,1,"Warm midweight knit -> Comfort, Feel, and Wearability -> Fabric, Material Feel, Comfort, and Wearability -> Fabric, Material Feel, Comfort, and Wearability -> Functionality, Fit, and Wearability -> Functional Fit and Wearability"
Functional Fit and Wearability,Warm quilted vest,1,"Warm quilted vest -> Comfort, fabric, and wearability -> Comfort, Fabric, and Wearability -> Fabric, Material Feel, Comfort, and Wearability -> Functionality, Fit, and Wearability -> Functional Fit and Wearability"
Functional Fit and Wearability,"Warm, soft fleece fabric",1,"Warm, soft fleece fabric -> Fabric comfort and feel -> Fabric, Material Feel, Comfort, and Wearability -> Fabric, Material Feel, Comfort, and Wearability -> Functionality, Fit, and Wearability -> Functional Fit and Wearability"
Functional Fit and Wearability,Warmth for chilly nights,1,"Warmth for chilly nights -> Comfort, warmth, and wearability -> Fabric, Material Feel, Comfort, and Wearability -> Fabric, Material Feel, Comfort, and Wearability -> Functionality, Fit, and Wearability -> Functional Fit and Wearability"
Functional Fit and Wearability,Wedding appropriateness uncertainty,1,"Wedding appropriateness uncertainty -> Coverage, Opacity, and Garment Functionality -> Functionality, Coverage, and Practical Garment Features -> Versatility, Coordination, Occasion Suitability, and Functionality -> Functionality, Fit, and Wearability -> Functional Fit and Wearability"
Functional Fit and Wearability,Wedding-appropriate styling,1,"Wedding-appropriate styling -> Style, appearance, and versatility -> Style Versatility, Coordination, and Functionality -> Versatility, Coordination, Occasion Suitability, and Functionality -> Functionality, Fit, and Wearability -> Functional Fit and Wearability"
Functional Fit and Wearability,Weighty lovely fabric,1,"Weighty lovely fabric -> Comfort, fabric, and wearability -> Comfort, Fabric, and Wearability -> Fabric, Material Feel, Comfort, and Wearability -> Functionality, Fit, and Wearability -> Functional Fit and Wearability"
Functional Fit and Wearability,Well-balanced V-neckline,1,"Well-balanced V-neckline -> Style, silhouette, and design appeal -> Fit, Silhouette, Coverage, and Proportion -> Fit, Sizing, Silhouette, Coverage, and Body Compatibility -> Functionality, Fit, and Wearability -> Functional Fit and Wearability"
Functional Fit and Wearability,Well-balanced stretch,1,"Well-balanced stretch -> Fabric comfort and feel -> Fabric, Material Feel, Comfort, and Wearability -> Fabric, Material Feel, Comfort, and Wearability -> Functionality, Fit, and Wearability -> Functional Fit and Wearability"
Functional Fit and Wearability,Well-designed shoulder and neckline cut,1,"Well-designed shoulder and neckline cut -> Flattering and Unflattering Design Effects -> Fit, Sizing, Proportion, and Body Compatibility -> Fit, Sizing, Silhouette, Coverage, and Body Compatibility -> Functionality, Fit, and Wearability -> Functional Fit and Wearability"
Functional Fit and Wearability,Well-fitting bodice,1,"Well-fitting bodice -> Fit, Sizing, and Proportion -> Fit, Sizing, Proportion, and Body Compatibility -> Fit, Sizing, Silhouette, Coverage, and Body Compatibility -> Functionality, Fit, and Wearability -> Functional Fit and Wearability"
Functional Fit and Wearability,Well-placed waist tie,1,"Well-placed waist tie -> Flattering silhouette and shape definition -> Fit, Silhouette, Coverage, and Proportion -> Fit, Sizing, Silhouette, Coverage, and Body Compatibility -> Functionality, Fit, and Wearability -> Functional Fit and Wearability"
Functional Fit and Wearability,Well-proportioned sleeve length,1,"Well-proportioned sleeve length -> Flattering fit, sizing accuracy, and proportion -> Fit, Sizing, Proportion, and Body Compatibility -> Fit, Sizing, Silhouette, Coverage, and Body Compatibility -> Functionality, Fit, and Wearability -> Functional Fit and Wearability"
Functional Fit and Wearability,Wide fit,1,"Wide fit -> Fit, sizing, and silhouette -> Fit, Sizing, Proportion, and Body Compatibility -> Fit, Sizing, Silhouette, Coverage, and Body Compatibility -> Functionality, Fit, and Wearability -> Functional Fit and Wearability"
Functional Fit and Wearability,"Wider, shorter fit",1,"Wider, shorter fit -> Flattering fit, sizing accuracy, and proportion -> Fit, Sizing, Proportion, and Body Compatibility -> Fit, Sizing, Silhouette, Coverage, and Body Compatibility -> Functionality, Fit, and Wearability -> Functional Fit and Wearability"
Functional Fit and Wearability,Wider-than-pictured cut,1,"Wider-than-pictured cut -> Fit, sizing, and proportions -> Fit, Sizing, Proportion, and Body Compatibility -> Fit, Sizing, Silhouette, Coverage, and Body Compatibility -> Functionality, Fit, and Wearability -> Functional Fit and Wearability"
Functional Fit and Wearability,Wish for greater length,1,"Wish for greater length -> Length, Coverage, and Proportion -> Fit, Sizing, Proportion, and Body Compatibility -> Fit, Sizing, Silhouette, Coverage, and Body Compatibility -> Functionality, Fit, and Wearability -> Functional Fit and Wearability"
Functional Fit and Wearability,Work-appropriate lace dress,1,"Work-appropriate lace dress -> Coverage, Opacity, and Garment Functionality -> Functionality, Coverage, and Practical Garment Features -> Versatility, Coordination, Occasion Suitability, and Functionality -> Functionality, Fit, and Wearability -> Functional Fit and Wearability"
Functional Fit and Wearability,Work-appropriate length,1,"Work-appropriate length -> Length, Coverage, and Proportion -> Fit, Sizing, Proportion, and Body Compatibility -> Fit, Sizing, Silhouette, Coverage, and Body Compatibility -> Functionality, Fit, and Wearability -> Functional Fit and Wearability"
Functional Fit and Wearability,Work-appropriate neckline,1,"Work-appropriate neckline -> Coverage, layering, and garment functionality -> Versatility, Styling, Layering, and Occasion Suitability -> Versatility, Coordination, Occasion Suitability, and Functionality -> Functionality, Fit, and Wearability -> Functional Fit and Wearability"
Functional Fit and Wearability,Work-to-dinner versatility,1,"Work-to-dinner versatility -> Versatility and wardrobe usefulness -> Style Versatility, Coordination, and Functionality -> Versatility, Coordination, Occasion Suitability, and Functionality -> Functionality, Fit, and Wearability -> Functional Fit and Wearability"
Functional Fit and Wearability,Works with multiple outfits,1,"Works with multiple outfits -> Versatility and styling utility -> Versatility, Styling, Layering, and Occasion Suitability -> Versatility, Coordination, Occasion Suitability, and Functionality -> Functionality, Fit, and Wearability -> Functional Fit and Wearability"
Functional Fit and Wearability,Workwear coverage concern,1,"Workwear coverage concern -> Length, Coverage, and Proportion -> Fit, Sizing, Proportion, and Body Compatibility -> Fit, Sizing, Silhouette, Coverage, and Body Compatibility -> Functionality, Fit, and Wearability -> Functional Fit and Wearability"
Functional Fit and Wearability,Worn-in feel appreciated,1,"Worn-in feel appreciated -> Comfort, fabric feel, and wearability -> Comfort, Fabric, and Wearability -> Fabric, Material Feel, Comfort, and Wearability -> Functionality, Fit, and Wearability -> Functional Fit and Wearability"
Functional Fit and Wearability,Would retain if taller and thinner,1,"Would retain if taller and thinner -> Fit, sizing, length, and coverage -> Fit, Sizing, Proportion, and Body Compatibility -> Fit, Sizing, Silhouette, Coverage, and Body Compatibility -> Functionality, Fit, and Wearability -> Functional Fit and Wearability"
Functional Fit and Wearability,Would size down,1,"Would size down -> Fit, sizing, and silhouette -> Fit, Sizing, Proportion, and Body Compatibility -> Fit, Sizing, Silhouette, Coverage, and Body Compatibility -> Functionality, Fit, and Wearability -> Functional Fit and Wearability"
Functional Fit and Wearability,Would size up,1,"Would size up -> Fit, sizing, and silhouette -> Fit, Sizing, Proportion, and Body Compatibility -> Fit, Sizing, Silhouette, Coverage, and Body Compatibility -> Functionality, Fit, and Wearability -> Functional Fit and Wearability"
Functional Fit and Wearability,Wrinkle tendency tolerated,1,"Wrinkle tendency tolerated -> Care, maintenance, and versatility -> Versatility, Styling, Layering, and Occasion Suitability -> Versatility, Coordination, Occasion Suitability, and Functionality -> Functionality, Fit, and Wearability -> Functional Fit and Wearability"
Functional Fit and Wearability,XS feels snug,1,"XS feels snug -> Fit, Sizing, and Body Shape -> Fit, Sizing, Proportion, and Body Compatibility -> Fit, Sizing, Silhouette, Coverage, and Body Compatibility -> Functionality, Fit, and Wearability -> Functional Fit and Wearability"
Functional Fit and Wearability,XS fits smoothly,1,"XS fits smoothly -> Fit, sizing, and silhouette -> Fit, Sizing, Proportion, and Body Compatibility -> Fit, Sizing, Silhouette, Coverage, and Body Compatibility -> Functionality, Fit, and Wearability -> Functional Fit and Wearability"
Functional Fit and Wearability,XXS may fit better,1,"XXS may fit better -> Fit, Sizing, and Body Shape -> Fit, Sizing, Proportion, and Body Compatibility -> Fit, Sizing, Silhouette, Coverage, and Body Compatibility -> Functionality, Fit, and Wearability -> Functional Fit and Wearability"
Aesthetic Appeal and Design,Versatile styling,19,"Versatile styling -> Style distinctiveness and design appeal -> Color, Appearance, and Design Appeal -> Style, Color, Design, and Visual Appeal -> Aesthetic Appeal and Product Design -> Aesthetic Appeal and Design"
Aesthetic Appeal and Design,Cute appearance,9,"Cute appearance -> Style, design, and visual appeal -> Style, Silhouette, Color, Pattern, and Visual Appeal -> Style, Color, Design, and Visual Appeal -> Aesthetic Appeal and Product Design -> Aesthetic Appeal and Design"
Aesthetic Appeal and Design,Receives frequent compliments,7,"Receives frequent compliments -> Style, design, and aesthetic appeal -> Color, Appearance, and Design Appeal -> Style, Color, Design, and Visual Appeal -> Aesthetic Appeal and Product Design -> Aesthetic Appeal and Design"
Aesthetic Appeal and Design,Attractive appearance,5,"Attractive appearance -> Style, appearance, and color appeal -> Style, Silhouette, Color, Pattern, and Visual Appeal -> Style, Color, Design, and Visual Appeal -> Aesthetic Appeal and Product Design -> Aesthetic Appeal and Design"
Aesthetic Appeal and Design,Stylish appearance,5,"Stylish appearance -> Color, Pattern, and Visual Appeal -> Style, Silhouette, Color, Pattern, and Visual Appeal -> Style, Color, Design, and Visual Appeal -> Aesthetic Appeal and Product Design -> Aesthetic Appeal and Design"
Aesthetic Appeal and Design,Attractive color,4,"Attractive color -> Color, Pattern, and Visual Appeal -> Style, Silhouette, Color, Pattern, and Visual Appeal -> Style, Color, Design, and Visual Appeal -> Aesthetic Appeal and Product Design -> Aesthetic Appeal and Design"
Aesthetic Appeal and Design,Attractive print,4,"Attractive print -> Color, print, and visual appearance -> Color, Appearance, and Design Appeal -> Style, Color, Design, and Visual Appeal -> Aesthetic Appeal and Product Design -> Aesthetic Appeal and Design"
Aesthetic Appeal and Design,Beautiful appearance,4,"Beautiful appearance -> Style, appearance, and design appeal -> Style, Silhouette, Color, Pattern, and Visual Appeal -> Style, Color, Design, and Visual Appeal -> Aesthetic Appeal and Product Design -> Aesthetic Appeal and Design"
Aesthetic Appeal and Design,Color differs from expectation,4,"Color differs from expectation -> Color, print, and visual appearance -> Color, Appearance, and Design Appeal -> Style, Color, Design, and Visual Appeal -> Aesthetic Appeal and Product Design -> Aesthetic Appeal and Design"
Aesthetic Appeal and Design,Vibrant colors,3,"Vibrant colors -> Color, pattern, and visual appeal -> Style, Silhouette, Color, Pattern, and Visual Appeal -> Style, Color, Design, and Visual Appeal -> Aesthetic Appeal and Product Design -> Aesthetic Appeal and Design"
Aesthetic Appeal and Design,Attractive design,2,"Attractive design -> Style, design, and aesthetic appeal -> Color, Appearance, and Design Appeal -> Style, Color, Design, and Visual Appeal -> Aesthetic Appeal and Product Design -> Aesthetic Appeal and Design"
Aesthetic Appeal and Design,Beautiful color,2,"Beautiful color -> Color, pattern, and visual appeal -> Style, Silhouette, Color, Pattern, and Visual Appeal -> Style, Color, Design, and Visual Appeal -> Aesthetic Appeal and Product Design -> Aesthetic Appeal and Design"
Aesthetic Appeal and Design,Color satisfaction,2,"Color satisfaction -> Color, pattern, and visual appeal -> Style, Silhouette, Color, Pattern, and Visual Appeal -> Style, Color, Design, and Visual Appeal -> Aesthetic Appeal and Product Design -> Aesthetic Appeal and Design"
Aesthetic Appeal and Design,Compliment-generating appearance,2,"Compliment-generating appearance -> Style, design, and aesthetic appeal -> Color, Appearance, and Design Appeal -> Style, Color, Design, and Visual Appeal -> Aesthetic Appeal and Product Design -> Aesthetic Appeal and Design"
Aesthetic Appeal and Design,Cute design,2,"Cute design -> Style, design details, and visual appeal -> Style, Silhouette, Color, Pattern, and Visual Appeal -> Style, Color, Design, and Visual Appeal -> Aesthetic Appeal and Product Design -> Aesthetic Appeal and Design"
Aesthetic Appeal and Design,Flattering peplum silhouette,2,"Flattering peplum silhouette -> Style, appearance, and design appeal -> Style, Silhouette, Color, Pattern, and Visual Appeal -> Style, Color, Design, and Visual Appeal -> Aesthetic Appeal and Product Design -> Aesthetic Appeal and Design"
Aesthetic Appeal and Design,Kept despite poor fit,2,"Kept despite poor fit -> Silhouette and styling preferences -> Style, Silhouette, Color, Pattern, and Visual Appeal -> Style, Color, Design, and Visual Appeal -> Aesthetic Appeal and Product Design -> Aesthetic Appeal and Design"
Aesthetic Appeal and Design,Matches pictured appearance,2,"Matches pictured appearance -> Style, design, and aesthetic appeal -> Color, Appearance, and Design Appeal -> Style, Color, Design, and Visual Appeal -> Aesthetic Appeal and Product Design -> Aesthetic Appeal and Design"
Aesthetic Appeal and Design,Matches product photos,2,"Matches product photos -> Color and visual appearance -> Style, Silhouette, Color, Pattern, and Visual Appeal -> Style, Color, Design, and Visual Appeal -> Aesthetic Appeal and Product Design -> Aesthetic Appeal and Design"
Aesthetic Appeal and Design,More attractive in person,2,"More attractive in person -> Style, Appearance, and Design Appeal -> Color, Appearance, and Design Appeal -> Style, Color, Design, and Visual Appeal -> Aesthetic Appeal and Product Design -> Aesthetic Appeal and Design"
Aesthetic Appeal and Design,More beautiful in person,2,"More beautiful in person -> Style, design, and visual appeal -> Style, Silhouette, Color, Pattern, and Visual Appeal -> Style, Color, Design, and Visual Appeal -> Aesthetic Appeal and Product Design -> Aesthetic Appeal and Design"
Aesthetic Appeal and Design,Positive appearance and compliments,2,"Positive appearance and compliments -> Color and visual appearance -> Style, Silhouette, Color, Pattern, and Visual Appeal -> Style, Color, Design, and Visual Appeal -> Aesthetic Appeal and Product Design -> Aesthetic Appeal and Design"
Aesthetic Appeal and Design,Received compliments,2,"Received compliments -> Style, design, and visual appeal -> Style, Silhouette, Color, Pattern, and Visual Appeal -> Style, Color, Design, and Visual Appeal -> Aesthetic Appeal and Product Design -> Aesthetic Appeal and Design"
Aesthetic Appeal and Design,Receives compliments,2,"Receives compliments -> Style, Appearance, and Design Appeal -> Color, Appearance, and Design Appeal -> Style, Color, Design, and Visual Appeal -> Aesthetic Appeal and Product Design -> Aesthetic Appeal and Design"
Aesthetic Appeal and Design,Versatile color coordination,2,"Versatile color coordination -> Color, Pattern, and Visual Appeal -> Style, Silhouette, Color, Pattern, and Visual Appeal -> Style, Color, Design, and Visual Appeal -> Aesthetic Appeal and Product Design -> Aesthetic Appeal and Design"
Aesthetic Appeal and Design,Vibrant color,2,"Vibrant color -> Style, appearance, and color appeal -> Style, Silhouette, Color, Pattern, and Visual Appeal -> Style, Color, Design, and Visual Appeal -> Aesthetic Appeal and Product Design -> Aesthetic Appeal and Design"
Aesthetic Appeal and Design,A-line shape differs from image,1,"A-line shape differs from image -> Silhouette, drape, and construction details -> Style, Silhouette, Color, Pattern, and Visual Appeal -> Style, Color, Design, and Visual Appeal -> Aesthetic Appeal and Product Design -> Aesthetic Appeal and Design"
Aesthetic Appeal and Design,Accurate online appearance,1,"Accurate online appearance -> Style, appearance, and visual appeal -> Style, Silhouette, Color, Pattern, and Visual Appeal -> Style, Color, Design, and Visual Appeal -> Aesthetic Appeal and Product Design -> Aesthetic Appeal and Design"
Aesthetic Appeal and Design,Adorable ruffle detailing,1,"Adorable ruffle detailing -> Distinctive Style and Details -> Style, Silhouette, Color, Pattern, and Visual Appeal -> Style, Color, Design, and Visual Appeal -> Aesthetic Appeal and Product Design -> Aesthetic Appeal and Design"
Aesthetic Appeal and Design,Adorable summer casual style,1,"Adorable summer casual style -> Style, design, and aesthetic appeal -> Color, Appearance, and Design Appeal -> Style, Color, Design, and Visual Appeal -> Aesthetic Appeal and Product Design -> Aesthetic Appeal and Design"
Aesthetic Appeal and Design,Age-appropriate styling,1,"Age-appropriate styling -> Style, design, and visual appeal -> Style, Silhouette, Color, Pattern, and Visual Appeal -> Style, Color, Design, and Visual Appeal -> Aesthetic Appeal and Product Design -> Aesthetic Appeal and Design"
Aesthetic Appeal and Design,Appealing back design,1,"Appealing back design -> Style, design details, and visual appeal -> Style, Silhouette, Color, Pattern, and Visual Appeal -> Style, Color, Design, and Visual Appeal -> Aesthetic Appeal and Product Design -> Aesthetic Appeal and Design"
Aesthetic Appeal and Design,Appealing color,1,"Appealing color -> Style, design, and visual appeal -> Style, Silhouette, Color, Pattern, and Visual Appeal -> Style, Color, Design, and Visual Appeal -> Aesthetic Appeal and Product Design -> Aesthetic Appeal and Design"
Aesthetic Appeal and Design,Appealing color and design,1,"Appealing color and design -> Style, Appearance, and Design Appeal -> Color, Appearance, and Design Appeal -> Style, Color, Design, and Visual Appeal -> Aesthetic Appeal and Product Design -> Aesthetic Appeal and Design"
Aesthetic Appeal and Design,Appealing contrasting design,1,"Appealing contrasting design -> Style, appearance, and design appeal -> Style, Silhouette, Color, Pattern, and Visual Appeal -> Style, Color, Design, and Visual Appeal -> Aesthetic Appeal and Product Design -> Aesthetic Appeal and Design"
Aesthetic Appeal and Design,Appealing lace-up neckline,1,"Appealing lace-up neckline -> Style, design, and visual appeal -> Style, Silhouette, Color, Pattern, and Visual Appeal -> Style, Color, Design, and Visual Appeal -> Aesthetic Appeal and Product Design -> Aesthetic Appeal and Design"
Aesthetic Appeal and Design,Appealing medium-dark color,1,"Appealing medium-dark color -> Color, pattern, and visual appeal -> Style, Silhouette, Color, Pattern, and Visual Appeal -> Style, Color, Design, and Visual Appeal -> Aesthetic Appeal and Product Design -> Aesthetic Appeal and Design"
Aesthetic Appeal and Design,Appealing plaid design,1,"Appealing plaid design -> Style, appearance, and color appeal -> Style, Silhouette, Color, Pattern, and Visual Appeal -> Style, Color, Design, and Visual Appeal -> Aesthetic Appeal and Product Design -> Aesthetic Appeal and Design"
Aesthetic Appeal and Design,Appealing vintage pattern,1,"Appealing vintage pattern -> Color, pattern, and visual appeal -> Style, Silhouette, Color, Pattern, and Visual Appeal -> Style, Color, Design, and Visual Appeal -> Aesthetic Appeal and Product Design -> Aesthetic Appeal and Design"
Aesthetic Appeal and Design,Appearance differs from model,1,"Appearance differs from model -> Style, appearance, and visual appeal -> Style, Silhouette, Color, Pattern, and Visual Appeal -> Style, Color, Design, and Visual Appeal -> Aesthetic Appeal and Product Design -> Aesthetic Appeal and Design"
Aesthetic Appeal and Design,Appearance matches description,1,"Appearance matches description -> Style, design, and visual appeal -> Style, Silhouette, Color, Pattern, and Visual Appeal -> Style, Color, Design, and Visual Appeal -> Aesthetic Appeal and Product Design -> Aesthetic Appeal and Design"
Aesthetic Appeal and Design,Appreciated blue color,1,"Appreciated blue color -> Style, appearance, and design appeal -> Style, Silhouette, Color, Pattern, and Visual Appeal -> Style, Color, Design, and Visual Appeal -> Aesthetic Appeal and Product Design -> Aesthetic Appeal and Design"
Aesthetic Appeal and Design,Appreciated decorative shimmer,1,"Appreciated decorative shimmer -> Style, appearance, and visual appeal -> Style, Silhouette, Color, Pattern, and Visual Appeal -> Style, Color, Design, and Visual Appeal -> Aesthetic Appeal and Product Design -> Aesthetic Appeal and Design"
Aesthetic Appeal and Design,Appreciates skirt detailing,1,"Appreciates skirt detailing -> Construction, design, and distinctive details -> Style, Silhouette, Color, Pattern, and Visual Appeal -> Style, Color, Design, and Visual Appeal -> Aesthetic Appeal and Product Design -> Aesthetic Appeal and Design"
Aesthetic Appeal and Design,Appreciates weathered detailing,1,"Appreciates weathered detailing -> Style, design, and visual appeal -> Style, Silhouette, Color, Pattern, and Visual Appeal -> Style, Color, Design, and Visual Appeal -> Aesthetic Appeal and Product Design -> Aesthetic Appeal and Design"
Aesthetic Appeal and Design,Appreciation of mixed prints,1,"Appreciation of mixed prints -> Style, design, and visual appeal -> Style, Silhouette, Color, Pattern, and Visual Appeal -> Style, Color, Design, and Visual Appeal -> Aesthetic Appeal and Product Design -> Aesthetic Appeal and Design"
Aesthetic Appeal and Design,Appreciation of unique buttons,1,"Appreciation of unique buttons -> Style, Appearance, and Design Appeal -> Color, Appearance, and Design Appeal -> Style, Color, Design, and Visual Appeal -> Aesthetic Appeal and Product Design -> Aesthetic Appeal and Design"
Aesthetic Appeal and Design,Artistic but wearable design,1,"Artistic but wearable design -> Style, appearance, and visual appeal -> Style, Silhouette, Color, Pattern, and Visual Appeal -> Style, Color, Design, and Visual Appeal -> Aesthetic Appeal and Product Design -> Aesthetic Appeal and Design"
Aesthetic Appeal and Design,Attractive appearance in person,1,"Attractive appearance in person -> Color, Pattern, and Visual Appeal -> Style, Silhouette, Color, Pattern, and Visual Appeal -> Style, Color, Design, and Visual Appeal -> Aesthetic Appeal and Product Design -> Aesthetic Appeal and Design"
Aesthetic Appeal and Design,Attractive back keyhole detail,1,"Attractive back keyhole detail -> Distinctive Style and Details -> Style, Silhouette, Color, Pattern, and Visual Appeal -> Style, Color, Design, and Visual Appeal -> Aesthetic Appeal and Product Design -> Aesthetic Appeal and Design"
Aesthetic Appeal and Design,Attractive back peplum,1,"Attractive back peplum -> Style, design, and visual appeal -> Style, Silhouette, Color, Pattern, and Visual Appeal -> Style, Color, Design, and Visual Appeal -> Aesthetic Appeal and Product Design -> Aesthetic Appeal and Design"
Aesthetic Appeal and Design,Attractive blue color,1,"Attractive blue color -> Color, pattern, and visual appeal -> Style, Silhouette, Color, Pattern, and Visual Appeal -> Style, Color, Design, and Visual Appeal -> Aesthetic Appeal and Product Design -> Aesthetic Appeal and Design"
Aesthetic Appeal and Design,Attractive button design,1,"Attractive button design -> Color, pattern, and visual details -> Color, Appearance, and Design Appeal -> Style, Color, Design, and Visual Appeal -> Aesthetic Appeal and Product Design -> Aesthetic Appeal and Design"
Aesthetic Appeal and Design,Attractive charcoal shimmer,1,"Attractive charcoal shimmer -> Color, pattern, and visual appeal -> Style, Silhouette, Color, Pattern, and Visual Appeal -> Style, Color, Design, and Visual Appeal -> Aesthetic Appeal and Product Design -> Aesthetic Appeal and Design"
Aesthetic Appeal and Design,Attractive color and design,1,"Attractive color and design -> Color, pattern, and visual appeal -> Style, Silhouette, Color, Pattern, and Visual Appeal -> Style, Color, Design, and Visual Appeal -> Aesthetic Appeal and Product Design -> Aesthetic Appeal and Design"
Aesthetic Appeal and Design,Attractive color and silhouette,1,"Attractive color and silhouette -> Style, design, and aesthetic appeal -> Color, Appearance, and Design Appeal -> Style, Color, Design, and Visual Appeal -> Aesthetic Appeal and Product Design -> Aesthetic Appeal and Design"
Aesthetic Appeal and Design,Attractive color and style,1,"Attractive color and style -> Color, pattern, and visual appeal -> Style, Silhouette, Color, Pattern, and Visual Appeal -> Style, Color, Design, and Visual Appeal -> Aesthetic Appeal and Product Design -> Aesthetic Appeal and Design"
Aesthetic Appeal and Design,Attractive color selection,1,"Attractive color selection -> Color and visual appearance -> Style, Silhouette, Color, Pattern, and Visual Appeal -> Style, Color, Design, and Visual Appeal -> Aesthetic Appeal and Product Design -> Aesthetic Appeal and Design"
Aesthetic Appeal and Design,Attractive colors and fabric,1,"Attractive colors and fabric -> Color, pattern, and visual appeal -> Style, Silhouette, Color, Pattern, and Visual Appeal -> Style, Color, Design, and Visual Appeal -> Aesthetic Appeal and Product Design -> Aesthetic Appeal and Design"
Aesthetic Appeal and Design,Attractive colors and fabrics,1,"Attractive colors and fabrics -> Style, design, and visual appeal -> Style, Silhouette, Color, Pattern, and Visual Appeal -> Style, Color, Design, and Visual Appeal -> Aesthetic Appeal and Product Design -> Aesthetic Appeal and Design"
Aesthetic Appeal and Design,Attractive colors and print,1,"Attractive colors and print -> Style, design, and visual appeal -> Style, Silhouette, Color, Pattern, and Visual Appeal -> Style, Color, Design, and Visual Appeal -> Aesthetic Appeal and Product Design -> Aesthetic Appeal and Design"
Aesthetic Appeal and Design,Attractive cutout details,1,"Attractive cutout details -> Style, design, and visual appeal -> Style, Silhouette, Color, Pattern, and Visual Appeal -> Style, Color, Design, and Visual Appeal -> Aesthetic Appeal and Product Design -> Aesthetic Appeal and Design"
Aesthetic Appeal and Design,Attractive design despite defect,1,"Attractive design despite defect -> Style, design, and visual appeal -> Style, Silhouette, Color, Pattern, and Visual Appeal -> Style, Color, Design, and Visual Appeal -> Aesthetic Appeal and Product Design -> Aesthetic Appeal and Design"
Aesthetic Appeal and Design,Attractive embossed design,1,"Attractive embossed design -> Color, pattern, and visual appeal -> Style, Silhouette, Color, Pattern, and Visual Appeal -> Style, Color, Design, and Visual Appeal -> Aesthetic Appeal and Product Design -> Aesthetic Appeal and Design"
Aesthetic Appeal and Design,Attractive jacket pattern,1,"Attractive jacket pattern -> Style, Appearance, and Design Appeal -> Color, Appearance, and Design Appeal -> Style, Color, Design, and Visual Appeal -> Aesthetic Appeal and Product Design -> Aesthetic Appeal and Design"
Aesthetic Appeal and Design,Attractive long sleeves,1,"Attractive long sleeves -> Style, appearance, and visual appeal -> Style, Silhouette, Color, Pattern, and Visual Appeal -> Style, Color, Design, and Visual Appeal -> Aesthetic Appeal and Product Design -> Aesthetic Appeal and Design"
Aesthetic Appeal and Design,Attractive material and styling,1,"Attractive material and styling -> Construction, design, and distinctive details -> Style, Silhouette, Color, Pattern, and Visual Appeal -> Style, Color, Design, and Visual Appeal -> Aesthetic Appeal and Product Design -> Aesthetic Appeal and Design"
Aesthetic Appeal and Design,Attractive mixed prints,1,"Attractive mixed prints -> Color, Pattern, and Visual Appeal -> Style, Silhouette, Color, Pattern, and Visual Appeal -> Style, Color, Design, and Visual Appeal -> Aesthetic Appeal and Product Design -> Aesthetic Appeal and Design"
Aesthetic Appeal and Design,Attractive navy color,1,"Attractive navy color -> Style, design, and visual appeal -> Style, Silhouette, Color, Pattern, and Visual Appeal -> Style, Color, Design, and Visual Appeal -> Aesthetic Appeal and Product Design -> Aesthetic Appeal and Design"
Aesthetic Appeal and Design,Attractive olive color,1,"Attractive olive color -> Style, Appearance, and Design Appeal -> Color, Appearance, and Design Appeal -> Style, Color, Design, and Visual Appeal -> Aesthetic Appeal and Product Design -> Aesthetic Appeal and Design"
Aesthetic Appeal and Design,Attractive online appearance,1,"Attractive online appearance -> Color and visual appearance -> Style, Silhouette, Color, Pattern, and Visual Appeal -> Style, Color, Design, and Visual Appeal -> Aesthetic Appeal and Product Design -> Aesthetic Appeal and Design"
Aesthetic Appeal and Design,Attractive plaid colors,1,"Attractive plaid colors -> Color, pattern, and visual appeal -> Style, Silhouette, Color, Pattern, and Visual Appeal -> Style, Color, Design, and Visual Appeal -> Aesthetic Appeal and Product Design -> Aesthetic Appeal and Design"
Aesthetic Appeal and Design,Attractive soft pink color,1,"Attractive soft pink color -> Color, Pattern, and Visual Appeal -> Style, Silhouette, Color, Pattern, and Visual Appeal -> Style, Color, Design, and Visual Appeal -> Aesthetic Appeal and Product Design -> Aesthetic Appeal and Design"
Aesthetic Appeal and Design,Attractive subtle floral colors,1,"Attractive subtle floral colors -> Color, pattern, and visual appeal -> Style, Silhouette, Color, Pattern, and Visual Appeal -> Style, Color, Design, and Visual Appeal -> Aesthetic Appeal and Product Design -> Aesthetic Appeal and Design"
Aesthetic Appeal and Design,Attractive two-way styling,1,"Attractive two-way styling -> Style, design, and visual appeal -> Style, Silhouette, Color, Pattern, and Visual Appeal -> Style, Color, Design, and Visual Appeal -> Aesthetic Appeal and Product Design -> Aesthetic Appeal and Design"
Aesthetic Appeal and Design,Attractive unique design,1,"Attractive unique design -> Style, appearance, and design appeal -> Style, Silhouette, Color, Pattern, and Visual Appeal -> Style, Color, Design, and Visual Appeal -> Aesthetic Appeal and Product Design -> Aesthetic Appeal and Design"
Aesthetic Appeal and Design,Attractive versatile appearance,1,"Attractive versatile appearance -> Style, design, and visual appeal -> Style, Silhouette, Color, Pattern, and Visual Appeal -> Style, Color, Design, and Visual Appeal -> Aesthetic Appeal and Product Design -> Aesthetic Appeal and Design"
Aesthetic Appeal and Design,Attractive versatile color,1,"Attractive versatile color -> Color and visual presentation -> Color, Appearance, and Design Appeal -> Style, Color, Design, and Visual Appeal -> Aesthetic Appeal and Product Design -> Aesthetic Appeal and Design"
Aesthetic Appeal and Design,Attractive wine color,1,"Attractive wine color -> Color and print appeal -> Style, Silhouette, Color, Pattern, and Visual Appeal -> Style, Color, Design, and Visual Appeal -> Aesthetic Appeal and Product Design -> Aesthetic Appeal and Design"
Aesthetic Appeal and Design,"Attractive, interesting pattern",1,"Attractive, interesting pattern -> Style, design, and visual appeal -> Style, Silhouette, Color, Pattern, and Visual Appeal -> Style, Color, Design, and Visual Appeal -> Aesthetic Appeal and Product Design -> Aesthetic Appeal and Design"
Aesthetic Appeal and Design,Back ruffle detail,1,"Back ruffle detail -> Style, design, and visual appeal -> Style, Silhouette, Color, Pattern, and Visual Appeal -> Style, Color, Design, and Visual Appeal -> Aesthetic Appeal and Product Design -> Aesthetic Appeal and Design"
Aesthetic Appeal and Design,Beautiful color and design,1,"Beautiful color and design -> Style, Appearance, and Design Appeal -> Color, Appearance, and Design Appeal -> Style, Color, Design, and Visual Appeal -> Aesthetic Appeal and Product Design -> Aesthetic Appeal and Design"
Aesthetic Appeal and Design,Beautiful construction,1,"Beautiful construction -> Style, appearance, and design appeal -> Style, Silhouette, Color, Pattern, and Visual Appeal -> Style, Color, Design, and Visual Appeal -> Aesthetic Appeal and Product Design -> Aesthetic Appeal and Design"
Aesthetic Appeal and Design,Beautiful design and color,1,"Beautiful design and color -> Style, design, and visual appeal -> Style, Silhouette, Color, Pattern, and Visual Appeal -> Style, Color, Design, and Visual Appeal -> Aesthetic Appeal and Product Design -> Aesthetic Appeal and Design"
Aesthetic Appeal and Design,Beautiful design details,1,"Beautiful design details -> Style, design details, and visual appeal -> Style, Silhouette, Color, Pattern, and Visual Appeal -> Style, Color, Design, and Visual Appeal -> Aesthetic Appeal and Product Design -> Aesthetic Appeal and Design"
Aesthetic Appeal and Design,Beautiful draping fabric,1,"Beautiful draping fabric -> Style, design, and aesthetic appeal -> Color, Appearance, and Design Appeal -> Style, Color, Design, and Visual Appeal -> Aesthetic Appeal and Product Design -> Aesthetic Appeal and Design"
Aesthetic Appeal and Design,Beautiful in person,1,"Beautiful in person -> Style, Appearance, and Design Appeal -> Color, Appearance, and Design Appeal -> Style, Color, Design, and Visual Appeal -> Aesthetic Appeal and Product Design -> Aesthetic Appeal and Design"
Aesthetic Appeal and Design,Beautiful knit pattern,1,"Beautiful knit pattern -> Style, design, and visual appeal -> Style, Silhouette, Color, Pattern, and Visual Appeal -> Style, Color, Design, and Visual Appeal -> Aesthetic Appeal and Product Design -> Aesthetic Appeal and Design"
Aesthetic Appeal and Design,Beautiful peach color,1,"Beautiful peach color -> Color and visual presentation -> Color, Appearance, and Design Appeal -> Style, Color, Design, and Visual Appeal -> Aesthetic Appeal and Product Design -> Aesthetic Appeal and Design"
Aesthetic Appeal and Design,Beautiful print,1,"Beautiful print -> Style, design, and visual appeal -> Style, Silhouette, Color, Pattern, and Visual Appeal -> Style, Color, Design, and Visual Appeal -> Aesthetic Appeal and Product Design -> Aesthetic Appeal and Design"
Aesthetic Appeal and Design,Beautiful printed design,1,"Beautiful printed design -> Style, design, and visual appeal -> Style, Silhouette, Color, Pattern, and Visual Appeal -> Style, Color, Design, and Visual Appeal -> Aesthetic Appeal and Product Design -> Aesthetic Appeal and Design"
Aesthetic Appeal and Design,Beautiful sky-blue color,1,"Beautiful sky-blue color -> Color, print, and visual appearance -> Color, Appearance, and Design Appeal -> Style, Color, Design, and Visual Appeal -> Aesthetic Appeal and Product Design -> Aesthetic Appeal and Design"
Aesthetic Appeal and Design,Beautiful unique embroidery,1,"Beautiful unique embroidery -> Style, Appearance, and Design Appeal -> Color, Appearance, and Design Appeal -> Style, Color, Design, and Visual Appeal -> Aesthetic Appeal and Product Design -> Aesthetic Appeal and Design"
Aesthetic Appeal and Design,"Beautiful, stunning appearance",1,"Beautiful, stunning appearance -> Color and visual appearance -> Style, Silhouette, Color, Pattern, and Visual Appeal -> Style, Color, Design, and Visual Appeal -> Aesthetic Appeal and Product Design -> Aesthetic Appeal and Design"
Aesthetic Appeal and Design,Better in person,1,"Better in person -> Color and visual appearance -> Style, Silhouette, Color, Pattern, and Visual Appeal -> Style, Color, Design, and Visual Appeal -> Aesthetic Appeal and Product Design -> Aesthetic Appeal and Design"
Aesthetic Appeal and Design,Better than expected appearance,1,"Better than expected appearance -> Style, design, and aesthetic appeal -> Color, Appearance, and Design Appeal -> Style, Color, Design, and Visual Appeal -> Aesthetic Appeal and Product Design -> Aesthetic Appeal and Design"
Aesthetic Appeal and Design,Black color preferred,1,"Black color preferred -> Color and visual presentation -> Color, Appearance, and Design Appeal -> Style, Color, Design, and Visual Appeal -> Aesthetic Appeal and Product Design -> Aesthetic Appeal and Design"
Aesthetic Appeal and Design,Black pairs with patterned pants,1,"Black pairs with patterned pants -> Style, design, and visual appeal -> Style, Silhouette, Color, Pattern, and Visual Appeal -> Style, Color, Design, and Visual Appeal -> Aesthetic Appeal and Product Design -> Aesthetic Appeal and Design"
Aesthetic Appeal and Design,Black-blue color effect,1,"Black-blue color effect -> Color, pattern, and visual appeal -> Style, Silhouette, Color, Pattern, and Visual Appeal -> Style, Color, Design, and Visual Appeal -> Aesthetic Appeal and Product Design -> Aesthetic Appeal and Design"
Aesthetic Appeal and Design,Bohemian aesthetic appeal,1,"Bohemian aesthetic appeal -> Style, design, and aesthetic appeal -> Color, Appearance, and Design Appeal -> Style, Color, Design, and Visual Appeal -> Aesthetic Appeal and Product Design -> Aesthetic Appeal and Design"
Aesthetic Appeal and Design,Bright multicolor design,1,"Bright multicolor design -> Color, print, and visual appearance -> Color, Appearance, and Design Appeal -> Style, Color, Design, and Visual Appeal -> Aesthetic Appeal and Product Design -> Aesthetic Appeal and Design"
Aesthetic Appeal and Design,Brighter stripes,1,"Brighter stripes -> Style, design, and visual appeal -> Style, Silhouette, Color, Pattern, and Visual Appeal -> Style, Color, Design, and Visual Appeal -> Aesthetic Appeal and Product Design -> Aesthetic Appeal and Design"
Aesthetic Appeal and Design,Brilliant garment cut,1,"Brilliant garment cut -> Style, appearance, and visual appeal -> Style, Silhouette, Color, Pattern, and Visual Appeal -> Style, Color, Design, and Visual Appeal -> Aesthetic Appeal and Product Design -> Aesthetic Appeal and Design"
Aesthetic Appeal and Design,Burnt orange color praised,1,"Burnt orange color praised -> Style, design, and visual appeal -> Style, Silhouette, Color, Pattern, and Visual Appeal -> Style, Color, Design, and Visual Appeal -> Aesthetic Appeal and Product Design -> Aesthetic Appeal and Design"
Aesthetic Appeal and Design,Busy pattern coordinates well,1,"Busy pattern coordinates well -> Style, design, and visual appeal -> Style, Silhouette, Color, Pattern, and Visual Appeal -> Style, Color, Design, and Visual Appeal -> Aesthetic Appeal and Product Design -> Aesthetic Appeal and Design"
Aesthetic Appeal and Design,Buttons add feminine appeal,1,"Buttons add feminine appeal -> Style, design, and visual appeal -> Style, Silhouette, Color, Pattern, and Visual Appeal -> Style, Color, Design, and Visual Appeal -> Aesthetic Appeal and Product Design -> Aesthetic Appeal and Design"
Aesthetic Appeal and Design,Cheerful color combination,1,"Cheerful color combination -> Style, design, and visual appeal -> Style, Silhouette, Color, Pattern, and Visual Appeal -> Style, Color, Design, and Visual Appeal -> Aesthetic Appeal and Product Design -> Aesthetic Appeal and Design"
Aesthetic Appeal and Design,Chic appearance,1,"Chic appearance -> Style, Appearance, and Design Appeal -> Color, Appearance, and Design Appeal -> Style, Color, Design, and Visual Appeal -> Aesthetic Appeal and Product Design -> Aesthetic Appeal and Design"
Aesthetic Appeal and Design,"Chic, stylish design",1,"Chic, stylish design -> Style, design, and visual appeal -> Style, Silhouette, Color, Pattern, and Visual Appeal -> Style, Color, Design, and Visual Appeal -> Aesthetic Appeal and Product Design -> Aesthetic Appeal and Design"
Aesthetic Appeal and Design,Childlike appearance,1,"Childlike appearance -> Distinctive Style and Details -> Style, Silhouette, Color, Pattern, and Visual Appeal -> Style, Color, Design, and Visual Appeal -> Aesthetic Appeal and Product Design -> Aesthetic Appeal and Design"
Aesthetic Appeal and Design,Classic attractive design,1,"Classic attractive design -> Style, design, and visual appeal -> Style, Silhouette, Color, Pattern, and Visual Appeal -> Style, Color, Design, and Visual Appeal -> Aesthetic Appeal and Product Design -> Aesthetic Appeal and Design"
Aesthetic Appeal and Design,Classic yet quirky design,1,"Classic yet quirky design -> Style distinctiveness and design appeal -> Color, Appearance, and Design Appeal -> Style, Color, Design, and Visual Appeal -> Aesthetic Appeal and Product Design -> Aesthetic Appeal and Design"
Aesthetic Appeal and Design,Collar dissatisfaction,1,"Collar dissatisfaction -> Construction, design, and distinctive details -> Style, Silhouette, Color, Pattern, and Visual Appeal -> Style, Color, Design, and Visual Appeal -> Aesthetic Appeal and Product Design -> Aesthetic Appeal and Design"
Aesthetic Appeal and Design,Color affects purchase,1,"Color affects purchase -> Color and visual presentation -> Color, Appearance, and Design Appeal -> Style, Color, Design, and Visual Appeal -> Aesthetic Appeal and Product Design -> Aesthetic Appeal and Design"
Aesthetic Appeal and Design,Color and style appeal,1,"Color and style appeal -> Color, print, and visual appearance -> Color, Appearance, and Design Appeal -> Style, Color, Design, and Visual Appeal -> Aesthetic Appeal and Product Design -> Aesthetic Appeal and Design"
Aesthetic Appeal and Design,Color differs from description,1,"Color differs from description -> Style, appearance, and color appeal -> Style, Silhouette, Color, Pattern, and Visual Appeal -> Style, Color, Design, and Visual Appeal -> Aesthetic Appeal and Product Design -> Aesthetic Appeal and Design"
Aesthetic Appeal and Design,Color differs from display,1,"Color differs from display -> Style, appearance, and visual appeal -> Style, Silhouette, Color, Pattern, and Visual Appeal -> Style, Color, Design, and Visual Appeal -> Aesthetic Appeal and Product Design -> Aesthetic Appeal and Design"
Aesthetic Appeal and Design,Color differs from image,1,"Color differs from image -> Color, pattern, and visual details -> Color, Appearance, and Design Appeal -> Style, Color, Design, and Visual Appeal -> Aesthetic Appeal and Product Design -> Aesthetic Appeal and Design"
Aesthetic Appeal and Design,Color differs from listing,1,"Color differs from listing -> Color, pattern, and visual appeal -> Style, Silhouette, Color, Pattern, and Visual Appeal -> Style, Color, Design, and Visual Appeal -> Aesthetic Appeal and Product Design -> Aesthetic Appeal and Design"
Aesthetic Appeal and Design,Color matches product photo,1,"Color matches product photo -> Color and print appeal -> Style, Silhouette, Color, Pattern, and Visual Appeal -> Style, Color, Design, and Visual Appeal -> Aesthetic Appeal and Product Design -> Aesthetic Appeal and Design"
Aesthetic Appeal and Design,Color matches product photos,1,"Color matches product photos -> Color, print, and visual appearance -> Color, Appearance, and Design Appeal -> Style, Color, Design, and Visual Appeal -> Aesthetic Appeal and Product Design -> Aesthetic Appeal and Design"
Aesthetic Appeal and Design,Colors are enjoyable,1,"Colors are enjoyable -> Color and print appeal -> Style, Silhouette, Color, Pattern, and Visual Appeal -> Style, Color, Design, and Visual Appeal -> Aesthetic Appeal and Product Design -> Aesthetic Appeal and Design"
Aesthetic Appeal and Design,Colors exceed expectations,1,"Colors exceed expectations -> Color, pattern, and visual details -> Color, Appearance, and Design Appeal -> Style, Color, Design, and Visual Appeal -> Aesthetic Appeal and Product Design -> Aesthetic Appeal and Design"
Aesthetic Appeal and Design,Colors unflattering personally,1,"Colors unflattering personally -> Color and print appeal -> Style, Silhouette, Color, Pattern, and Visual Appeal -> Style, Color, Design, and Visual Appeal -> Aesthetic Appeal and Product Design -> Aesthetic Appeal and Design"
Aesthetic Appeal and Design,Comfortable and cute design,1,"Comfortable and cute design -> Style, design, and visual appeal -> Style, Silhouette, Color, Pattern, and Visual Appeal -> Style, Color, Design, and Visual Appeal -> Aesthetic Appeal and Product Design -> Aesthetic Appeal and Design"
Aesthetic Appeal and Design,Conceals midsection,1,"Conceals midsection -> Style, design, and aesthetic appeal -> Color, Appearance, and Design Appeal -> Style, Color, Design, and Visual Appeal -> Aesthetic Appeal and Product Design -> Aesthetic Appeal and Design"
Aesthetic Appeal and Design,Concern about dress color,1,"Concern about dress color -> Color and visual appearance -> Style, Silhouette, Color, Pattern, and Visual Appeal -> Style, Color, Design, and Visual Appeal -> Aesthetic Appeal and Product Design -> Aesthetic Appeal and Design"
Aesthetic Appeal and Design,Contrasting plaid lining,1,"Contrasting plaid lining -> Color, pattern, and visual details -> Color, Appearance, and Design Appeal -> Style, Color, Design, and Visual Appeal -> Aesthetic Appeal and Product Design -> Aesthetic Appeal and Design"
Aesthetic Appeal and Design,Cover-up required,1,"Cover-up required -> Style, appearance, and visual appeal -> Style, Silhouette, Color, Pattern, and Visual Appeal -> Style, Color, Design, and Visual Appeal -> Aesthetic Appeal and Product Design -> Aesthetic Appeal and Design"
Aesthetic Appeal and Design,"Crisp, clean appearance",1,"Crisp, clean appearance -> Style, design, and visual appeal -> Style, Silhouette, Color, Pattern, and Visual Appeal -> Style, Color, Design, and Visual Appeal -> Aesthetic Appeal and Product Design -> Aesthetic Appeal and Design"
Aesthetic Appeal and Design,Culottes perceived as fashionable,1,"Culottes perceived as fashionable -> Style, design, and visual appeal -> Style, Silhouette, Color, Pattern, and Visual Appeal -> Style, Color, Design, and Visual Appeal -> Aesthetic Appeal and Product Design -> Aesthetic Appeal and Design"
Aesthetic Appeal and Design,Customer likes both colors,1,"Customer likes both colors -> Color, print, and visual appearance -> Color, Appearance, and Design Appeal -> Style, Color, Design, and Visual Appeal -> Aesthetic Appeal and Product Design -> Aesthetic Appeal and Design"
Aesthetic Appeal and Design,Cute angled leg design,1,"Cute angled leg design -> Style, design, and visual appeal -> Style, Silhouette, Color, Pattern, and Visual Appeal -> Style, Color, Design, and Visual Appeal -> Aesthetic Appeal and Product Design -> Aesthetic Appeal and Design"
Aesthetic Appeal and Design,Cute casual styling,1,"Cute casual styling -> Style, design details, and visual appeal -> Style, Silhouette, Color, Pattern, and Visual Appeal -> Style, Color, Design, and Visual Appeal -> Aesthetic Appeal and Product Design -> Aesthetic Appeal and Design"
Aesthetic Appeal and Design,Cute colorful stripes,1,"Cute colorful stripes -> Color, print, and visual appearance -> Color, Appearance, and Design Appeal -> Style, Color, Design, and Visual Appeal -> Aesthetic Appeal and Product Design -> Aesthetic Appeal and Design"
Aesthetic Appeal and Design,Cute cropped style,1,"Cute cropped style -> Style, design, and visual appeal -> Style, Silhouette, Color, Pattern, and Visual Appeal -> Style, Color, Design, and Visual Appeal -> Aesthetic Appeal and Product Design -> Aesthetic Appeal and Design"
Aesthetic Appeal and Design,Cute pattern,1,"Cute pattern -> Color, pattern, and visual details -> Color, Appearance, and Design Appeal -> Style, Color, Design, and Visual Appeal -> Aesthetic Appeal and Product Design -> Aesthetic Appeal and Design"
Aesthetic Appeal and Design,Cute plaid cotton blend,1,"Cute plaid cotton blend -> Style, design, and visual appeal -> Style, Silhouette, Color, Pattern, and Visual Appeal -> Style, Color, Design, and Visual Appeal -> Aesthetic Appeal and Product Design -> Aesthetic Appeal and Design"
Aesthetic Appeal and Design,Cute styling,1,"Cute styling -> Style, design, and visual appeal -> Style, Silhouette, Color, Pattern, and Visual Appeal -> Style, Color, Design, and Visual Appeal -> Aesthetic Appeal and Product Design -> Aesthetic Appeal and Design"
Aesthetic Appeal and Design,Cute vintage-inspired style,1,"Cute vintage-inspired style -> Distinctive Style and Details -> Style, Silhouette, Color, Pattern, and Visual Appeal -> Style, Color, Design, and Visual Appeal -> Aesthetic Appeal and Product Design -> Aesthetic Appeal and Design"
Aesthetic Appeal and Design,"Cute, flattering appearance",1,"Cute, flattering appearance -> Style, design, and visual appeal -> Style, Silhouette, Color, Pattern, and Visual Appeal -> Style, Color, Design, and Visual Appeal -> Aesthetic Appeal and Product Design -> Aesthetic Appeal and Design"
Aesthetic Appeal and Design,Darker color preference,1,"Darker color preference -> Color and visual appearance -> Style, Silhouette, Color, Pattern, and Visual Appeal -> Style, Color, Design, and Visual Appeal -> Aesthetic Appeal and Product Design -> Aesthetic Appeal and Design"
Aesthetic Appeal and Design,Darker denim preferred,1,"Darker denim preferred -> Color, pattern, and visual appeal -> Style, Silhouette, Color, Pattern, and Visual Appeal -> Style, Color, Design, and Visual Appeal -> Aesthetic Appeal and Product Design -> Aesthetic Appeal and Design"
Aesthetic Appeal and Design,Decorative beading and lace,1,"Decorative beading and lace -> Style, Appearance, and Design Appeal -> Color, Appearance, and Design Appeal -> Style, Color, Design, and Visual Appeal -> Aesthetic Appeal and Product Design -> Aesthetic Appeal and Design"
Aesthetic Appeal and Design,Decorative embroidery,1,"Decorative embroidery -> Style, appearance, and color appeal -> Style, Silhouette, Color, Pattern, and Visual Appeal -> Style, Color, Design, and Visual Appeal -> Aesthetic Appeal and Product Design -> Aesthetic Appeal and Design"
Aesthetic Appeal and Design,Decorative lacing detail,1,"Decorative lacing detail -> Style, design, and visual appeal -> Style, Silhouette, Color, Pattern, and Visual Appeal -> Style, Color, Design, and Visual Appeal -> Aesthetic Appeal and Product Design -> Aesthetic Appeal and Design"
Aesthetic Appeal and Design,Design and fabric appreciated,1,"Design and fabric appreciated -> Style, design, and visual appeal -> Style, Silhouette, Color, Pattern, and Visual Appeal -> Style, Color, Design, and Visual Appeal -> Aesthetic Appeal and Product Design -> Aesthetic Appeal and Design"
Aesthetic Appeal and Design,Design appreciated,1,"Design appreciated -> Style, appearance, and color appeal -> Style, Silhouette, Color, Pattern, and Visual Appeal -> Style, Color, Design, and Visual Appeal -> Aesthetic Appeal and Product Design -> Aesthetic Appeal and Design"
Aesthetic Appeal and Design,Desire for darker rinse,1,"Desire for darker rinse -> Color, pattern, and visual appeal -> Style, Silhouette, Color, Pattern, and Visual Appeal -> Style, Color, Design, and Visual Appeal -> Aesthetic Appeal and Product Design -> Aesthetic Appeal and Design"
Aesthetic Appeal and Design,Desire for more colors,1,"Desire for more colors -> Style, appearance, and color appeal -> Style, Silhouette, Color, Pattern, and Visual Appeal -> Style, Color, Design, and Visual Appeal -> Aesthetic Appeal and Product Design -> Aesthetic Appeal and Design"
Aesthetic Appeal and Design,Difficult to coordinate color,1,"Difficult to coordinate color -> Style, appearance, and color appeal -> Style, Silhouette, Color, Pattern, and Visual Appeal -> Style, Color, Design, and Visual Appeal -> Aesthetic Appeal and Product Design -> Aesthetic Appeal and Design"
Aesthetic Appeal and Design,Distinctive appealing print,1,"Distinctive appealing print -> Style, design, and visual appeal -> Style, Silhouette, Color, Pattern, and Visual Appeal -> Style, Color, Design, and Visual Appeal -> Aesthetic Appeal and Product Design -> Aesthetic Appeal and Design"
Aesthetic Appeal and Design,Distinctive attractive design,1,"Distinctive attractive design -> Style, design, and visual appeal -> Style, Silhouette, Color, Pattern, and Visual Appeal -> Style, Color, Design, and Visual Appeal -> Aesthetic Appeal and Product Design -> Aesthetic Appeal and Design"
Aesthetic Appeal and Design,Distinctive drape and appeal,1,"Distinctive drape and appeal -> Style, appearance, and design appeal -> Style, Silhouette, Color, Pattern, and Visual Appeal -> Style, Color, Design, and Visual Appeal -> Aesthetic Appeal and Product Design -> Aesthetic Appeal and Design"
Aesthetic Appeal and Design,Distinctive tie-back collar,1,"Distinctive tie-back collar -> Distinctive Style and Details -> Style, Silhouette, Color, Pattern, and Visual Appeal -> Style, Color, Design, and Visual Appeal -> Aesthetic Appeal and Product Design -> Aesthetic Appeal and Design"
Aesthetic Appeal and Design,Distinctive yet understated style,1,"Distinctive yet understated style -> Style distinctiveness and design appeal -> Color, Appearance, and Design Appeal -> Style, Color, Design, and Visual Appeal -> Aesthetic Appeal and Product Design -> Aesthetic Appeal and Design"
Aesthetic Appeal and Design,Distressed dot appearance,1,"Distressed dot appearance -> Color, pattern, and visual appeal -> Style, Silhouette, Color, Pattern, and Visual Appeal -> Style, Color, Design, and Visual Appeal -> Aesthetic Appeal and Product Design -> Aesthetic Appeal and Design"
Aesthetic Appeal and Design,Dramatic yet comfortable,1,"Dramatic yet comfortable -> Style, appearance, and visual appeal -> Style, Silhouette, Color, Pattern, and Visual Appeal -> Style, Color, Design, and Visual Appeal -> Aesthetic Appeal and Product Design -> Aesthetic Appeal and Design"
Aesthetic Appeal and Design,Dress resembles separates,1,"Dress resembles separates -> Construction, design, and distinctive details -> Style, Silhouette, Color, Pattern, and Visual Appeal -> Style, Color, Design, and Visual Appeal -> Aesthetic Appeal and Product Design -> Aesthetic Appeal and Design"
Aesthetic Appeal and Design,Dressier alternative to tee,1,"Dressier alternative to tee -> Style, design, and visual appeal -> Style, Silhouette, Color, Pattern, and Visual Appeal -> Style, Color, Design, and Visual Appeal -> Aesthetic Appeal and Product Design -> Aesthetic Appeal and Design"
Aesthetic Appeal and Design,Dressy chiffon appearance,1,"Dressy chiffon appearance -> Style, Appearance, and Design Appeal -> Color, Appearance, and Design Appeal -> Style, Color, Design, and Visual Appeal -> Aesthetic Appeal and Product Design -> Aesthetic Appeal and Design"
Aesthetic Appeal and Design,Edgy frayed hem,1,"Edgy frayed hem -> Style, design, and visual appeal -> Style, Silhouette, Color, Pattern, and Visual Appeal -> Style, Color, Design, and Visual Appeal -> Aesthetic Appeal and Product Design -> Aesthetic Appeal and Design"
Aesthetic Appeal and Design,Edgy leather detailing,1,"Edgy leather detailing -> Style, design details, and visual appeal -> Style, Silhouette, Color, Pattern, and Visual Appeal -> Style, Color, Design, and Visual Appeal -> Aesthetic Appeal and Product Design -> Aesthetic Appeal and Design"
Aesthetic Appeal and Design,Edgy style disappoints,1,"Edgy style disappoints -> Style, design details, and visual appeal -> Style, Silhouette, Color, Pattern, and Visual Appeal -> Style, Color, Design, and Visual Appeal -> Aesthetic Appeal and Product Design -> Aesthetic Appeal and Design"
Aesthetic Appeal and Design,Elegant contemporary style,1,"Elegant contemporary style -> Style, design, and aesthetic appeal -> Color, Appearance, and Design Appeal -> Style, Color, Design, and Visual Appeal -> Aesthetic Appeal and Product Design -> Aesthetic Appeal and Design"
Aesthetic Appeal and Design,Elegant open sleeve detail,1,"Elegant open sleeve detail -> Style, design, and visual appeal -> Style, Silhouette, Color, Pattern, and Visual Appeal -> Style, Color, Design, and Visual Appeal -> Aesthetic Appeal and Product Design -> Aesthetic Appeal and Design"
Aesthetic Appeal and Design,"Ethereal, stylish appearance",1,"Ethereal, stylish appearance -> Style, design, and visual appeal -> Style, Silhouette, Color, Pattern, and Visual Appeal -> Style, Color, Design, and Visual Appeal -> Aesthetic Appeal and Product Design -> Aesthetic Appeal and Design"
Aesthetic Appeal and Design,Exceeds appearance expectations,1,"Exceeds appearance expectations -> Color and visual appearance -> Style, Silhouette, Color, Pattern, and Visual Appeal -> Style, Color, Design, and Visual Appeal -> Aesthetic Appeal and Product Design -> Aesthetic Appeal and Design"
Aesthetic Appeal and Design,Excessive distressing,1,"Excessive distressing -> Style, design details, and visual appeal -> Style, Silhouette, Color, Pattern, and Visual Appeal -> Style, Color, Design, and Visual Appeal -> Aesthetic Appeal and Product Design -> Aesthetic Appeal and Design"
Aesthetic Appeal and Design,Eye-catching detailing,1,"Eye-catching detailing -> Style, Appearance, and Design Appeal -> Color, Appearance, and Design Appeal -> Style, Color, Design, and Visual Appeal -> Aesthetic Appeal and Product Design -> Aesthetic Appeal and Design"
Aesthetic Appeal and Design,Faded washed-out color,1,"Faded washed-out color -> Style, Appearance, and Design Appeal -> Color, Appearance, and Design Appeal -> Style, Color, Design, and Visual Appeal -> Aesthetic Appeal and Product Design -> Aesthetic Appeal and Design"
Aesthetic Appeal and Design,Fashion-forward pattern,1,"Fashion-forward pattern -> Color, Pattern, and Visual Appeal -> Style, Silhouette, Color, Pattern, and Visual Appeal -> Style, Color, Design, and Visual Appeal -> Aesthetic Appeal and Product Design -> Aesthetic Appeal and Design"
Aesthetic Appeal and Design,Fashionable velvet fabric,1,"Fashionable velvet fabric -> Style, design, and visual appeal -> Style, Silhouette, Color, Pattern, and Visual Appeal -> Style, Color, Design, and Visual Appeal -> Aesthetic Appeal and Product Design -> Aesthetic Appeal and Design"
Aesthetic Appeal and Design,Favorite blouse,1,"Favorite blouse -> Style, design, and visual appeal -> Style, Silhouette, Color, Pattern, and Visual Appeal -> Style, Color, Design, and Visual Appeal -> Aesthetic Appeal and Product Design -> Aesthetic Appeal and Design"
Aesthetic Appeal and Design,Feminine neckline detail,1,"Feminine neckline detail -> Style distinctiveness and design appeal -> Color, Appearance, and Design Appeal -> Style, Color, Design, and Visual Appeal -> Aesthetic Appeal and Product Design -> Aesthetic Appeal and Design"
Aesthetic Appeal and Design,Feminine open-stitch design,1,"Feminine open-stitch design -> Style, design, and visual appeal -> Style, Silhouette, Color, Pattern, and Visual Appeal -> Style, Color, Design, and Visual Appeal -> Aesthetic Appeal and Product Design -> Aesthetic Appeal and Design"
Aesthetic Appeal and Design,Feminine print appearance,1,"Feminine print appearance -> Style, appearance, and visual appeal -> Style, Silhouette, Color, Pattern, and Visual Appeal -> Style, Color, Design, and Visual Appeal -> Aesthetic Appeal and Product Design -> Aesthetic Appeal and Design"
Aesthetic Appeal and Design,Feminine styling,1,"Feminine styling -> Style, design, and visual appeal -> Style, Silhouette, Color, Pattern, and Visual Appeal -> Style, Color, Design, and Visual Appeal -> Aesthetic Appeal and Product Design -> Aesthetic Appeal and Design"
Aesthetic Appeal and Design,Figure-flattering design,1,"Figure-flattering design -> Style, design, and visual appeal -> Style, Silhouette, Color, Pattern, and Visual Appeal -> Style, Color, Design, and Visual Appeal -> Aesthetic Appeal and Product Design -> Aesthetic Appeal and Design"
Aesthetic Appeal and Design,Flattering age-appropriate style,1,"Flattering age-appropriate style -> Style, design, and visual appeal -> Style, Silhouette, Color, Pattern, and Visual Appeal -> Style, Color, Design, and Visual Appeal -> Aesthetic Appeal and Product Design -> Aesthetic Appeal and Design"
Aesthetic Appeal and Design,Flattering design details,1,"Flattering design details -> Style, Appearance, and Design Appeal -> Color, Appearance, and Design Appeal -> Style, Color, Design, and Visual Appeal -> Aesthetic Appeal and Product Design -> Aesthetic Appeal and Design"
Aesthetic Appeal and Design,Flattering elongating stripes,1,"Flattering elongating stripes -> Style, design, and visual appeal -> Style, Silhouette, Color, Pattern, and Visual Appeal -> Style, Color, Design, and Visual Appeal -> Aesthetic Appeal and Product Design -> Aesthetic Appeal and Design"
Aesthetic Appeal and Design,Flattering feminine design,1,"Flattering feminine design -> Style, appearance, and design appeal -> Style, Silhouette, Color, Pattern, and Visual Appeal -> Style, Color, Design, and Visual Appeal -> Aesthetic Appeal and Product Design -> Aesthetic Appeal and Design"
Aesthetic Appeal and Design,Flattering feminine style,1,"Flattering feminine style -> Style, Appearance, and Design Appeal -> Color, Appearance, and Design Appeal -> Style, Color, Design, and Visual Appeal -> Aesthetic Appeal and Product Design -> Aesthetic Appeal and Design"
Aesthetic Appeal and Design,Flattering flare silhouette,1,"Flattering flare silhouette -> Silhouette and styling preferences -> Style, Silhouette, Color, Pattern, and Visual Appeal -> Style, Color, Design, and Visual Appeal -> Aesthetic Appeal and Product Design -> Aesthetic Appeal and Design"
Aesthetic Appeal and Design,Flattering neckline,1,"Flattering neckline -> Construction, design, and distinctive details -> Style, Silhouette, Color, Pattern, and Visual Appeal -> Style, Color, Design, and Visual Appeal -> Aesthetic Appeal and Product Design -> Aesthetic Appeal and Design"
Aesthetic Appeal and Design,Flattering non-boxy silhouette,1,"Flattering non-boxy silhouette -> Style, appearance, and design appeal -> Style, Silhouette, Color, Pattern, and Visual Appeal -> Style, Color, Design, and Visual Appeal -> Aesthetic Appeal and Product Design -> Aesthetic Appeal and Design"
Aesthetic Appeal and Design,Flattering on slimmer figures,1,"Flattering on slimmer figures -> Style, appearance, and visual appeal -> Style, Silhouette, Color, Pattern, and Visual Appeal -> Style, Color, Design, and Visual Appeal -> Aesthetic Appeal and Product Design -> Aesthetic Appeal and Design"
Aesthetic Appeal and Design,Flattering pattern,1,"Flattering pattern -> Color, pattern, and visual appeal -> Style, Silhouette, Color, Pattern, and Visual Appeal -> Style, Color, Design, and Visual Appeal -> Aesthetic Appeal and Product Design -> Aesthetic Appeal and Design"
Aesthetic Appeal and Design,Flattering pleated fit,1,"Flattering pleated fit -> Style, appearance, and design appeal -> Style, Silhouette, Color, Pattern, and Visual Appeal -> Style, Color, Design, and Visual Appeal -> Aesthetic Appeal and Product Design -> Aesthetic Appeal and Design"
Aesthetic Appeal and Design,Flattering shape,1,"Flattering shape -> Construction, design, and distinctive details -> Style, Silhouette, Color, Pattern, and Visual Appeal -> Style, Color, Design, and Visual Appeal -> Aesthetic Appeal and Product Design -> Aesthetic Appeal and Design"
Aesthetic Appeal and Design,Flattering sleeve cutouts,1,"Flattering sleeve cutouts -> Style, Appearance, and Design Appeal -> Color, Appearance, and Design Appeal -> Style, Color, Design, and Visual Appeal -> Aesthetic Appeal and Product Design -> Aesthetic Appeal and Design"
Aesthetic Appeal and Design,Flattering sleeve proportion,1,"Flattering sleeve proportion -> Style, design, and aesthetic appeal -> Color, Appearance, and Design Appeal -> Style, Color, Design, and Visual Appeal -> Aesthetic Appeal and Product Design -> Aesthetic Appeal and Design"
Aesthetic Appeal and Design,Flattering swing-top silhouette,1,"Flattering swing-top silhouette -> Style, design, and visual appeal -> Style, Silhouette, Color, Pattern, and Visual Appeal -> Style, Color, Design, and Visual Appeal -> Aesthetic Appeal and Product Design -> Aesthetic Appeal and Design"
Aesthetic Appeal and Design,Flattering tunic length,1,"Flattering tunic length -> Silhouette, drape, and construction details -> Style, Silhouette, Color, Pattern, and Visual Appeal -> Style, Color, Design, and Visual Appeal -> Aesthetic Appeal and Product Design -> Aesthetic Appeal and Design"
Aesthetic Appeal and Design,Floral pattern combinations,1,"Floral pattern combinations -> Color, pattern, and visual appeal -> Style, Silhouette, Color, Pattern, and Visual Appeal -> Style, Color, Design, and Visual Appeal -> Aesthetic Appeal and Product Design -> Aesthetic Appeal and Design"
Aesthetic Appeal and Design,Flowy romantic design,1,"Flowy romantic design -> Style, design, and visual appeal -> Style, Silhouette, Color, Pattern, and Visual Appeal -> Style, Color, Design, and Visual Appeal -> Aesthetic Appeal and Product Design -> Aesthetic Appeal and Design"
Aesthetic Appeal and Design,"Flowy, loose cut",1,"Flowy, loose cut -> Silhouette and styling preferences -> Style, Silhouette, Color, Pattern, and Visual Appeal -> Style, Color, Design, and Visual Appeal -> Aesthetic Appeal and Product Design -> Aesthetic Appeal and Design"
Aesthetic Appeal and Design,Flutter sleeves add volume,1,"Flutter sleeves add volume -> Style, design, and aesthetic appeal -> Color, Appearance, and Design Appeal -> Style, Color, Design, and Visual Appeal -> Aesthetic Appeal and Product Design -> Aesthetic Appeal and Design"
Aesthetic Appeal and Design,Front design is appealing,1,"Front design is appealing -> Style, design, and aesthetic appeal -> Color, Appearance, and Design Appeal -> Style, Color, Design, and Visual Appeal -> Aesthetic Appeal and Product Design -> Aesthetic Appeal and Design"
Aesthetic Appeal and Design,Front slits add style,1,"Front slits add style -> Style, design, and visual appeal -> Style, Silhouette, Color, Pattern, and Visual Appeal -> Style, Color, Design, and Visual Appeal -> Aesthetic Appeal and Product Design -> Aesthetic Appeal and Design"
Aesthetic Appeal and Design,Fully lined,1,"Fully lined -> Silhouette, drape, and construction details -> Style, Silhouette, Color, Pattern, and Visual Appeal -> Style, Color, Design, and Visual Appeal -> Aesthetic Appeal and Product Design -> Aesthetic Appeal and Design"
Aesthetic Appeal and Design,Fully lined construction,1,"Fully lined construction -> Silhouette, drape, and construction details -> Style, Silhouette, Color, Pattern, and Visual Appeal -> Style, Color, Design, and Visual Appeal -> Aesthetic Appeal and Product Design -> Aesthetic Appeal and Design"
Aesthetic Appeal and Design,Fun design detail,1,"Fun design detail -> Style, design, and visual appeal -> Style, Silhouette, Color, Pattern, and Visual Appeal -> Style, Color, Design, and Visual Appeal -> Aesthetic Appeal and Product Design -> Aesthetic Appeal and Design"
Aesthetic Appeal and Design,Fun polka dot detailing,1,"Fun polka dot detailing -> Style, design, and visual appeal -> Style, Silhouette, Color, Pattern, and Visual Appeal -> Style, Color, Design, and Visual Appeal -> Aesthetic Appeal and Product Design -> Aesthetic Appeal and Design"
Aesthetic Appeal and Design,"Fun, flirty appearance",1,"Fun, flirty appearance -> Color, pattern, and visual appeal -> Style, Silhouette, Color, Pattern, and Visual Appeal -> Style, Color, Design, and Visual Appeal -> Aesthetic Appeal and Product Design -> Aesthetic Appeal and Design"
Aesthetic Appeal and Design,"Fun, versatile styling",1,"Fun, versatile styling -> Style distinctiveness and design appeal -> Color, Appearance, and Design Appeal -> Style, Color, Design, and Visual Appeal -> Aesthetic Appeal and Product Design -> Aesthetic Appeal and Design"
Aesthetic Appeal and Design,Good quality and cute,1,"Good quality and cute -> Style, Appearance, and Design Appeal -> Color, Appearance, and Design Appeal -> Style, Color, Design, and Visual Appeal -> Aesthetic Appeal and Product Design -> Aesthetic Appeal and Design"
Aesthetic Appeal and Design,Gorgeous appearance,1,"Gorgeous appearance -> Color, Pattern, and Visual Appeal -> Style, Silhouette, Color, Pattern, and Visual Appeal -> Style, Color, Design, and Visual Appeal -> Aesthetic Appeal and Product Design -> Aesthetic Appeal and Design"
Aesthetic Appeal and Design,Gorgeous bohemian print,1,"Gorgeous bohemian print -> Style distinctiveness and design appeal -> Color, Appearance, and Design Appeal -> Style, Color, Design, and Visual Appeal -> Aesthetic Appeal and Product Design -> Aesthetic Appeal and Design"
Aesthetic Appeal and Design,Gorgeous indigo color,1,"Gorgeous indigo color -> Style, design, and visual appeal -> Style, Silhouette, Color, Pattern, and Visual Appeal -> Style, Color, Design, and Visual Appeal -> Aesthetic Appeal and Product Design -> Aesthetic Appeal and Design"
Aesthetic Appeal and Design,Gorgeous red print,1,"Gorgeous red print -> Style, appearance, and design appeal -> Style, Silhouette, Color, Pattern, and Visual Appeal -> Style, Color, Design, and Visual Appeal -> Aesthetic Appeal and Product Design -> Aesthetic Appeal and Design"
Aesthetic Appeal and Design,Gorgeous versatile color,1,"Gorgeous versatile color -> Color, pattern, and visual appeal -> Style, Silhouette, Color, Pattern, and Visual Appeal -> Style, Color, Design, and Visual Appeal -> Aesthetic Appeal and Product Design -> Aesthetic Appeal and Design"
Aesthetic Appeal and Design,Gray accent stitching,1,"Gray accent stitching -> Style, Appearance, and Design Appeal -> Color, Appearance, and Design Appeal -> Style, Color, Design, and Visual Appeal -> Aesthetic Appeal and Product Design -> Aesthetic Appeal and Design"
Aesthetic Appeal and Design,Great design,1,"Great design -> Style, design, and visual appeal -> Style, Silhouette, Color, Pattern, and Visual Appeal -> Style, Color, Design, and Visual Appeal -> Aesthetic Appeal and Product Design -> Aesthetic Appeal and Design"
Aesthetic Appeal and Design,Green color pairs well,1,"Green color pairs well -> Color and visual appearance -> Style, Silhouette, Color, Pattern, and Visual Appeal -> Style, Color, Design, and Visual Appeal -> Aesthetic Appeal and Product Design -> Aesthetic Appeal and Design"
Aesthetic Appeal and Design,High boots complement pants,1,"High boots complement pants -> Style, design, and visual appeal -> Style, Silhouette, Color, Pattern, and Visual Appeal -> Style, Color, Design, and Visual Appeal -> Aesthetic Appeal and Product Design -> Aesthetic Appeal and Design"
Aesthetic Appeal and Design,High side slit,1,"High side slit -> Style, design details, and visual appeal -> Style, Silhouette, Color, Pattern, and Visual Appeal -> Style, Color, Design, and Visual Appeal -> Aesthetic Appeal and Product Design -> Aesthetic Appeal and Design"
Aesthetic Appeal and Design,Ideal hip length,1,"Ideal hip length -> Silhouette and styling preferences -> Style, Silhouette, Color, Pattern, and Visual Appeal -> Style, Color, Design, and Visual Appeal -> Aesthetic Appeal and Product Design -> Aesthetic Appeal and Design"
Aesthetic Appeal and Design,In-store appearance improved,1,"In-store appearance improved -> Style, design, and visual appeal -> Style, Silhouette, Color, Pattern, and Visual Appeal -> Style, Color, Design, and Visual Appeal -> Aesthetic Appeal and Product Design -> Aesthetic Appeal and Design"
Aesthetic Appeal and Design,Interest in additional colors,1,"Interest in additional colors -> Color, pattern, and visual appeal -> Style, Silhouette, Color, Pattern, and Visual Appeal -> Style, Color, Design, and Visual Appeal -> Aesthetic Appeal and Product Design -> Aesthetic Appeal and Design"
Aesthetic Appeal and Design,Interesting material combination,1,"Interesting material combination -> Style, Appearance, and Design Appeal -> Color, Appearance, and Design Appeal -> Style, Color, Design, and Visual Appeal -> Aesthetic Appeal and Product Design -> Aesthetic Appeal and Design"
Aesthetic Appeal and Design,Interesting pattern,1,"Interesting pattern -> Style, appearance, and design appeal -> Style, Silhouette, Color, Pattern, and Visual Appeal -> Style, Color, Design, and Visual Appeal -> Aesthetic Appeal and Product Design -> Aesthetic Appeal and Design"
Aesthetic Appeal and Design,Intricate lace pattern,1,"Intricate lace pattern -> Style, appearance, and design appeal -> Style, Silhouette, Color, Pattern, and Visual Appeal -> Style, Color, Design, and Visual Appeal -> Aesthetic Appeal and Product Design -> Aesthetic Appeal and Design"
Aesthetic Appeal and Design,Jacket looks attractive,1,"Jacket looks attractive -> Style, design, and visual appeal -> Style, Silhouette, Color, Pattern, and Visual Appeal -> Style, Color, Design, and Visual Appeal -> Aesthetic Appeal and Product Design -> Aesthetic Appeal and Design"
Aesthetic Appeal and Design,Jacket looks great,1,"Jacket looks great -> Style, design, and visual appeal -> Style, Silhouette, Color, Pattern, and Visual Appeal -> Style, Color, Design, and Visual Appeal -> Aesthetic Appeal and Product Design -> Aesthetic Appeal and Design"
Aesthetic Appeal and Design,Jagged hem appearance,1,"Jagged hem appearance -> Style, Appearance, and Design Appeal -> Color, Appearance, and Design Appeal -> Style, Color, Design, and Visual Appeal -> Aesthetic Appeal and Product Design -> Aesthetic Appeal and Design"
Aesthetic Appeal and Design,Lace-up neckline adds interest,1,"Lace-up neckline adds interest -> Style, Appearance, and Design Appeal -> Color, Appearance, and Design Appeal -> Style, Color, Design, and Visual Appeal -> Aesthetic Appeal and Product Design -> Aesthetic Appeal and Design"
Aesthetic Appeal and Design,Lacks visual impact,1,"Lacks visual impact -> Style, Appearance, and Design Appeal -> Color, Appearance, and Design Appeal -> Style, Color, Design, and Visual Appeal -> Aesthetic Appeal and Product Design -> Aesthetic Appeal and Design"
Aesthetic Appeal and Design,Large ruffle detail,1,"Large ruffle detail -> Style, Appearance, and Design Appeal -> Color, Appearance, and Design Appeal -> Style, Color, Design, and Visual Appeal -> Aesthetic Appeal and Product Design -> Aesthetic Appeal and Design"
Aesthetic Appeal and Design,Layer falls nicely,1,"Layer falls nicely -> Silhouette, drape, and construction details -> Style, Silhouette, Color, Pattern, and Visual Appeal -> Style, Color, Design, and Visual Appeal -> Aesthetic Appeal and Product Design -> Aesthetic Appeal and Design"
Aesthetic Appeal and Design,Liked color,1,"Liked color -> Color and visual presentation -> Color, Appearance, and Design Appeal -> Style, Color, Design, and Visual Appeal -> Aesthetic Appeal and Product Design -> Aesthetic Appeal and Design"
Aesthetic Appeal and Design,Likes design and style,1,"Likes design and style -> Style distinctiveness and design appeal -> Color, Appearance, and Design Appeal -> Style, Color, Design, and Visual Appeal -> Aesthetic Appeal and Product Design -> Aesthetic Appeal and Design"
Aesthetic Appeal and Design,Likes lace-up design,1,"Likes lace-up design -> Style, design, and visual appeal -> Style, Silhouette, Color, Pattern, and Visual Appeal -> Style, Color, Design, and Visual Appeal -> Aesthetic Appeal and Product Design -> Aesthetic Appeal and Design"
Aesthetic Appeal and Design,Lined skirt flows well,1,"Lined skirt flows well -> Style, design, and aesthetic appeal -> Color, Appearance, and Design Appeal -> Style, Color, Design, and Visual Appeal -> Aesthetic Appeal and Product Design -> Aesthetic Appeal and Design"
Aesthetic Appeal and Design,Long sleeves enhance style,1,"Long sleeves enhance style -> Style, design, and visual appeal -> Style, Silhouette, Color, Pattern, and Visual Appeal -> Style, Color, Design, and Visual Appeal -> Aesthetic Appeal and Product Design -> Aesthetic Appeal and Design"
Aesthetic Appeal and Design,Longer tulle overlay,1,"Longer tulle overlay -> Silhouette, drape, and construction details -> Style, Silhouette, Color, Pattern, and Visual Appeal -> Style, Color, Design, and Visual Appeal -> Aesthetic Appeal and Product Design -> Aesthetic Appeal and Design"
Aesthetic Appeal and Design,Looks better in person,1,"Looks better in person -> Style, design, and visual appeal -> Style, Silhouette, Color, Pattern, and Visual Appeal -> Style, Color, Design, and Visual Appeal -> Aesthetic Appeal and Product Design -> Aesthetic Appeal and Design"
Aesthetic Appeal and Design,Looks odd when tied,1,"Looks odd when tied -> Style, appearance, and visual appeal -> Style, Silhouette, Color, Pattern, and Visual Appeal -> Style, Color, Design, and Visual Appeal -> Aesthetic Appeal and Product Design -> Aesthetic Appeal and Design"
Aesthetic Appeal and Design,Loose fit needs tightening,1,"Loose fit needs tightening -> Silhouette and styling preferences -> Style, Silhouette, Color, Pattern, and Visual Appeal -> Style, Color, Design, and Visual Appeal -> Aesthetic Appeal and Product Design -> Aesthetic Appeal and Design"
Aesthetic Appeal and Design,Loose flowy fit,1,"Loose flowy fit -> Silhouette and styling preferences -> Style, Silhouette, Color, Pattern, and Visual Appeal -> Style, Color, Design, and Visual Appeal -> Aesthetic Appeal and Product Design -> Aesthetic Appeal and Design"
Aesthetic Appeal and Design,Loved fabric and color,1,"Loved fabric and color -> Style, Appearance, and Design Appeal -> Color, Appearance, and Design Appeal -> Style, Color, Design, and Visual Appeal -> Aesthetic Appeal and Product Design -> Aesthetic Appeal and Design"
Aesthetic Appeal and Design,Lovely color,1,"Lovely color -> Color and print appeal -> Style, Silhouette, Color, Pattern, and Visual Appeal -> Style, Color, Design, and Visual Appeal -> Aesthetic Appeal and Product Design -> Aesthetic Appeal and Design"
Aesthetic Appeal and Design,Lovely delicate details,1,"Lovely delicate details -> Construction, design, and distinctive details -> Style, Silhouette, Color, Pattern, and Visual Appeal -> Style, Color, Design, and Visual Appeal -> Aesthetic Appeal and Product Design -> Aesthetic Appeal and Design"
Aesthetic Appeal and Design,Lovely floral colors,1,"Lovely floral colors -> Color, pattern, and visual details -> Color, Appearance, and Design Appeal -> Style, Color, Design, and Visual Appeal -> Aesthetic Appeal and Product Design -> Aesthetic Appeal and Design"
Aesthetic Appeal and Design,Lovely lace,1,"Lovely lace -> Style, design details, and visual appeal -> Style, Silhouette, Color, Pattern, and Visual Appeal -> Style, Color, Design, and Visual Appeal -> Aesthetic Appeal and Product Design -> Aesthetic Appeal and Design"
Aesthetic Appeal and Design,Lovely pattern and texture,1,"Lovely pattern and texture -> Style distinctiveness and design appeal -> Color, Appearance, and Design Appeal -> Style, Color, Design, and Visual Appeal -> Aesthetic Appeal and Product Design -> Aesthetic Appeal and Design"
Aesthetic Appeal and Design,Luxurious casual feel,1,"Luxurious casual feel -> Style, Appearance, and Design Appeal -> Color, Appearance, and Design Appeal -> Style, Color, Design, and Visual Appeal -> Aesthetic Appeal and Product Design -> Aesthetic Appeal and Design"
Aesthetic Appeal and Design,Many color choices,1,"Many color choices -> Style, appearance, and color appeal -> Style, Silhouette, Color, Pattern, and Visual Appeal -> Style, Color, Design, and Visual Appeal -> Aesthetic Appeal and Product Design -> Aesthetic Appeal and Design"
Aesthetic Appeal and Design,Matches model appearance,1,"Matches model appearance -> Style, Appearance, and Design Appeal -> Color, Appearance, and Design Appeal -> Style, Color, Design, and Visual Appeal -> Aesthetic Appeal and Product Design -> Aesthetic Appeal and Design"
Aesthetic Appeal and Design,Matches product appearance,1,"Matches product appearance -> Style, design, and visual appeal -> Style, Silhouette, Color, Pattern, and Visual Appeal -> Style, Color, Design, and Visual Appeal -> Aesthetic Appeal and Product Design -> Aesthetic Appeal and Design"
Aesthetic Appeal and Design,Matches product images,1,"Matches product images -> Color, pattern, and visual appeal -> Style, Silhouette, Color, Pattern, and Visual Appeal -> Style, Color, Design, and Visual Appeal -> Aesthetic Appeal and Product Design -> Aesthetic Appeal and Design"
Aesthetic Appeal and Design,Metallic colors appreciated,1,"Metallic colors appreciated -> Color and visual presentation -> Color, Appearance, and Design Appeal -> Style, Color, Design, and Visual Appeal -> Aesthetic Appeal and Product Design -> Aesthetic Appeal and Design"
Aesthetic Appeal and Design,Misleading product photography,1,"Misleading product photography -> Color and visual presentation -> Color, Appearance, and Design Appeal -> Style, Color, Design, and Visual Appeal -> Aesthetic Appeal and Product Design -> Aesthetic Appeal and Design"
Aesthetic Appeal and Design,Mod styling,1,"Mod styling -> Style, Appearance, and Design Appeal -> Color, Appearance, and Design Appeal -> Style, Color, Design, and Visual Appeal -> Aesthetic Appeal and Product Design -> Aesthetic Appeal and Design"
Aesthetic Appeal and Design,Moderate ruffle V-neck,1,"Moderate ruffle V-neck -> Style, appearance, and design appeal -> Style, Silhouette, Color, Pattern, and Visual Appeal -> Style, Color, Design, and Visual Appeal -> Aesthetic Appeal and Product Design -> Aesthetic Appeal and Design"
Aesthetic Appeal and Design,Modern dark denim color,1,"Modern dark denim color -> Style, design, and visual appeal -> Style, Silhouette, Color, Pattern, and Visual Appeal -> Style, Color, Design, and Visual Appeal -> Aesthetic Appeal and Product Design -> Aesthetic Appeal and Design"
Aesthetic Appeal and Design,More attractive when worn,1,"More attractive when worn -> Style, appearance, and visual appeal -> Style, Silhouette, Color, Pattern, and Visual Appeal -> Style, Color, Design, and Visual Appeal -> Aesthetic Appeal and Product Design -> Aesthetic Appeal and Design"
Aesthetic Appeal and Design,Multiple color purchases,1,"Multiple color purchases -> Style, Appearance, and Design Appeal -> Color, Appearance, and Design Appeal -> Style, Color, Design, and Visual Appeal -> Aesthetic Appeal and Product Design -> Aesthetic Appeal and Design"
Aesthetic Appeal and Design,Natural handwoven-looking fabric,1,"Natural handwoven-looking fabric -> Color, pattern, and visual appeal -> Style, Silhouette, Color, Pattern, and Visual Appeal -> Style, Color, Design, and Visual Appeal -> Aesthetic Appeal and Product Design -> Aesthetic Appeal and Design"
Aesthetic Appeal and Design,Nautical appearance,1,"Nautical appearance -> Style, Appearance, and Design Appeal -> Color, Appearance, and Design Appeal -> Style, Color, Design, and Visual Appeal -> Aesthetic Appeal and Product Design -> Aesthetic Appeal and Design"
Aesthetic Appeal and Design,Navy color looks chic,1,"Navy color looks chic -> Color and visual appearance -> Style, Silhouette, Color, Pattern, and Visual Appeal -> Style, Color, Design, and Visual Appeal -> Aesthetic Appeal and Product Design -> Aesthetic Appeal and Design"
Aesthetic Appeal and Design,Neckline ruffle praised,1,"Neckline ruffle praised -> Color, pattern, and visual appeal -> Style, Silhouette, Color, Pattern, and Visual Appeal -> Style, Color, Design, and Visual Appeal -> Aesthetic Appeal and Product Design -> Aesthetic Appeal and Design"
Aesthetic Appeal and Design,Neckline snaps maintain shape,1,"Neckline snaps maintain shape -> Style, design details, and visual appeal -> Style, Silhouette, Color, Pattern, and Visual Appeal -> Style, Color, Design, and Visual Appeal -> Aesthetic Appeal and Product Design -> Aesthetic Appeal and Design"
Aesthetic Appeal and Design,Neutral color appreciated,1,"Neutral color appreciated -> Color, pattern, and visual details -> Color, Appearance, and Design Appeal -> Style, Color, Design, and Visual Appeal -> Aesthetic Appeal and Product Design -> Aesthetic Appeal and Design"
Aesthetic Appeal and Design,"Odd, unappealing cut",1,"Odd, unappealing cut -> Style, design, and visual appeal -> Style, Silhouette, Color, Pattern, and Visual Appeal -> Style, Color, Design, and Visual Appeal -> Aesthetic Appeal and Product Design -> Aesthetic Appeal and Design"
Aesthetic Appeal and Design,Off-white color preferred,1,"Off-white color preferred -> Color, pattern, and visual appeal -> Style, Silhouette, Color, Pattern, and Visual Appeal -> Style, Color, Design, and Visual Appeal -> Aesthetic Appeal and Product Design -> Aesthetic Appeal and Design"
Aesthetic Appeal and Design,Online image appears pinned,1,"Online image appears pinned -> Style, design, and visual appeal -> Style, Silhouette, Color, Pattern, and Visual Appeal -> Style, Color, Design, and Visual Appeal -> Aesthetic Appeal and Product Design -> Aesthetic Appeal and Design"
Aesthetic Appeal and Design,Outfit styling appreciated,1,"Outfit styling appreciated -> Style, design, and visual appeal -> Style, Silhouette, Color, Pattern, and Visual Appeal -> Style, Color, Design, and Visual Appeal -> Aesthetic Appeal and Product Design -> Aesthetic Appeal and Design"
Aesthetic Appeal and Design,Overall style mismatch,1,"Overall style mismatch -> Style, appearance, and color appeal -> Style, Silhouette, Color, Pattern, and Visual Appeal -> Style, Color, Design, and Visual Appeal -> Aesthetic Appeal and Product Design -> Aesthetic Appeal and Design"
Aesthetic Appeal and Design,Pants aesthetically appealing,1,"Pants aesthetically appealing -> Style, design, and visual appeal -> Style, Silhouette, Color, Pattern, and Visual Appeal -> Style, Color, Design, and Visual Appeal -> Aesthetic Appeal and Product Design -> Aesthetic Appeal and Design"
Aesthetic Appeal and Design,Pattern and fabric attractive,1,"Pattern and fabric attractive -> Color, pattern, and visual appeal -> Style, Silhouette, Color, Pattern, and Visual Appeal -> Style, Color, Design, and Visual Appeal -> Aesthetic Appeal and Product Design -> Aesthetic Appeal and Design"
Aesthetic Appeal and Design,Pattern complements varied outfits,1,"Pattern complements varied outfits -> Style, Appearance, and Design Appeal -> Color, Appearance, and Design Appeal -> Style, Color, Design, and Visual Appeal -> Aesthetic Appeal and Product Design -> Aesthetic Appeal and Design"
Aesthetic Appeal and Design,Pattern mistaken for lace,1,"Pattern mistaken for lace -> Style, appearance, and visual appeal -> Style, Silhouette, Color, Pattern, and Visual Appeal -> Style, Color, Design, and Visual Appeal -> Aesthetic Appeal and Product Design -> Aesthetic Appeal and Design"
Aesthetic Appeal and Design,Peach shade unflattering,1,"Peach shade unflattering -> Color, pattern, and visual appeal -> Style, Silhouette, Color, Pattern, and Visual Appeal -> Style, Color, Design, and Visual Appeal -> Aesthetic Appeal and Product Design -> Aesthetic Appeal and Design"
Aesthetic Appeal and Design,Pearl button detail,1,"Pearl button detail -> Style, design, and visual appeal -> Style, Silhouette, Color, Pattern, and Visual Appeal -> Style, Color, Design, and Visual Appeal -> Aesthetic Appeal and Product Design -> Aesthetic Appeal and Design"
Aesthetic Appeal and Design,Peplum creates flattering shape,1,"Peplum creates flattering shape -> Style, design, and visual appeal -> Style, Silhouette, Color, Pattern, and Visual Appeal -> Style, Color, Design, and Visual Appeal -> Aesthetic Appeal and Product Design -> Aesthetic Appeal and Design"
Aesthetic Appeal and Design,Perfect drape,1,"Perfect drape -> Silhouette, drape, and construction details -> Style, Silhouette, Color, Pattern, and Visual Appeal -> Style, Color, Design, and Visual Appeal -> Aesthetic Appeal and Product Design -> Aesthetic Appeal and Design"
Aesthetic Appeal and Design,Periwinkle lining matches print,1,"Periwinkle lining matches print -> Color, pattern, and visual appeal -> Style, Silhouette, Color, Pattern, and Visual Appeal -> Style, Color, Design, and Visual Appeal -> Aesthetic Appeal and Product Design -> Aesthetic Appeal and Design"
Aesthetic Appeal and Design,Pinstripes appear flattering,1,"Pinstripes appear flattering -> Color, print, and visual appearance -> Color, Appearance, and Design Appeal -> Style, Color, Design, and Visual Appeal -> Aesthetic Appeal and Product Design -> Aesthetic Appeal and Design"
Aesthetic Appeal and Design,Positive appearance and anticipation,1,"Positive appearance and anticipation -> Style, appearance, and design appeal -> Style, Silhouette, Color, Pattern, and Visual Appeal -> Style, Color, Design, and Visual Appeal -> Aesthetic Appeal and Product Design -> Aesthetic Appeal and Design"
Aesthetic Appeal and Design,Positive appearance satisfaction,1,"Positive appearance satisfaction -> Style, appearance, and color appeal -> Style, Silhouette, Color, Pattern, and Visual Appeal -> Style, Color, Design, and Visual Appeal -> Aesthetic Appeal and Product Design -> Aesthetic Appeal and Design"
Aesthetic Appeal and Design,Positive color appeal,1,"Positive color appeal -> Color and visual presentation -> Color, Appearance, and Design Appeal -> Style, Color, Design, and Visual Appeal -> Aesthetic Appeal and Product Design -> Aesthetic Appeal and Design"
Aesthetic Appeal and Design,Positive color evaluation,1,"Positive color evaluation -> Style, design, and visual appeal -> Style, Silhouette, Color, Pattern, and Visual Appeal -> Style, Color, Design, and Visual Appeal -> Aesthetic Appeal and Product Design -> Aesthetic Appeal and Design"
Aesthetic Appeal and Design,Positive color impression,1,"Positive color impression -> Color, pattern, and visual appeal -> Style, Silhouette, Color, Pattern, and Visual Appeal -> Style, Color, Design, and Visual Appeal -> Aesthetic Appeal and Product Design -> Aesthetic Appeal and Design"
Aesthetic Appeal and Design,Positive print evaluation,1,"Positive print evaluation -> Style, appearance, and design appeal -> Style, Silhouette, Color, Pattern, and Visual Appeal -> Style, Color, Design, and Visual Appeal -> Aesthetic Appeal and Product Design -> Aesthetic Appeal and Design"
Aesthetic Appeal and Design,Positive social feedback,1,"Positive social feedback -> Style, design, and visual appeal -> Style, Silhouette, Color, Pattern, and Visual Appeal -> Style, Color, Design, and Visual Appeal -> Aesthetic Appeal and Product Design -> Aesthetic Appeal and Design"
Aesthetic Appeal and Design,Positive striped t-shirt design,1,"Positive striped t-shirt design -> Color and print appeal -> Style, Silhouette, Color, Pattern, and Visual Appeal -> Style, Color, Design, and Visual Appeal -> Aesthetic Appeal and Product Design -> Aesthetic Appeal and Design"
Aesthetic Appeal and Design,Positive style appeal,1,"Positive style appeal -> Color, pattern, and visual appeal -> Style, Silhouette, Color, Pattern, and Visual Appeal -> Style, Color, Design, and Visual Appeal -> Aesthetic Appeal and Product Design -> Aesthetic Appeal and Design"
Aesthetic Appeal and Design,Positive style resemblance,1,"Positive style resemblance -> Style, Appearance, and Design Appeal -> Color, Appearance, and Design Appeal -> Style, Color, Design, and Visual Appeal -> Aesthetic Appeal and Product Design -> Aesthetic Appeal and Design"
Aesthetic Appeal and Design,Positive style satisfaction,1,"Positive style satisfaction -> Style, design, and visual appeal -> Style, Silhouette, Color, Pattern, and Visual Appeal -> Style, Color, Design, and Visual Appeal -> Aesthetic Appeal and Product Design -> Aesthetic Appeal and Design"
Aesthetic Appeal and Design,Positive styling versatility,1,"Positive styling versatility -> Style distinctiveness and design appeal -> Color, Appearance, and Design Appeal -> Style, Color, Design, and Visual Appeal -> Aesthetic Appeal and Product Design -> Aesthetic Appeal and Design"
Aesthetic Appeal and Design,Prettier in person,1,"Prettier in person -> Color and visual appearance -> Style, Silhouette, Color, Pattern, and Visual Appeal -> Style, Color, Design, and Visual Appeal -> Aesthetic Appeal and Product Design -> Aesthetic Appeal and Design"
Aesthetic Appeal and Design,Prettier than pictured,1,"Prettier than pictured -> Style, Appearance, and Design Appeal -> Color, Appearance, and Design Appeal -> Style, Color, Design, and Visual Appeal -> Aesthetic Appeal and Product Design -> Aesthetic Appeal and Design"
Aesthetic Appeal and Design,Pretty appearance,1,"Pretty appearance -> Style, design details, and visual appeal -> Style, Silhouette, Color, Pattern, and Visual Appeal -> Style, Color, Design, and Visual Appeal -> Aesthetic Appeal and Product Design -> Aesthetic Appeal and Design"
Aesthetic Appeal and Design,Pretty boho appearance,1,"Pretty boho appearance -> Style, design, and aesthetic appeal -> Color, Appearance, and Design Appeal -> Style, Color, Design, and Visual Appeal -> Aesthetic Appeal and Product Design -> Aesthetic Appeal and Design"
Aesthetic Appeal and Design,Pretty fabric and color,1,"Pretty fabric and color -> Style, Appearance, and Design Appeal -> Color, Appearance, and Design Appeal -> Style, Color, Design, and Visual Appeal -> Aesthetic Appeal and Product Design -> Aesthetic Appeal and Design"
Aesthetic Appeal and Design,Pretty feminine appearance,1,"Pretty feminine appearance -> Style, design, and visual appeal -> Style, Silhouette, Color, Pattern, and Visual Appeal -> Style, Color, Design, and Visual Appeal -> Aesthetic Appeal and Product Design -> Aesthetic Appeal and Design"
Aesthetic Appeal and Design,Pretty layers and colors,1,"Pretty layers and colors -> Style, design, and visual appeal -> Style, Silhouette, Color, Pattern, and Visual Appeal -> Style, Color, Design, and Visual Appeal -> Aesthetic Appeal and Product Design -> Aesthetic Appeal and Design"
Aesthetic Appeal and Design,Pretty ruffled neckline,1,"Pretty ruffled neckline -> Style, design, and visual appeal -> Style, Silhouette, Color, Pattern, and Visual Appeal -> Style, Color, Design, and Visual Appeal -> Aesthetic Appeal and Product Design -> Aesthetic Appeal and Design"
Aesthetic Appeal and Design,Pretty sky color,1,"Pretty sky color -> Color and visual appearance -> Style, Silhouette, Color, Pattern, and Visual Appeal -> Style, Color, Design, and Visual Appeal -> Aesthetic Appeal and Product Design -> Aesthetic Appeal and Design"
Aesthetic Appeal and Design,Pretty unusual print,1,"Pretty unusual print -> Style distinctiveness and design appeal -> Color, Appearance, and Design Appeal -> Style, Color, Design, and Visual Appeal -> Aesthetic Appeal and Product Design -> Aesthetic Appeal and Design"
Aesthetic Appeal and Design,Print exceeds expectations,1,"Print exceeds expectations -> Color and print appeal -> Style, Silhouette, Color, Pattern, and Visual Appeal -> Style, Color, Design, and Visual Appeal -> Aesthetic Appeal and Product Design -> Aesthetic Appeal and Design"
Aesthetic Appeal and Design,Print mistaken for embroidery,1,"Print mistaken for embroidery -> Style, Appearance, and Design Appeal -> Color, Appearance, and Design Appeal -> Style, Color, Design, and Visual Appeal -> Aesthetic Appeal and Product Design -> Aesthetic Appeal and Design"
Aesthetic Appeal and Design,Puffy paint embellishments,1,"Puffy paint embellishments -> Color, pattern, and visual appeal -> Style, Silhouette, Color, Pattern, and Visual Appeal -> Style, Color, Design, and Visual Appeal -> Aesthetic Appeal and Product Design -> Aesthetic Appeal and Design"
Aesthetic Appeal and Design,Purchased multiple colors,1,"Purchased multiple colors -> Style, appearance, and visual appeal -> Style, Silhouette, Color, Pattern, and Visual Appeal -> Style, Color, Design, and Visual Appeal -> Aesthetic Appeal and Product Design -> Aesthetic Appeal and Design"
Aesthetic Appeal and Design,Quirky hand-knit appearance,1,"Quirky hand-knit appearance -> Style, design, and visual appeal -> Style, Silhouette, Color, Pattern, and Visual Appeal -> Style, Color, Design, and Visual Appeal -> Aesthetic Appeal and Product Design -> Aesthetic Appeal and Design"
Aesthetic Appeal and Design,Recommends both jackets,1,"Recommends both jackets -> Style, design, and visual appeal -> Style, Silhouette, Color, Pattern, and Visual Appeal -> Style, Color, Design, and Visual Appeal -> Aesthetic Appeal and Product Design -> Aesthetic Appeal and Design"
Aesthetic Appeal and Design,Remaining buttons preserve appearance,1,"Remaining buttons preserve appearance -> Distinctive Style and Details -> Style, Silhouette, Color, Pattern, and Visual Appeal -> Style, Color, Design, and Visual Appeal -> Aesthetic Appeal and Product Design -> Aesthetic Appeal and Design"
Aesthetic Appeal and Design,Requests more color options,1,"Requests more color options -> Color, pattern, and visual details -> Color, Appearance, and Design Appeal -> Style, Color, Design, and Visual Appeal -> Aesthetic Appeal and Product Design -> Aesthetic Appeal and Design"
Aesthetic Appeal and Design,Requests more denim colors,1,"Requests more denim colors -> Color, Pattern, and Visual Appeal -> Style, Silhouette, Color, Pattern, and Visual Appeal -> Style, Color, Design, and Visual Appeal -> Aesthetic Appeal and Product Design -> Aesthetic Appeal and Design"
Aesthetic Appeal and Design,Retailer misrepresented product color,1,"Retailer misrepresented product color -> Color and visual appearance -> Style, Silhouette, Color, Pattern, and Visual Appeal -> Style, Color, Design, and Visual Appeal -> Aesthetic Appeal and Product Design -> Aesthetic Appeal and Design"
Aesthetic Appeal and Design,Rich colors,1,"Rich colors -> Style, design, and visual appeal -> Style, Silhouette, Color, Pattern, and Visual Appeal -> Style, Color, Design, and Visual Appeal -> Aesthetic Appeal and Product Design -> Aesthetic Appeal and Design"
Aesthetic Appeal and Design,Rich deep color,1,"Rich deep color -> Color, print, and visual appearance -> Color, Appearance, and Design Appeal -> Style, Color, Design, and Visual Appeal -> Aesthetic Appeal and Product Design -> Aesthetic Appeal and Design"
Aesthetic Appeal and Design,Ruching conceals belly,1,"Ruching conceals belly -> Style, design, and aesthetic appeal -> Color, Appearance, and Design Appeal -> Style, Color, Design, and Visual Appeal -> Aesthetic Appeal and Product Design -> Aesthetic Appeal and Design"
Aesthetic Appeal and Design,Ruffle detail appreciated,1,"Ruffle detail appreciated -> Style, design details, and visual appeal -> Style, Silhouette, Color, Pattern, and Visual Appeal -> Style, Color, Design, and Visual Appeal -> Aesthetic Appeal and Product Design -> Aesthetic Appeal and Design"
Aesthetic Appeal and Design,Ruffles complement fuller bust,1,"Ruffles complement fuller bust -> Bust, Shape, and Silhouette Flattery -> Style, Silhouette, Color, Pattern, and Visual Appeal -> Style, Color, Design, and Visual Appeal -> Aesthetic Appeal and Product Design -> Aesthetic Appeal and Design"
Aesthetic Appeal and Design,Satisfaction with color,1,"Satisfaction with color -> Color, Pattern, and Visual Appeal -> Style, Silhouette, Color, Pattern, and Visual Appeal -> Style, Color, Design, and Visual Appeal -> Aesthetic Appeal and Product Design -> Aesthetic Appeal and Design"
Aesthetic Appeal and Design,Satisfaction with style,1,"Satisfaction with style -> Style, design, and visual appeal -> Style, Silhouette, Color, Pattern, and Visual Appeal -> Style, Color, Design, and Visual Appeal -> Aesthetic Appeal and Product Design -> Aesthetic Appeal and Design"
Aesthetic Appeal and Design,Satisfied with denim color,1,"Satisfied with denim color -> Color and print appeal -> Style, Silhouette, Color, Pattern, and Visual Appeal -> Style, Color, Design, and Visual Appeal -> Aesthetic Appeal and Product Design -> Aesthetic Appeal and Design"
Aesthetic Appeal and Design,Seam adds visual interest,1,"Seam adds visual interest -> Style, design, and visual appeal -> Style, Silhouette, Color, Pattern, and Visual Appeal -> Style, Color, Design, and Visual Appeal -> Aesthetic Appeal and Product Design -> Aesthetic Appeal and Design"
Aesthetic Appeal and Design,Seasonally versatile color,1,"Seasonally versatile color -> Style, appearance, and color appeal -> Style, Silhouette, Color, Pattern, and Visual Appeal -> Style, Color, Design, and Visual Appeal -> Aesthetic Appeal and Product Design -> Aesthetic Appeal and Design"
Aesthetic Appeal and Design,Sexy appearance,1,"Sexy appearance -> Style, appearance, and color appeal -> Style, Silhouette, Color, Pattern, and Visual Appeal -> Style, Color, Design, and Visual Appeal -> Aesthetic Appeal and Product Design -> Aesthetic Appeal and Design"
Aesthetic Appeal and Design,Sexy peek-a-boo front,1,"Sexy peek-a-boo front -> Style, design, and visual appeal -> Style, Silhouette, Color, Pattern, and Visual Appeal -> Style, Color, Design, and Visual Appeal -> Aesthetic Appeal and Product Design -> Aesthetic Appeal and Design"
Aesthetic Appeal and Design,Sheer feminine appearance,1,"Sheer feminine appearance -> Style, appearance, and design appeal -> Style, Silhouette, Color, Pattern, and Visual Appeal -> Style, Color, Design, and Visual Appeal -> Aesthetic Appeal and Product Design -> Aesthetic Appeal and Design"
Aesthetic Appeal and Design,Shirt is visually appealing,1,"Shirt is visually appealing -> Style, Appearance, and Design Appeal -> Color, Appearance, and Design Appeal -> Style, Color, Design, and Visual Appeal -> Aesthetic Appeal and Product Design -> Aesthetic Appeal and Design"
Aesthetic Appeal and Design,Simple elegant style,1,"Simple elegant style -> Style, Appearance, and Design Appeal -> Color, Appearance, and Design Appeal -> Style, Color, Design, and Visual Appeal -> Aesthetic Appeal and Product Design -> Aesthetic Appeal and Design"
Aesthetic Appeal and Design,Skirt style appreciated,1,"Skirt style appreciated -> Style, appearance, and design appeal -> Style, Silhouette, Color, Pattern, and Visual Appeal -> Style, Color, Design, and Visual Appeal -> Aesthetic Appeal and Product Design -> Aesthetic Appeal and Design"
Aesthetic Appeal and Design,Sloppy layering appearance,1,"Sloppy layering appearance -> Silhouette and styling preferences -> Style, Silhouette, Color, Pattern, and Visual Appeal -> Style, Color, Design, and Visual Appeal -> Aesthetic Appeal and Product Design -> Aesthetic Appeal and Design"
Aesthetic Appeal and Design,Snags on sharp accessories,1,"Snags on sharp accessories -> Construction, design, and distinctive details -> Style, Silhouette, Color, Pattern, and Visual Appeal -> Style, Color, Design, and Visual Appeal -> Aesthetic Appeal and Product Design -> Aesthetic Appeal and Design"
Aesthetic Appeal and Design,Soft colors drive appeal,1,"Soft colors drive appeal -> Style, design, and visual appeal -> Style, Silhouette, Color, Pattern, and Visual Appeal -> Style, Color, Design, and Visual Appeal -> Aesthetic Appeal and Product Design -> Aesthetic Appeal and Design"
Aesthetic Appeal and Design,Soft peach color,1,"Soft peach color -> Color and visual appearance -> Style, Silhouette, Color, Pattern, and Visual Appeal -> Style, Color, Design, and Visual Appeal -> Aesthetic Appeal and Product Design -> Aesthetic Appeal and Design"
Aesthetic Appeal and Design,Stripes and length appreciated,1,"Stripes and length appreciated -> Color, pattern, and visual details -> Color, Appearance, and Design Appeal -> Style, Color, Design, and Visual Appeal -> Aesthetic Appeal and Product Design -> Aesthetic Appeal and Design"
Aesthetic Appeal and Design,Strong enthusiasm for jacket,1,"Strong enthusiasm for jacket -> Style, design, and visual appeal -> Style, Silhouette, Color, Pattern, and Visual Appeal -> Style, Color, Design, and Visual Appeal -> Aesthetic Appeal and Product Design -> Aesthetic Appeal and Design"
Aesthetic Appeal and Design,Strong positive appearance evaluation,1,"Strong positive appearance evaluation -> Style, Appearance, and Design Appeal -> Color, Appearance, and Design Appeal -> Style, Color, Design, and Visual Appeal -> Aesthetic Appeal and Product Design -> Aesthetic Appeal and Design"
Aesthetic Appeal and Design,Structured feminine design,1,"Structured feminine design -> Style distinctiveness and design appeal -> Color, Appearance, and Design Appeal -> Style, Color, Design, and Visual Appeal -> Aesthetic Appeal and Product Design -> Aesthetic Appeal and Design"
Aesthetic Appeal and Design,Stunning appearance,1,"Stunning appearance -> Color, pattern, and visual appeal -> Style, Silhouette, Color, Pattern, and Visual Appeal -> Style, Color, Design, and Visual Appeal -> Aesthetic Appeal and Product Design -> Aesthetic Appeal and Design"
Aesthetic Appeal and Design,Stylish design,1,"Stylish design -> Style, Appearance, and Design Appeal -> Color, Appearance, and Design Appeal -> Style, Color, Design, and Visual Appeal -> Aesthetic Appeal and Product Design -> Aesthetic Appeal and Design"
Aesthetic Appeal and Design,Stylish feminine detailing,1,"Stylish feminine detailing -> Style, design, and visual appeal -> Style, Silhouette, Color, Pattern, and Visual Appeal -> Style, Color, Design, and Visual Appeal -> Aesthetic Appeal and Product Design -> Aesthetic Appeal and Design"
Aesthetic Appeal and Design,Stylish jacket appearance,1,"Stylish jacket appearance -> Style, design, and visual appeal -> Style, Silhouette, Color, Pattern, and Visual Appeal -> Style, Color, Design, and Visual Appeal -> Aesthetic Appeal and Product Design -> Aesthetic Appeal and Design"
Aesthetic Appeal and Design,Stylish jacket design,1,"Stylish jacket design -> Style, appearance, and design appeal -> Style, Silhouette, Color, Pattern, and Visual Appeal -> Style, Color, Design, and Visual Appeal -> Aesthetic Appeal and Product Design -> Aesthetic Appeal and Design"
Aesthetic Appeal and Design,Stylish light-blue color,1,"Stylish light-blue color -> Style, design, and visual appeal -> Style, Silhouette, Color, Pattern, and Visual Appeal -> Style, Color, Design, and Visual Appeal -> Aesthetic Appeal and Product Design -> Aesthetic Appeal and Design"
Aesthetic Appeal and Design,Stylish outfit confidence,1,"Stylish outfit confidence -> Style, Appearance, and Design Appeal -> Color, Appearance, and Design Appeal -> Style, Color, Design, and Visual Appeal -> Aesthetic Appeal and Product Design -> Aesthetic Appeal and Design"
Aesthetic Appeal and Design,Stylish rolled-sleeve appearance,1,"Stylish rolled-sleeve appearance -> Style, appearance, and color appeal -> Style, Silhouette, Color, Pattern, and Visual Appeal -> Style, Color, Design, and Visual Appeal -> Aesthetic Appeal and Product Design -> Aesthetic Appeal and Design"
Aesthetic Appeal and Design,Stylish simple design,1,"Stylish simple design -> Style, Appearance, and Design Appeal -> Color, Appearance, and Design Appeal -> Style, Color, Design, and Visual Appeal -> Aesthetic Appeal and Product Design -> Aesthetic Appeal and Design"
Aesthetic Appeal and Design,Stylish with jeans,1,"Stylish with jeans -> Style, design, and visual appeal -> Style, Silhouette, Color, Pattern, and Visual Appeal -> Style, Color, Design, and Visual Appeal -> Aesthetic Appeal and Product Design -> Aesthetic Appeal and Design"
Aesthetic Appeal and Design,Subtle attractive stripes,1,"Subtle attractive stripes -> Style distinctiveness and design appeal -> Color, Appearance, and Design Appeal -> Style, Color, Design, and Visual Appeal -> Aesthetic Appeal and Product Design -> Aesthetic Appeal and Design"
Aesthetic Appeal and Design,Subtle denim wash,1,"Subtle denim wash -> Style, design, and visual appeal -> Style, Silhouette, Color, Pattern, and Visual Appeal -> Style, Color, Design, and Visual Appeal -> Aesthetic Appeal and Product Design -> Aesthetic Appeal and Design"
Aesthetic Appeal and Design,Subtle gold dot detailing,1,"Subtle gold dot detailing -> Style, Appearance, and Design Appeal -> Color, Appearance, and Design Appeal -> Style, Color, Design, and Visual Appeal -> Aesthetic Appeal and Product Design -> Aesthetic Appeal and Design"
Aesthetic Appeal and Design,Subtle metallic flair,1,"Subtle metallic flair -> Color, pattern, and visual appeal -> Style, Silhouette, Color, Pattern, and Visual Appeal -> Style, Color, Design, and Visual Appeal -> Aesthetic Appeal and Product Design -> Aesthetic Appeal and Design"
Aesthetic Appeal and Design,Subtle stripes elongate legs,1,"Subtle stripes elongate legs -> Style, design, and visual appeal -> Style, Silhouette, Color, Pattern, and Visual Appeal -> Style, Color, Design, and Visual Appeal -> Aesthetic Appeal and Product Design -> Aesthetic Appeal and Design"
Aesthetic Appeal and Design,Subtler colors in person,1,"Subtler colors in person -> Color, pattern, and visual appeal -> Style, Silhouette, Color, Pattern, and Visual Appeal -> Style, Color, Design, and Visual Appeal -> Aesthetic Appeal and Product Design -> Aesthetic Appeal and Design"
Aesthetic Appeal and Design,Tacky-looking metallic fabric,1,"Tacky-looking metallic fabric -> Style, appearance, and visual appeal -> Style, Silhouette, Color, Pattern, and Visual Appeal -> Style, Color, Design, and Visual Appeal -> Aesthetic Appeal and Product Design -> Aesthetic Appeal and Design"
Aesthetic Appeal and Design,Tapered fit with flared hem,1,"Tapered fit with flared hem -> Style, design, and visual appeal -> Style, Silhouette, Color, Pattern, and Visual Appeal -> Style, Color, Design, and Visual Appeal -> Aesthetic Appeal and Product Design -> Aesthetic Appeal and Design"
Aesthetic Appeal and Design,Tent-like appearance,1,"Tent-like appearance -> Silhouette, drape, and construction details -> Style, Silhouette, Color, Pattern, and Visual Appeal -> Style, Color, Design, and Visual Appeal -> Aesthetic Appeal and Product Design -> Aesthetic Appeal and Design"
Aesthetic Appeal and Design,Thick material smooths bumps,1,"Thick material smooths bumps -> Silhouette, drape, and construction details -> Style, Silhouette, Color, Pattern, and Visual Appeal -> Style, Color, Design, and Visual Appeal -> Aesthetic Appeal and Product Design -> Aesthetic Appeal and Design"
Aesthetic Appeal and Design,Tummy-concealing design,1,"Tummy-concealing design -> Style, appearance, and design appeal -> Style, Silhouette, Color, Pattern, and Visual Appeal -> Style, Color, Design, and Visual Appeal -> Aesthetic Appeal and Product Design -> Aesthetic Appeal and Design"
Aesthetic Appeal and Design,Understated festive design,1,"Understated festive design -> Distinctive Style and Details -> Style, Silhouette, Color, Pattern, and Visual Appeal -> Style, Color, Design, and Visual Appeal -> Aesthetic Appeal and Product Design -> Aesthetic Appeal and Design"
Aesthetic Appeal and Design,Uneven distressing placement,1,"Uneven distressing placement -> Color, pattern, and visual appeal -> Style, Silhouette, Color, Pattern, and Visual Appeal -> Style, Color, Design, and Visual Appeal -> Aesthetic Appeal and Product Design -> Aesthetic Appeal and Design"
Aesthetic Appeal and Design,Unexciting design,1,"Unexciting design -> Style, appearance, and color appeal -> Style, Silhouette, Color, Pattern, and Visual Appeal -> Style, Color, Design, and Visual Appeal -> Aesthetic Appeal and Product Design -> Aesthetic Appeal and Design"
Aesthetic Appeal and Design,Unexpected appeal after trying on,1,"Unexpected appeal after trying on -> Style, Appearance, and Design Appeal -> Color, Appearance, and Design Appeal -> Style, Color, Design, and Visual Appeal -> Aesthetic Appeal and Product Design -> Aesthetic Appeal and Design"
Aesthetic Appeal and Design,Unexpected gold sequin detail,1,"Unexpected gold sequin detail -> Color, pattern, and visual appeal -> Style, Silhouette, Color, Pattern, and Visual Appeal -> Style, Color, Design, and Visual Appeal -> Aesthetic Appeal and Product Design -> Aesthetic Appeal and Design"
Aesthetic Appeal and Design,Unexpected plaid lining detail,1,"Unexpected plaid lining detail -> Style, design, and visual appeal -> Style, Silhouette, Color, Pattern, and Visual Appeal -> Style, Color, Design, and Visual Appeal -> Aesthetic Appeal and Product Design -> Aesthetic Appeal and Design"
Aesthetic Appeal and Design,Unexpectedly flared silhouette,1,"Unexpectedly flared silhouette -> Silhouette, drape, and construction details -> Style, Silhouette, Color, Pattern, and Visual Appeal -> Style, Color, Design, and Visual Appeal -> Aesthetic Appeal and Product Design -> Aesthetic Appeal and Design"
Aesthetic Appeal and Design,Unflattering appearance,1,"Unflattering appearance -> Style, appearance, and design appeal -> Style, Silhouette, Color, Pattern, and Visual Appeal -> Style, Color, Design, and Visual Appeal -> Aesthetic Appeal and Product Design -> Aesthetic Appeal and Design"
Aesthetic Appeal and Design,Unflattering color,1,"Unflattering color -> Color, pattern, and visual appeal -> Style, Silhouette, Color, Pattern, and Visual Appeal -> Style, Color, Design, and Visual Appeal -> Aesthetic Appeal and Product Design -> Aesthetic Appeal and Design"
Aesthetic Appeal and Design,Unflattering cut,1,"Unflattering cut -> Silhouette and styling preferences -> Style, Silhouette, Color, Pattern, and Visual Appeal -> Style, Color, Design, and Visual Appeal -> Aesthetic Appeal and Product Design -> Aesthetic Appeal and Design"
Aesthetic Appeal and Design,Unflattering front appearance,1,"Unflattering front appearance -> Style, design, and visual appeal -> Style, Silhouette, Color, Pattern, and Visual Appeal -> Style, Color, Design, and Visual Appeal -> Aesthetic Appeal and Product Design -> Aesthetic Appeal and Design"
Aesthetic Appeal and Design,Unflattering rumpled bottom,1,"Unflattering rumpled bottom -> Style, Appearance, and Design Appeal -> Color, Appearance, and Design Appeal -> Style, Color, Design, and Visual Appeal -> Aesthetic Appeal and Product Design -> Aesthetic Appeal and Design"
Aesthetic Appeal and Design,Unflattering untucked hem,1,"Unflattering untucked hem -> Style, appearance, and visual appeal -> Style, Silhouette, Color, Pattern, and Visual Appeal -> Style, Color, Design, and Visual Appeal -> Aesthetic Appeal and Product Design -> Aesthetic Appeal and Design"
Aesthetic Appeal and Design,Unique bicycle charm,1,"Unique bicycle charm -> Style, design, and visual appeal -> Style, Silhouette, Color, Pattern, and Visual Appeal -> Style, Color, Design, and Visual Appeal -> Aesthetic Appeal and Product Design -> Aesthetic Appeal and Design"
Aesthetic Appeal and Design,Unique bright pattern,1,"Unique bright pattern -> Color, pattern, and visual appeal -> Style, Silhouette, Color, Pattern, and Visual Appeal -> Style, Color, Design, and Visual Appeal -> Aesthetic Appeal and Product Design -> Aesthetic Appeal and Design"
Aesthetic Appeal and Design,Unique design,1,"Unique design -> Style, design, and visual appeal -> Style, Silhouette, Color, Pattern, and Visual Appeal -> Style, Color, Design, and Visual Appeal -> Aesthetic Appeal and Product Design -> Aesthetic Appeal and Design"
Aesthetic Appeal and Design,Unique design receives compliments,1,"Unique design receives compliments -> Distinctive Style and Details -> Style, Silhouette, Color, Pattern, and Visual Appeal -> Style, Color, Design, and Visual Appeal -> Aesthetic Appeal and Product Design -> Aesthetic Appeal and Design"
Aesthetic Appeal and Design,Unique dress silhouette,1,"Unique dress silhouette -> Style, design, and visual appeal -> Style, Silhouette, Color, Pattern, and Visual Appeal -> Style, Color, Design, and Visual Appeal -> Aesthetic Appeal and Product Design -> Aesthetic Appeal and Design"
Aesthetic Appeal and Design,Unique green-blue color,1,"Unique green-blue color -> Color and visual appearance -> Style, Silhouette, Color, Pattern, and Visual Appeal -> Style, Color, Design, and Visual Appeal -> Aesthetic Appeal and Product Design -> Aesthetic Appeal and Design"
Aesthetic Appeal and Design,Unique pattern,1,"Unique pattern -> Style distinctiveness and design appeal -> Color, Appearance, and Design Appeal -> Style, Color, Design, and Visual Appeal -> Aesthetic Appeal and Product Design -> Aesthetic Appeal and Design"
Aesthetic Appeal and Design,Unique ribbon detail,1,"Unique ribbon detail -> Style, design details, and visual appeal -> Style, Silhouette, Color, Pattern, and Visual Appeal -> Style, Color, Design, and Visual Appeal -> Aesthetic Appeal and Product Design -> Aesthetic Appeal and Design"
Aesthetic Appeal and Design,Unique style,1,"Unique style -> Style, appearance, and color appeal -> Style, Silhouette, Color, Pattern, and Visual Appeal -> Style, Color, Design, and Visual Appeal -> Aesthetic Appeal and Product Design -> Aesthetic Appeal and Design"
Aesthetic Appeal and Design,Unusual asymmetrical front seam,1,"Unusual asymmetrical front seam -> Construction, design, and distinctive details -> Style, Silhouette, Color, Pattern, and Visual Appeal -> Style, Color, Design, and Visual Appeal -> Aesthetic Appeal and Product Design -> Aesthetic Appeal and Design"
Aesthetic Appeal and Design,Versatile black-and-white design,1,"Versatile black-and-white design -> Style, design, and visual appeal -> Style, Silhouette, Color, Pattern, and Visual Appeal -> Style, Color, Design, and Visual Appeal -> Aesthetic Appeal and Product Design -> Aesthetic Appeal and Design"
Aesthetic Appeal and Design,Versatile charcoal color,1,"Versatile charcoal color -> Color, print, and visual appearance -> Color, Appearance, and Design Appeal -> Style, Color, Design, and Visual Appeal -> Aesthetic Appeal and Product Design -> Aesthetic Appeal and Design"
Aesthetic Appeal and Design,Versatile cuffing option,1,"Versatile cuffing option -> Style, design, and visual appeal -> Style, Silhouette, Color, Pattern, and Visual Appeal -> Style, Color, Design, and Visual Appeal -> Aesthetic Appeal and Product Design -> Aesthetic Appeal and Design"
Aesthetic Appeal and Design,Versatile navy color,1,"Versatile navy color -> Style, Appearance, and Design Appeal -> Color, Appearance, and Design Appeal -> Style, Color, Design, and Visual Appeal -> Aesthetic Appeal and Product Design -> Aesthetic Appeal and Design"
Aesthetic Appeal and Design,Versatile neutral color,1,"Versatile neutral color -> Style, design, and visual appeal -> Style, Silhouette, Color, Pattern, and Visual Appeal -> Style, Color, Design, and Visual Appeal -> Aesthetic Appeal and Product Design -> Aesthetic Appeal and Design"
Aesthetic Appeal and Design,Versatile outfit pairing,1,"Versatile outfit pairing -> Style, design, and visual appeal -> Style, Silhouette, Color, Pattern, and Visual Appeal -> Style, Color, Design, and Visual Appeal -> Aesthetic Appeal and Product Design -> Aesthetic Appeal and Design"
Aesthetic Appeal and Design,Versatile pattern,1,"Versatile pattern -> Style, appearance, and color appeal -> Style, Silhouette, Color, Pattern, and Visual Appeal -> Style, Color, Design, and Visual Appeal -> Aesthetic Appeal and Product Design -> Aesthetic Appeal and Design"
Aesthetic Appeal and Design,Versatile subtle pattern,1,"Versatile subtle pattern -> Color, print, and visual appearance -> Color, Appearance, and Design Appeal -> Style, Color, Design, and Visual Appeal -> Aesthetic Appeal and Product Design -> Aesthetic Appeal and Design"
Aesthetic Appeal and Design,Versatile warm-weather styling,1,"Versatile warm-weather styling -> Style distinctiveness and design appeal -> Color, Appearance, and Design Appeal -> Style, Color, Design, and Visual Appeal -> Aesthetic Appeal and Product Design -> Aesthetic Appeal and Design"
Aesthetic Appeal and Design,Very flattering fit,1,"Very flattering fit -> Style, appearance, and design appeal -> Style, Silhouette, Color, Pattern, and Visual Appeal -> Style, Color, Design, and Visual Appeal -> Aesthetic Appeal and Product Design -> Aesthetic Appeal and Design"
Aesthetic Appeal and Design,Vibrant appearance,1,"Vibrant appearance -> Style, appearance, and color appeal -> Style, Silhouette, Color, Pattern, and Visual Appeal -> Style, Color, Design, and Visual Appeal -> Aesthetic Appeal and Product Design -> Aesthetic Appeal and Design"
Aesthetic Appeal and Design,Vibrant color enhances appearance,1,"Vibrant color enhances appearance -> Color, pattern, and visual appeal -> Style, Silhouette, Color, Pattern, and Visual Appeal -> Style, Color, Design, and Visual Appeal -> Aesthetic Appeal and Product Design -> Aesthetic Appeal and Design"
Aesthetic Appeal and Design,Vibrant color in person,1,"Vibrant color in person -> Color, pattern, and visual appeal -> Style, Silhouette, Color, Pattern, and Visual Appeal -> Style, Color, Design, and Visual Appeal -> Aesthetic Appeal and Product Design -> Aesthetic Appeal and Design"
Aesthetic Appeal and Design,Vibrant color satisfaction,1,"Vibrant color satisfaction -> Color and print appeal -> Style, Silhouette, Color, Pattern, and Visual Appeal -> Style, Color, Design, and Visual Appeal -> Aesthetic Appeal and Product Design -> Aesthetic Appeal and Design"
Aesthetic Appeal and Design,Vibrant metallic appearance,1,"Vibrant metallic appearance -> Color, pattern, and visual appeal -> Style, Silhouette, Color, Pattern, and Visual Appeal -> Style, Color, Design, and Visual Appeal -> Aesthetic Appeal and Product Design -> Aesthetic Appeal and Design"
Aesthetic Appeal and Design,Vibrant navy color,1,"Vibrant navy color -> Style, appearance, and visual appeal -> Style, Silhouette, Color, Pattern, and Visual Appeal -> Style, Color, Design, and Visual Appeal -> Aesthetic Appeal and Product Design -> Aesthetic Appeal and Design"
Aesthetic Appeal and Design,Vibrant print appearance,1,"Vibrant print appearance -> Color and print appeal -> Style, Silhouette, Color, Pattern, and Visual Appeal -> Style, Color, Design, and Visual Appeal -> Aesthetic Appeal and Product Design -> Aesthetic Appeal and Design"
Aesthetic Appeal and Design,Vibrant tomato red,1,"Vibrant tomato red -> Style, appearance, and color appeal -> Style, Silhouette, Color, Pattern, and Visual Appeal -> Style, Color, Design, and Visual Appeal -> Aesthetic Appeal and Product Design -> Aesthetic Appeal and Design"
Aesthetic Appeal and Design,"Vibrant, attractive appearance",1,"Vibrant, attractive appearance -> Color, Pattern, and Visual Appeal -> Style, Silhouette, Color, Pattern, and Visual Appeal -> Style, Color, Design, and Visual Appeal -> Aesthetic Appeal and Product Design -> Aesthetic Appeal and Design"
Aesthetic Appeal and Design,Vintage aesthetic,1,"Vintage aesthetic -> Distinctive Style and Details -> Style, Silhouette, Color, Pattern, and Visual Appeal -> Style, Color, Design, and Visual Appeal -> Aesthetic Appeal and Product Design -> Aesthetic Appeal and Design"
Aesthetic Appeal and Design,Vintage-inspired appearance,1,"Vintage-inspired appearance -> Style, Appearance, and Design Appeal -> Color, Appearance, and Design Appeal -> Style, Color, Design, and Visual Appeal -> Aesthetic Appeal and Product Design -> Aesthetic Appeal and Design"
Aesthetic Appeal and Design,Vivid autumnal colors,1,"Vivid autumnal colors -> Color and print appeal -> Style, Silhouette, Color, Pattern, and Visual Appeal -> Style, Color, Design, and Visual Appeal -> Aesthetic Appeal and Product Design -> Aesthetic Appeal and Design"
Aesthetic Appeal and Design,Waist tie improves silhouette,1,"Waist tie improves silhouette -> Silhouette, drape, and construction details -> Style, Silhouette, Color, Pattern, and Visual Appeal -> Style, Color, Design, and Visual Appeal -> Aesthetic Appeal and Product Design -> Aesthetic Appeal and Design"
Aesthetic Appeal and Design,Weak zipper construction,1,"Weak zipper construction -> Construction, design, and distinctive details -> Style, Silhouette, Color, Pattern, and Visual Appeal -> Style, Color, Design, and Visual Appeal -> Aesthetic Appeal and Product Design -> Aesthetic Appeal and Design"
Aesthetic Appeal and Design,Well-balanced V-neck,1,"Well-balanced V-neck -> Style, Appearance, and Design Appeal -> Color, Appearance, and Design Appeal -> Style, Color, Design, and Visual Appeal -> Aesthetic Appeal and Product Design -> Aesthetic Appeal and Design"
Aesthetic Appeal and Design,Well-constructed layered cowl neck,1,"Well-constructed layered cowl neck -> Style, design, and visual appeal -> Style, Silhouette, Color, Pattern, and Visual Appeal -> Style, Color, Design, and Visual Appeal -> Aesthetic Appeal and Product Design -> Aesthetic Appeal and Design"
Aesthetic Appeal and Design,Well-designed shirt cut,1,"Well-designed shirt cut -> Construction, design, and distinctive details -> Style, Silhouette, Color, Pattern, and Visual Appeal -> Style, Color, Design, and Visual Appeal -> Aesthetic Appeal and Product Design -> Aesthetic Appeal and Design"
Aesthetic Appeal and Design,Well-placed stripe proportions,1,"Well-placed stripe proportions -> Style, design, and visual appeal -> Style, Silhouette, Color, Pattern, and Visual Appeal -> Style, Color, Design, and Visual Appeal -> Aesthetic Appeal and Product Design -> Aesthetic Appeal and Design"
Aesthetic Appeal and Design,Wool-like appearance,1,"Wool-like appearance -> Style, appearance, and design appeal -> Style, Silhouette, Color, Pattern, and Visual Appeal -> Style, Color, Design, and Visual Appeal -> Aesthetic Appeal and Product Design -> Aesthetic Appeal and Design"
Aesthetic Appeal and Design,Zero support or shaping,1,"Zero support or shaping -> Silhouette and styling preferences -> Style, Silhouette, Color, Pattern, and Visual Appeal -> Style, Color, Design, and Visual Appeal -> Aesthetic Appeal and Product Design -> Aesthetic Appeal and Design"
"Perceived Quality, Value, and Advocacy",Well-made construction,9,"Well-made construction -> Construction and garment quality -> Construction, Quality, Durability, and Care -> Quality, Construction, Durability, Care, and Value -> Quality, Value, and Customer Advocacy -> Perceived Quality, Value, and Advocacy"
"Perceived Quality, Value, and Advocacy",Highly satisfied purchase,4,"Highly satisfied purchase -> Purchase satisfaction, trust, and loyalty -> Satisfaction, Loyalty, Advocacy, and Social Validation -> Satisfaction, Loyalty, Advocacy, and Social Validation -> Quality, Value, and Customer Advocacy -> Perceived Quality, Value, and Advocacy"
"Perceived Quality, Value, and Advocacy",Positive overall satisfaction,4,"Positive overall satisfaction -> Positive Customer Response and Social Validation -> Satisfaction, Expectations, Social Validation, and Recommendation -> Satisfaction, Loyalty, Advocacy, and Social Validation -> Quality, Value, and Customer Advocacy -> Perceived Quality, Value, and Advocacy"
"Perceived Quality, Value, and Advocacy",Cheap-feeling fabric,3,"Cheap-feeling fabric -> Quality, construction, and care concerns -> Construction, Quality, Durability, and Care -> Quality, Construction, Durability, Care, and Value -> Quality, Value, and Customer Advocacy -> Perceived Quality, Value, and Advocacy"
"Perceived Quality, Value, and Advocacy",Good quality,3,"Good quality -> Material, quality, and durability -> Quality, Construction, Durability, and Value -> Quality, Construction, Durability, Care, and Value -> Quality, Value, and Customer Advocacy -> Perceived Quality, Value, and Advocacy"
"Perceived Quality, Value, and Advocacy",Perceived high quality,3,"Perceived high quality -> Quality, construction, and condition -> Quality, Construction, Durability, and Value -> Quality, Construction, Durability, Care, and Value -> Quality, Value, and Customer Advocacy -> Perceived Quality, Value, and Advocacy"
"Perceived Quality, Value, and Advocacy",Strong purchase satisfaction,3,"Strong purchase satisfaction -> Purchase Satisfaction, Loyalty, and Value -> Satisfaction, Loyalty, Advocacy, and Social Validation -> Satisfaction, Loyalty, Advocacy, and Social Validation -> Quality, Value, and Customer Advocacy -> Perceived Quality, Value, and Advocacy"
"Perceived Quality, Value, and Advocacy",Strong satisfaction,3,"Strong satisfaction -> Purchase Satisfaction, Loyalty, and Value -> Satisfaction, Loyalty, Advocacy, and Social Validation -> Satisfaction, Loyalty, Advocacy, and Social Validation -> Quality, Value, and Customer Advocacy -> Perceived Quality, Value, and Advocacy"
"Perceived Quality, Value, and Advocacy",Complimented appearance,2,"Complimented appearance -> Positive Customer Response and Social Validation -> Satisfaction, Expectations, Social Validation, and Recommendation -> Satisfaction, Loyalty, Advocacy, and Social Validation -> Quality, Value, and Customer Advocacy -> Perceived Quality, Value, and Advocacy"
"Perceived Quality, Value, and Advocacy",Lightweight opaque fabric,2,"Lightweight opaque fabric -> Fabric, construction, and durability -> Quality, Construction, Durability, and Value -> Quality, Construction, Durability, Care, and Value -> Quality, Value, and Customer Advocacy -> Perceived Quality, Value, and Advocacy"
"Perceived Quality, Value, and Advocacy",Poor construction quality,2,"Poor construction quality -> Construction quality and durability -> Construction, Quality, Durability, and Care -> Quality, Construction, Durability, Care, and Value -> Quality, Value, and Customer Advocacy -> Perceived Quality, Value, and Advocacy"
"Perceived Quality, Value, and Advocacy",Poor garment construction,2,"Poor garment construction -> Quality, construction, and durability -> Construction, Quality, Durability, and Care -> Quality, Construction, Durability, Care, and Value -> Quality, Value, and Customer Advocacy -> Perceived Quality, Value, and Advocacy"
"Perceived Quality, Value, and Advocacy",Positive repeat purchase,2,"Positive repeat purchase -> Purchase Satisfaction, Loyalty, and Value -> Satisfaction, Loyalty, Advocacy, and Social Validation -> Satisfaction, Loyalty, Advocacy, and Social Validation -> Quality, Value, and Customer Advocacy -> Perceived Quality, Value, and Advocacy"
"Perceived Quality, Value, and Advocacy",Received many compliments,2,"Received many compliments -> Purchase Satisfaction, Loyalty, and Value -> Satisfaction, Loyalty, Advocacy, and Social Validation -> Satisfaction, Loyalty, Advocacy, and Social Validation -> Quality, Value, and Customer Advocacy -> Perceived Quality, Value, and Advocacy"
"Perceived Quality, Value, and Advocacy",Receives many compliments,2,"Receives many compliments -> Customer response and social validation -> Satisfaction, Loyalty, Advocacy, and Social Validation -> Satisfaction, Loyalty, Advocacy, and Social Validation -> Quality, Value, and Customer Advocacy -> Perceived Quality, Value, and Advocacy"
"Perceived Quality, Value, and Advocacy",Returned due to defects,2,"Returned due to defects -> Construction, durability, and care -> Construction, Quality, Durability, and Care -> Quality, Construction, Durability, Care, and Value -> Quality, Value, and Customer Advocacy -> Perceived Quality, Value, and Advocacy"
"Perceived Quality, Value, and Advocacy",Returning the garment,2,"Returning the garment -> Satisfaction and purchase outcomes -> Satisfaction, Loyalty, Advocacy, and Social Validation -> Satisfaction, Loyalty, Advocacy, and Social Validation -> Quality, Value, and Customer Advocacy -> Perceived Quality, Value, and Advocacy"
"Perceived Quality, Value, and Advocacy",Soft material,2,"Soft material -> Material, quality, and durability -> Quality, Construction, Durability, and Value -> Quality, Construction, Durability, Care, and Value -> Quality, Value, and Customer Advocacy -> Perceived Quality, Value, and Advocacy"
"Perceived Quality, Value, and Advocacy",Strong overall satisfaction,2,"Strong overall satisfaction -> Overall satisfaction and purchase expectations -> Satisfaction, Expectations, Social Validation, and Recommendation -> Satisfaction, Loyalty, Advocacy, and Social Validation -> Quality, Value, and Customer Advocacy -> Perceived Quality, Value, and Advocacy"
"Perceived Quality, Value, and Advocacy",Strong purchase recommendation,2,"Strong purchase recommendation -> Purchase satisfaction and advocacy -> Satisfaction, Loyalty, Advocacy, and Social Validation -> Satisfaction, Loyalty, Advocacy, and Social Validation -> Quality, Value, and Customer Advocacy -> Perceived Quality, Value, and Advocacy"
"Perceived Quality, Value, and Advocacy",Washes well,2,"Washes well -> Construction, Quality, and Durability -> Construction, Quality, Durability, and Care -> Quality, Construction, Durability, Care, and Value -> Quality, Value, and Customer Advocacy -> Perceived Quality, Value, and Advocacy"
"Perceived Quality, Value, and Advocacy",Alteration cost discourages purchase,1,"Alteration cost discourages purchase -> Care, durability, and alterations -> Construction, Quality, Durability, and Care -> Quality, Construction, Durability, Care, and Value -> Quality, Value, and Customer Advocacy -> Perceived Quality, Value, and Advocacy"
"Perceived Quality, Value, and Advocacy",Alterations compromise embellishment,1,"Alterations compromise embellishment -> Construction, durability, and care -> Construction, Quality, Durability, and Care -> Quality, Construction, Durability, Care, and Value -> Quality, Value, and Customer Advocacy -> Perceived Quality, Value, and Advocacy"
"Perceived Quality, Value, and Advocacy",Average discount-store quality,1,"Average discount-store quality -> Construction and garment quality -> Construction, Quality, Durability, and Care -> Quality, Construction, Durability, Care, and Value -> Quality, Value, and Customer Advocacy -> Perceived Quality, Value, and Advocacy"
"Perceived Quality, Value, and Advocacy",Backpack friction causes wear,1,"Backpack friction causes wear -> Quality, durability, and construction -> Quality, Construction, Durability, and Value -> Quality, Construction, Durability, Care, and Value -> Quality, Value, and Customer Advocacy -> Perceived Quality, Value, and Advocacy"
"Perceived Quality, Value, and Advocacy",Beads require hand sewing,1,"Beads require hand sewing -> Construction quality, durability, and care concerns -> Construction, Quality, Durability, and Care -> Quality, Construction, Durability, Care, and Value -> Quality, Value, and Customer Advocacy -> Perceived Quality, Value, and Advocacy"
"Perceived Quality, Value, and Advocacy",Beautiful lightweight fabric,1,"Beautiful lightweight fabric -> Fabric, construction, and durability -> Quality, Construction, Durability, and Value -> Quality, Construction, Durability, Care, and Value -> Quality, Value, and Customer Advocacy -> Perceived Quality, Value, and Advocacy"
"Perceived Quality, Value, and Advocacy",Beautifully made,1,"Beautifully made -> Quality, construction, and durability -> Construction, Quality, Durability, and Care -> Quality, Construction, Durability, Care, and Value -> Quality, Value, and Customer Advocacy -> Perceived Quality, Value, and Advocacy"
"Perceived Quality, Value, and Advocacy",Black stains on belt,1,"Black stains on belt -> Durability and Construction Concerns -> Construction, Quality, Durability, and Care -> Quality, Construction, Durability, Care, and Value -> Quality, Value, and Customer Advocacy -> Perceived Quality, Value, and Advocacy"
"Perceived Quality, Value, and Advocacy",Bottom wrinkles easily,1,"Bottom wrinkles easily -> Construction, maintenance, and product quality -> Construction, Quality, Durability, and Care -> Quality, Construction, Durability, Care, and Value -> Quality, Value, and Customer Advocacy -> Perceived Quality, Value, and Advocacy"
"Perceived Quality, Value, and Advocacy",Bralette lacks support,1,"Bralette lacks support -> Material, quality, and durability -> Quality, Construction, Durability, and Value -> Quality, Construction, Durability, Care, and Value -> Quality, Value, and Customer Advocacy -> Perceived Quality, Value, and Advocacy"
"Perceived Quality, Value, and Advocacy",Brand loyalty,1,"Brand loyalty -> Purchase Satisfaction, Loyalty, and Value -> Satisfaction, Loyalty, Advocacy, and Social Validation -> Satisfaction, Loyalty, Advocacy, and Social Validation -> Quality, Value, and Customer Advocacy -> Perceived Quality, Value, and Advocacy"
"Perceived Quality, Value, and Advocacy",Buckle failed but repairable,1,"Buckle failed but repairable -> Quality, durability, and value -> Quality, Construction, Durability, and Value -> Quality, Construction, Durability, Care, and Value -> Quality, Value, and Customer Advocacy -> Perceived Quality, Value, and Advocacy"
"Perceived Quality, Value, and Advocacy",Button detached during alterations,1,"Button detached during alterations -> Construction quality and durability -> Construction, Quality, Durability, and Care -> Quality, Construction, Durability, Care, and Value -> Quality, Value, and Customer Advocacy -> Perceived Quality, Value, and Advocacy"
"Perceived Quality, Value, and Advocacy",Buttons do not stay closed,1,"Buttons do not stay closed -> Construction quality and durability -> Construction, Quality, Durability, and Care -> Quality, Construction, Durability, Care, and Value -> Quality, Value, and Customer Advocacy -> Perceived Quality, Value, and Advocacy"
"Perceived Quality, Value, and Advocacy",Buttons slip through holes,1,"Buttons slip through holes -> Construction quality, durability, and care concerns -> Construction, Quality, Durability, and Care -> Quality, Construction, Durability, Care, and Value -> Quality, Value, and Customer Advocacy -> Perceived Quality, Value, and Advocacy"
"Perceived Quality, Value, and Advocacy",Careful washing to preserve garment,1,"Careful washing to preserve garment -> Quality, Construction, and Durability -> Construction, Quality, Durability, and Care -> Quality, Construction, Durability, Care, and Value -> Quality, Value, and Customer Advocacy -> Perceived Quality, Value, and Advocacy"
"Perceived Quality, Value, and Advocacy",Cheap netting layers,1,"Cheap netting layers -> Construction quality, durability, and care concerns -> Construction, Quality, Durability, and Care -> Quality, Construction, Durability, Care, and Value -> Quality, Value, and Customer Advocacy -> Perceived Quality, Value, and Advocacy"
"Perceived Quality, Value, and Advocacy",Cheap synthetic lining,1,"Cheap synthetic lining -> Construction quality, durability, and care concerns -> Construction, Quality, Durability, and Care -> Quality, Construction, Durability, Care, and Value -> Quality, Value, and Customer Advocacy -> Perceived Quality, Value, and Advocacy"
"Perceived Quality, Value, and Advocacy",Cheap-feeling material,1,"Cheap-feeling material -> Quality, durability, and construction -> Quality, Construction, Durability, and Value -> Quality, Construction, Durability, Care, and Value -> Quality, Value, and Customer Advocacy -> Perceived Quality, Value, and Advocacy"
"Perceived Quality, Value, and Advocacy",Cheap-feeling polyester,1,"Cheap-feeling polyester -> Quality, construction, and care concerns -> Construction, Quality, Durability, and Care -> Quality, Construction, Durability, Care, and Value -> Quality, Value, and Customer Advocacy -> Perceived Quality, Value, and Advocacy"
"Perceived Quality, Value, and Advocacy",Classic design encouraged repurchase,1,"Classic design encouraged repurchase -> Purchase satisfaction, loyalty, and shopping experience -> Satisfaction, Loyalty, Advocacy, and Social Validation -> Satisfaction, Loyalty, Advocacy, and Social Validation -> Quality, Value, and Customer Advocacy -> Perceived Quality, Value, and Advocacy"
"Perceived Quality, Value, and Advocacy",Compliments when worn,1,"Compliments when worn -> Positive Customer Response and Social Validation -> Satisfaction, Expectations, Social Validation, and Recommendation -> Satisfaction, Loyalty, Advocacy, and Social Validation -> Quality, Value, and Customer Advocacy -> Perceived Quality, Value, and Advocacy"
"Perceived Quality, Value, and Advocacy",Concern about durability,1,"Concern about durability -> Quality, durability, and construction concerns -> Construction, Quality, Durability, and Care -> Quality, Construction, Durability, Care, and Value -> Quality, Value, and Customer Advocacy -> Perceived Quality, Value, and Advocacy"
"Perceived Quality, Value, and Advocacy",Conveniently retained despite dissatisfaction,1,"Conveniently retained despite dissatisfaction -> Overall satisfaction and purchase expectations -> Satisfaction, Expectations, Social Validation, and Recommendation -> Satisfaction, Loyalty, Advocacy, and Social Validation -> Quality, Value, and Customer Advocacy -> Perceived Quality, Value, and Advocacy"
"Perceived Quality, Value, and Advocacy",Customer plans zipper replacement,1,"Customer plans zipper replacement -> Care, durability, and alterations -> Construction, Quality, Durability, and Care -> Quality, Construction, Durability, Care, and Value -> Quality, Value, and Customer Advocacy -> Perceived Quality, Value, and Advocacy"
"Perceived Quality, Value, and Advocacy",Decent fabric quality,1,"Decent fabric quality -> Fabric, construction, and durability -> Quality, Construction, Durability, and Value -> Quality, Construction, Durability, Care, and Value -> Quality, Value, and Customer Advocacy -> Perceived Quality, Value, and Advocacy"
"Perceived Quality, Value, and Advocacy",Delicate chiffon snags easily,1,"Delicate chiffon snags easily -> Fabric, construction, and durability -> Quality, Construction, Durability, and Value -> Quality, Construction, Durability, Care, and Value -> Quality, Value, and Customer Advocacy -> Perceived Quality, Value, and Advocacy"
"Perceived Quality, Value, and Advocacy",Delicate fabric prone to pilling,1,"Delicate fabric prone to pilling -> Durability and Construction Concerns -> Construction, Quality, Durability, and Care -> Quality, Construction, Durability, Care, and Value -> Quality, Value, and Customer Advocacy -> Perceived Quality, Value, and Advocacy"
"Perceived Quality, Value, and Advocacy",Delicate knit requires hand washing,1,"Delicate knit requires hand washing -> Construction, maintenance, and product quality -> Construction, Quality, Durability, and Care -> Quality, Construction, Durability, Care, and Value -> Quality, Value, and Customer Advocacy -> Perceived Quality, Value, and Advocacy"
"Perceived Quality, Value, and Advocacy",Delicate netting catches zipper,1,"Delicate netting catches zipper -> Quality, Construction, and Durability -> Construction, Quality, Durability, and Care -> Quality, Construction, Durability, Care, and Value -> Quality, Value, and Customer Advocacy -> Perceived Quality, Value, and Advocacy"
"Perceived Quality, Value, and Advocacy",Detailed edge construction,1,"Detailed edge construction -> Construction quality, durability, and care concerns -> Construction, Quality, Durability, and Care -> Quality, Construction, Durability, Care, and Value -> Quality, Value, and Customer Advocacy -> Perceived Quality, Value, and Advocacy"
"Perceived Quality, Value, and Advocacy","Detailed, quality construction",1,"Detailed, quality construction -> Construction, durability, and care -> Construction, Quality, Durability, and Care -> Quality, Construction, Durability, Care, and Value -> Quality, Value, and Customer Advocacy -> Perceived Quality, Value, and Advocacy"
"Perceived Quality, Value, and Advocacy",Difficult back buttons,1,"Difficult back buttons -> Quality, construction, and care concerns -> Construction, Quality, Durability, and Care -> Quality, Construction, Durability, Care, and Value -> Quality, Value, and Customer Advocacy -> Perceived Quality, Value, and Advocacy"
"Perceived Quality, Value, and Advocacy",Difficult to zip,1,"Difficult to zip -> Construction, maintenance, and product quality -> Construction, Quality, Durability, and Care -> Quality, Construction, Durability, Care, and Value -> Quality, Value, and Customer Advocacy -> Perceived Quality, Value, and Advocacy"
"Perceived Quality, Value, and Advocacy",Disappointed with item quality,1,"Disappointed with item quality -> Construction quality, durability, and care concerns -> Construction, Quality, Durability, and Care -> Quality, Construction, Durability, Care, and Value -> Quality, Value, and Customer Advocacy -> Perceived Quality, Value, and Advocacy"
"Perceived Quality, Value, and Advocacy",Disappointing coat quality,1,"Disappointing coat quality -> Construction, Quality, and Durability -> Construction, Quality, Durability, and Care -> Quality, Construction, Durability, Care, and Value -> Quality, Value, and Customer Advocacy -> Perceived Quality, Value, and Advocacy"
"Perceived Quality, Value, and Advocacy",Disappointment with construction quality,1,"Disappointment with construction quality -> Construction and garment quality -> Construction, Quality, Durability, and Care -> Quality, Construction, Durability, Care, and Value -> Quality, Value, and Customer Advocacy -> Perceived Quality, Value, and Advocacy"
"Perceived Quality, Value, and Advocacy",Dislikes polyester lining,1,"Dislikes polyester lining -> Quality, construction, and care concerns -> Construction, Quality, Durability, and Care -> Quality, Construction, Durability, Care, and Value -> Quality, Value, and Customer Advocacy -> Perceived Quality, Value, and Advocacy"
"Perceived Quality, Value, and Advocacy",Dissatisfaction with purchase,1,"Dissatisfaction with purchase -> Purchase satisfaction, trust, and loyalty -> Satisfaction, Loyalty, Advocacy, and Social Validation -> Satisfaction, Loyalty, Advocacy, and Social Validation -> Quality, Value, and Customer Advocacy -> Perceived Quality, Value, and Advocacy"
"Perceived Quality, Value, and Advocacy",Does not feel cheap,1,"Does not feel cheap -> Quality, construction, and durability -> Construction, Quality, Durability, and Care -> Quality, Construction, Durability, Care, and Value -> Quality, Value, and Customer Advocacy -> Perceived Quality, Value, and Advocacy"
"Perceived Quality, Value, and Advocacy",Does not shrink,1,"Does not shrink -> Material quality, construction, and durability -> Construction, Quality, Durability, and Care -> Quality, Construction, Durability, Care, and Value -> Quality, Value, and Customer Advocacy -> Perceived Quality, Value, and Advocacy"
"Perceived Quality, Value, and Advocacy",Dress requires hemming,1,"Dress requires hemming -> Construction, maintenance, and product quality -> Construction, Quality, Durability, and Care -> Quality, Construction, Durability, Care, and Value -> Quality, Value, and Customer Advocacy -> Perceived Quality, Value, and Advocacy"
"Perceived Quality, Value, and Advocacy",Dry-clean-only care,1,"Dry-clean-only care -> Care, durability, and alterations -> Construction, Quality, Durability, and Care -> Quality, Construction, Durability, Care, and Value -> Quality, Value, and Customer Advocacy -> Perceived Quality, Value, and Advocacy"
"Perceived Quality, Value, and Advocacy",Dry-cleaning required,1,"Dry-cleaning required -> Quality, construction, and care concerns -> Construction, Quality, Durability, and Care -> Quality, Construction, Durability, Care, and Value -> Quality, Value, and Customer Advocacy -> Perceived Quality, Value, and Advocacy"
"Perceived Quality, Value, and Advocacy",Durability dissatisfaction,1,"Durability dissatisfaction -> Durability and Construction Concerns -> Construction, Quality, Durability, and Care -> Quality, Construction, Durability, Care, and Value -> Quality, Value, and Customer Advocacy -> Perceived Quality, Value, and Advocacy"
"Perceived Quality, Value, and Advocacy",Durability unconfirmed,1,"Durability unconfirmed -> Fabric, construction, and durability -> Quality, Construction, Durability, and Value -> Quality, Construction, Durability, Care, and Value -> Quality, Value, and Customer Advocacy -> Perceived Quality, Value, and Advocacy"
"Perceived Quality, Value, and Advocacy",Elastic waistband looks cheap,1,"Elastic waistband looks cheap -> Material, quality, and durability -> Quality, Construction, Durability, and Value -> Quality, Construction, Durability, Care, and Value -> Quality, Value, and Customer Advocacy -> Perceived Quality, Value, and Advocacy"
"Perceived Quality, Value, and Advocacy",Exceeded quality expectations,1,"Exceeded quality expectations -> Construction quality and durability -> Construction, Quality, Durability, and Care -> Quality, Construction, Durability, Care, and Value -> Quality, Value, and Customer Advocacy -> Perceived Quality, Value, and Advocacy"
"Perceived Quality, Value, and Advocacy",Excellent garment quality,1,"Excellent garment quality -> Quality, durability, and value -> Quality, Construction, Durability, and Value -> Quality, Construction, Durability, Care, and Value -> Quality, Value, and Customer Advocacy -> Perceived Quality, Value, and Advocacy"
"Perceived Quality, Value, and Advocacy",Excessive lint attraction,1,"Excessive lint attraction -> Quality, construction, and care concerns -> Construction, Quality, Durability, and Care -> Quality, Construction, Durability, Care, and Value -> Quality, Value, and Customer Advocacy -> Perceived Quality, Value, and Advocacy"
"Perceived Quality, Value, and Advocacy",Exchange planned in store,1,"Exchange planned in store -> Satisfaction and purchase outcomes -> Satisfaction, Loyalty, Advocacy, and Social Validation -> Satisfaction, Loyalty, Advocacy, and Social Validation -> Quality, Value, and Customer Advocacy -> Perceived Quality, Value, and Advocacy"
"Perceived Quality, Value, and Advocacy",Fabric adheres to embellishments,1,"Fabric adheres to embellishments -> Quality, durability, and construction -> Quality, Construction, Durability, and Value -> Quality, Construction, Durability, Care, and Value -> Quality, Value, and Customer Advocacy -> Perceived Quality, Value, and Advocacy"
"Perceived Quality, Value, and Advocacy",Fabric fades with use,1,"Fabric fades with use -> Construction, durability, and care -> Construction, Quality, Durability, and Care -> Quality, Construction, Durability, Care, and Value -> Quality, Value, and Customer Advocacy -> Perceived Quality, Value, and Advocacy"
"Perceived Quality, Value, and Advocacy",Fabric tears easily,1,"Fabric tears easily -> Construction quality, durability, and care concerns -> Construction, Quality, Durability, and Care -> Quality, Construction, Durability, Care, and Value -> Quality, Value, and Customer Advocacy -> Perceived Quality, Value, and Advocacy"
"Perceived Quality, Value, and Advocacy",Faux leather accepted,1,"Faux leather accepted -> Quality, construction, and condition -> Quality, Construction, Durability, and Value -> Quality, Construction, Durability, Care, and Value -> Quality, Value, and Customer Advocacy -> Perceived Quality, Value, and Advocacy"
"Perceived Quality, Value, and Advocacy",Favorite garment,1,"Favorite garment -> Purchase satisfaction and loyalty -> Satisfaction, Loyalty, Advocacy, and Social Validation -> Satisfaction, Loyalty, Advocacy, and Social Validation -> Quality, Value, and Customer Advocacy -> Perceived Quality, Value, and Advocacy"
"Perceived Quality, Value, and Advocacy",Favorite top,1,"Favorite top -> Satisfaction and purchase outcomes -> Satisfaction, Loyalty, Advocacy, and Social Validation -> Satisfaction, Loyalty, Advocacy, and Social Validation -> Quality, Value, and Customer Advocacy -> Perceived Quality, Value, and Advocacy"
"Perceived Quality, Value, and Advocacy",Feels cheap,1,"Feels cheap -> Construction quality, durability, and care concerns -> Construction, Quality, Durability, and Care -> Quality, Construction, Durability, Care, and Value -> Quality, Value, and Customer Advocacy -> Perceived Quality, Value, and Advocacy"
"Perceived Quality, Value, and Advocacy",Fit matches product photos,1,"Fit matches product photos -> Overall satisfaction and purchase expectations -> Satisfaction, Expectations, Social Validation, and Recommendation -> Satisfaction, Loyalty, Advocacy, and Social Validation -> Quality, Value, and Customer Advocacy -> Perceived Quality, Value, and Advocacy"
"Perceived Quality, Value, and Advocacy",Flimsy buttons,1,"Flimsy buttons -> Construction, Quality, and Durability -> Construction, Quality, Durability, and Care -> Quality, Construction, Durability, Care, and Value -> Quality, Value, and Customer Advocacy -> Perceived Quality, Value, and Advocacy"
"Perceived Quality, Value, and Advocacy",Fragile construction,1,"Fragile construction -> Construction, Quality, and Durability -> Construction, Quality, Durability, and Care -> Quality, Construction, Durability, Care, and Value -> Quality, Value, and Customer Advocacy -> Perceived Quality, Value, and Advocacy"
"Perceived Quality, Value, and Advocacy",Fragile white fabric,1,"Fragile white fabric -> Quality, construction, and condition -> Quality, Construction, Durability, and Value -> Quality, Construction, Durability, Care, and Value -> Quality, Value, and Customer Advocacy -> Perceived Quality, Value, and Advocacy"
"Perceived Quality, Value, and Advocacy",Frayed sleeve openings,1,"Frayed sleeve openings -> Material quality, construction, and durability -> Construction, Quality, Durability, and Care -> Quality, Construction, Durability, Care, and Value -> Quality, Value, and Customer Advocacy -> Perceived Quality, Value, and Advocacy"
"Perceived Quality, Value, and Advocacy",Garment arrives undamaged,1,"Garment arrives undamaged -> Material, quality, and durability -> Quality, Construction, Durability, and Value -> Quality, Construction, Durability, Care, and Value -> Quality, Value, and Customer Advocacy -> Perceived Quality, Value, and Advocacy"
"Perceived Quality, Value, and Advocacy",Good material quality,1,"Good material quality -> Care, durability, and alterations -> Construction, Quality, Durability, and Care -> Quality, Construction, Durability, Care, and Value -> Quality, Value, and Customer Advocacy -> Perceived Quality, Value, and Advocacy"
"Perceived Quality, Value, and Advocacy",Good quality construction,1,"Good quality construction -> Quality, durability, and value -> Quality, Construction, Durability, and Value -> Quality, Construction, Durability, Care, and Value -> Quality, Value, and Customer Advocacy -> Perceived Quality, Value, and Advocacy"
"Perceived Quality, Value, and Advocacy","Good quality, fit, and appearance",1,"Good quality, fit, and appearance -> Fabric, construction, and durability -> Quality, Construction, Durability, and Value -> Quality, Construction, Durability, Care, and Value -> Quality, Value, and Customer Advocacy -> Perceived Quality, Value, and Advocacy"
"Perceived Quality, Value, and Advocacy",Good-quality material,1,"Good-quality material -> Fabric, construction, and durability -> Quality, Construction, Durability, and Value -> Quality, Construction, Durability, Care, and Value -> Quality, Value, and Customer Advocacy -> Perceived Quality, Value, and Advocacy"
"Perceived Quality, Value, and Advocacy","Gorgeous, well-made construction",1,"Gorgeous, well-made construction -> Quality, construction, and condition -> Quality, Construction, Durability, and Value -> Quality, Construction, Durability, Care, and Value -> Quality, Value, and Customer Advocacy -> Perceived Quality, Value, and Advocacy"
"Perceived Quality, Value, and Advocacy",Great value,1,"Great value -> Quality, durability, and value -> Quality, Construction, Durability, and Value -> Quality, Construction, Durability, Care, and Value -> Quality, Value, and Customer Advocacy -> Perceived Quality, Value, and Advocacy"
"Perceived Quality, Value, and Advocacy",Hem curls badly,1,"Hem curls badly -> Construction, maintenance, and product quality -> Construction, Quality, Durability, and Care -> Quality, Construction, Durability, Care, and Value -> Quality, Value, and Customer Advocacy -> Perceived Quality, Value, and Advocacy"
"Perceived Quality, Value, and Advocacy",Hem rolls after unpacking,1,"Hem rolls after unpacking -> Construction quality, durability, and care concerns -> Construction, Quality, Durability, and Care -> Quality, Construction, Durability, Care, and Value -> Quality, Value, and Customer Advocacy -> Perceived Quality, Value, and Advocacy"
"Perceived Quality, Value, and Advocacy",Hem rolls outward,1,"Hem rolls outward -> Construction Quality and Material Durability -> Construction, Quality, Durability, and Care -> Quality, Construction, Durability, Care, and Value -> Quality, Value, and Customer Advocacy -> Perceived Quality, Value, and Advocacy"
"Perceived Quality, Value, and Advocacy",High garment quality,1,"High garment quality -> Quality, construction, and durability -> Construction, Quality, Durability, and Care -> Quality, Construction, Durability, Care, and Value -> Quality, Value, and Customer Advocacy -> Perceived Quality, Value, and Advocacy"
"Perceived Quality, Value, and Advocacy",High price justified by wear,1,"High price justified by wear -> Purchase Satisfaction, Loyalty, and Value -> Satisfaction, Loyalty, Advocacy, and Social Validation -> Satisfaction, Loyalty, Advocacy, and Social Validation -> Quality, Value, and Customer Advocacy -> Perceived Quality, Value, and Advocacy"
"Perceived Quality, Value, and Advocacy",High purchase satisfaction,1,"High purchase satisfaction -> Purchase Satisfaction, Loyalty, and Value -> Satisfaction, Loyalty, Advocacy, and Social Validation -> Satisfaction, Loyalty, Advocacy, and Social Validation -> Quality, Value, and Customer Advocacy -> Perceived Quality, Value, and Advocacy"
"Perceived Quality, Value, and Advocacy",High quality,1,"High quality -> Construction quality and durability -> Construction, Quality, Durability, and Care -> Quality, Construction, Durability, Care, and Value -> Quality, Value, and Customer Advocacy -> Perceived Quality, Value, and Advocacy"
"Perceived Quality, Value, and Advocacy",High return intent despite fabric quality,1,"High return intent despite fabric quality -> Overall satisfaction and purchase expectations -> Satisfaction, Expectations, Social Validation, and Recommendation -> Satisfaction, Loyalty, Advocacy, and Social Validation -> Quality, Value, and Customer Advocacy -> Perceived Quality, Value, and Advocacy"
"Perceived Quality, Value, and Advocacy",High satisfaction,1,"High satisfaction -> Purchase Satisfaction, Loyalty, and Value -> Satisfaction, Loyalty, Advocacy, and Social Validation -> Satisfaction, Loyalty, Advocacy, and Social Validation -> Quality, Value, and Customer Advocacy -> Perceived Quality, Value, and Advocacy"
"Perceived Quality, Value, and Advocacy",High-quality construction and lining,1,"High-quality construction and lining -> Construction quality and durability -> Construction, Quality, Durability, and Care -> Quality, Construction, Durability, Care, and Value -> Quality, Value, and Customer Advocacy -> Perceived Quality, Value, and Advocacy"
"Perceived Quality, Value, and Advocacy",High-quality denim,1,"High-quality denim -> Material quality, construction, and durability -> Construction, Quality, Durability, and Care -> Quality, Construction, Durability, Care, and Value -> Quality, Value, and Customer Advocacy -> Perceived Quality, Value, and Advocacy"
"Perceived Quality, Value, and Advocacy",High-quality fabric,1,"High-quality fabric -> Material quality, construction, and durability -> Construction, Quality, Durability, and Care -> Quality, Construction, Durability, Care, and Value -> Quality, Value, and Customer Advocacy -> Perceived Quality, Value, and Advocacy"
"Perceived Quality, Value, and Advocacy",High-quality material,1,"High-quality material -> Material, quality, and durability -> Quality, Construction, Durability, and Value -> Quality, Construction, Durability, Care, and Value -> Quality, Value, and Customer Advocacy -> Perceived Quality, Value, and Advocacy"
"Perceived Quality, Value, and Advocacy",Highly recommended,1,"Highly recommended -> Value, recommendation, and purchase satisfaction -> Satisfaction, Expectations, Social Validation, and Recommendation -> Satisfaction, Loyalty, Advocacy, and Social Validation -> Quality, Value, and Customer Advocacy -> Perceived Quality, Value, and Advocacy"
"Perceived Quality, Value, and Advocacy",Highly recommended purchase,1,"Highly recommended purchase -> Purchase satisfaction and advocacy -> Satisfaction, Loyalty, Advocacy, and Social Validation -> Satisfaction, Loyalty, Advocacy, and Social Validation -> Quality, Value, and Customer Advocacy -> Perceived Quality, Value, and Advocacy"
"Perceived Quality, Value, and Advocacy",Highly satisfied with shirt,1,"Highly satisfied with shirt -> Purchase satisfaction and loyalty -> Satisfaction, Loyalty, Advocacy, and Social Validation -> Satisfaction, Loyalty, Advocacy, and Social Validation -> Quality, Value, and Customer Advocacy -> Perceived Quality, Value, and Advocacy"
"Perceived Quality, Value, and Advocacy",Holes after washing,1,"Holes after washing -> Quality, durability, and construction -> Quality, Construction, Durability, and Value -> Quality, Construction, Durability, Care, and Value -> Quality, Value, and Customer Advocacy -> Perceived Quality, Value, and Advocacy"
"Perceived Quality, Value, and Advocacy",Improper hem construction,1,"Improper hem construction -> Construction quality, durability, and care concerns -> Construction, Quality, Durability, and Care -> Quality, Construction, Durability, Care, and Value -> Quality, Value, and Customer Advocacy -> Perceived Quality, Value, and Advocacy"
"Perceived Quality, Value, and Advocacy",Inexpensive casual shirt,1,"Inexpensive casual shirt -> Value, recommendation, and purchase satisfaction -> Satisfaction, Expectations, Social Validation, and Recommendation -> Satisfaction, Loyalty, Advocacy, and Social Validation -> Quality, Value, and Customer Advocacy -> Perceived Quality, Value, and Advocacy"
"Perceived Quality, Value, and Advocacy",Intent to repurchase,1,"Intent to repurchase -> Purchase satisfaction, trust, and loyalty -> Satisfaction, Loyalty, Advocacy, and Social Validation -> Satisfaction, Loyalty, Advocacy, and Social Validation -> Quality, Value, and Customer Advocacy -> Perceived Quality, Value, and Advocacy"
"Perceived Quality, Value, and Advocacy",Jacket quality praised,1,"Jacket quality praised -> Construction, durability, and care -> Construction, Quality, Durability, and Care -> Quality, Construction, Durability, Care, and Value -> Quality, Value, and Customer Advocacy -> Perceived Quality, Value, and Advocacy"
"Perceived Quality, Value, and Advocacy",Jersey dress is lined,1,"Jersey dress is lined -> Quality, Construction, and Durability -> Construction, Quality, Durability, and Care -> Quality, Construction, Durability, Care, and Value -> Quality, Value, and Customer Advocacy -> Perceived Quality, Value, and Advocacy"
"Perceived Quality, Value, and Advocacy",Kept despite imperfect fit,1,"Kept despite imperfect fit -> Purchase satisfaction and loyalty -> Satisfaction, Loyalty, Advocacy, and Social Validation -> Satisfaction, Loyalty, Advocacy, and Social Validation -> Quality, Value, and Customer Advocacy -> Perceived Quality, Value, and Advocacy"
"Perceived Quality, Value, and Advocacy",Lace quality slightly disappointing,1,"Lace quality slightly disappointing -> Material quality, construction, and durability -> Construction, Quality, Durability, and Care -> Quality, Construction, Durability, Care, and Value -> Quality, Value, and Customer Advocacy -> Perceived Quality, Value, and Advocacy"
"Perceived Quality, Value, and Advocacy",Laces could be longer,1,"Laces could be longer -> Construction, durability, and care -> Construction, Quality, Durability, and Care -> Quality, Construction, Durability, Care, and Value -> Quality, Value, and Customer Advocacy -> Perceived Quality, Value, and Advocacy"
"Perceived Quality, Value, and Advocacy",Launders well,1,"Launders well -> Construction, durability, and care -> Construction, Quality, Durability, and Care -> Quality, Construction, Durability, Care, and Value -> Quality, Value, and Customer Advocacy -> Perceived Quality, Value, and Advocacy"
"Perceived Quality, Value, and Advocacy",Limited size availability,1,"Limited size availability -> Overall satisfaction and purchase expectations -> Satisfaction, Expectations, Social Validation, and Recommendation -> Satisfaction, Loyalty, Advocacy, and Social Validation -> Quality, Value, and Customer Advocacy -> Perceived Quality, Value, and Advocacy"
"Perceived Quality, Value, and Advocacy",Lining rolls outward,1,"Lining rolls outward -> Construction, durability, and care -> Construction, Quality, Durability, and Care -> Quality, Construction, Durability, Care, and Value -> Quality, Value, and Customer Advocacy -> Perceived Quality, Value, and Advocacy"
"Perceived Quality, Value, and Advocacy",Long-lasting wardrobe piece,1,"Long-lasting wardrobe piece -> Construction Quality and Material Durability -> Construction, Quality, Durability, and Care -> Quality, Construction, Durability, Care, and Value -> Quality, Value, and Customer Advocacy -> Perceived Quality, Value, and Advocacy"
"Perceived Quality, Value, and Advocacy",Loose beads indicate quality issues,1,"Loose beads indicate quality issues -> Quality, construction, and condition -> Quality, Construction, Durability, and Value -> Quality, Construction, Durability, Care, and Value -> Quality, Value, and Customer Advocacy -> Perceived Quality, Value, and Advocacy"
"Perceived Quality, Value, and Advocacy",Loose seam threads,1,"Loose seam threads -> Fabric, construction, and durability -> Quality, Construction, Durability, and Value -> Quality, Construction, Durability, Care, and Value -> Quality, Value, and Customer Advocacy -> Perceived Quality, Value, and Advocacy"
"Perceived Quality, Value, and Advocacy",Loved despite quality flaws,1,"Loved despite quality flaws -> Construction and garment quality -> Construction, Quality, Durability, and Care -> Quality, Construction, Durability, Care, and Value -> Quality, Value, and Customer Advocacy -> Perceived Quality, Value, and Advocacy"
"Perceived Quality, Value, and Advocacy",Lovely craftsmanship,1,"Lovely craftsmanship -> Fabric, construction, and durability -> Quality, Construction, Durability, and Value -> Quality, Construction, Durability, Care, and Value -> Quality, Value, and Customer Advocacy -> Perceived Quality, Value, and Advocacy"
"Perceived Quality, Value, and Advocacy",Lower quality than alternatives,1,"Lower quality than alternatives -> Material quality, construction, and durability -> Construction, Quality, Durability, and Care -> Quality, Construction, Durability, Care, and Value -> Quality, Value, and Customer Advocacy -> Perceived Quality, Value, and Advocacy"
"Perceived Quality, Value, and Advocacy","Luxurious, well-made garment",1,"Luxurious, well-made garment -> Quality, durability, and construction concerns -> Construction, Quality, Durability, and Care -> Quality, Construction, Durability, Care, and Value -> Quality, Value, and Customer Advocacy -> Perceived Quality, Value, and Advocacy"
"Perceived Quality, Value, and Advocacy",Maintains shape after washing,1,"Maintains shape after washing -> Fabric, construction, and durability -> Quality, Construction, Durability, and Value -> Quality, Construction, Durability, Care, and Value -> Quality, Value, and Customer Advocacy -> Perceived Quality, Value, and Advocacy"
"Perceived Quality, Value, and Advocacy",Material snags easily,1,"Material snags easily -> Construction, durability, and care -> Construction, Quality, Durability, and Care -> Quality, Construction, Durability, Care, and Value -> Quality, Value, and Customer Advocacy -> Perceived Quality, Value, and Advocacy"
"Perceived Quality, Value, and Advocacy",Medium-weight material,1,"Medium-weight material -> Material quality, construction, and durability -> Construction, Quality, Durability, and Care -> Quality, Construction, Durability, Care, and Value -> Quality, Value, and Customer Advocacy -> Perceived Quality, Value, and Advocacy"
"Perceived Quality, Value, and Advocacy",Mild overall enthusiasm,1,"Mild overall enthusiasm -> Purchase satisfaction and loyalty -> Satisfaction, Loyalty, Advocacy, and Social Validation -> Satisfaction, Loyalty, Advocacy, and Social Validation -> Quality, Value, and Customer Advocacy -> Perceived Quality, Value, and Advocacy"
"Perceived Quality, Value, and Advocacy",Misaligned dress lining,1,"Misaligned dress lining -> Quality, construction, and condition -> Quality, Construction, Durability, and Value -> Quality, Construction, Durability, Care, and Value -> Quality, Value, and Customer Advocacy -> Perceived Quality, Value, and Advocacy"
"Perceived Quality, Value, and Advocacy",Misleading product photo,1,"Misleading product photo -> Overall satisfaction and purchase expectations -> Satisfaction, Expectations, Social Validation, and Recommendation -> Satisfaction, Loyalty, Advocacy, and Social Validation -> Quality, Value, and Customer Advocacy -> Perceived Quality, Value, and Advocacy"
"Perceived Quality, Value, and Advocacy",Mismatched front and back materials,1,"Mismatched front and back materials -> Quality, durability, and construction concerns -> Construction, Quality, Durability, and Care -> Quality, Construction, Durability, Care, and Value -> Quality, Value, and Customer Advocacy -> Perceived Quality, Value, and Advocacy"
"Perceived Quality, Value, and Advocacy",Missing product tag,1,"Missing product tag -> Construction, maintenance, and product quality -> Construction, Quality, Durability, and Care -> Quality, Construction, Durability, Care, and Value -> Quality, Value, and Customer Advocacy -> Perceived Quality, Value, and Advocacy"
"Perceived Quality, Value, and Advocacy",Neckline stretches out,1,"Neckline stretches out -> Construction Quality and Material Durability -> Construction, Quality, Durability, and Care -> Quality, Construction, Durability, Care, and Value -> Quality, Value, and Customer Advocacy -> Perceived Quality, Value, and Advocacy"
"Perceived Quality, Value, and Advocacy",Needs lining,1,"Needs lining -> Quality, construction, and care concerns -> Construction, Quality, Durability, and Care -> Quality, Construction, Durability, Care, and Value -> Quality, Value, and Customer Advocacy -> Perceived Quality, Value, and Advocacy"
"Perceived Quality, Value, and Advocacy",Netting caught in zipper,1,"Netting caught in zipper -> Construction, maintenance, and product quality -> Construction, Quality, Durability, and Care -> Quality, Construction, Durability, Care, and Value -> Quality, Value, and Customer Advocacy -> Perceived Quality, Value, and Advocacy"
"Perceived Quality, Value, and Advocacy",Nice quality and lining,1,"Nice quality and lining -> Construction, maintenance, and product quality -> Construction, Quality, Durability, and Care -> Quality, Construction, Durability, Care, and Value -> Quality, Value, and Customer Advocacy -> Perceived Quality, Value, and Advocacy"
"Perceived Quality, Value, and Advocacy",No built-in fasteners,1,"No built-in fasteners -> Construction, durability, and care -> Construction, Quality, Durability, and Care -> Quality, Construction, Durability, Care, and Value -> Quality, Value, and Customer Advocacy -> Perceived Quality, Value, and Advocacy"
"Perceived Quality, Value, and Advocacy",No unpleasant odor,1,"No unpleasant odor -> Quality, durability, and construction -> Quality, Construction, Durability, and Value -> Quality, Construction, Durability, Care, and Value -> Quality, Value, and Customer Advocacy -> Perceived Quality, Value, and Advocacy"
"Perceived Quality, Value, and Advocacy",Overall dress satisfaction,1,"Overall dress satisfaction -> Purchase satisfaction and advocacy -> Satisfaction, Loyalty, Advocacy, and Social Validation -> Satisfaction, Loyalty, Advocacy, and Social Validation -> Quality, Value, and Customer Advocacy -> Perceived Quality, Value, and Advocacy"
"Perceived Quality, Value, and Advocacy",Overall recommendation positive,1,"Overall recommendation positive -> Purchase satisfaction, trust, and loyalty -> Satisfaction, Loyalty, Advocacy, and Social Validation -> Satisfaction, Loyalty, Advocacy, and Social Validation -> Quality, Value, and Customer Advocacy -> Perceived Quality, Value, and Advocacy"
"Perceived Quality, Value, and Advocacy",Overall satisfaction,1,"Overall satisfaction -> Satisfaction and purchase outcomes -> Satisfaction, Loyalty, Advocacy, and Social Validation -> Satisfaction, Loyalty, Advocacy, and Social Validation -> Quality, Value, and Customer Advocacy -> Perceived Quality, Value, and Advocacy"
"Perceived Quality, Value, and Advocacy",Paint transfer and sticking,1,"Paint transfer and sticking -> Quality, Construction, and Durability -> Construction, Quality, Durability, and Care -> Quality, Construction, Durability, Care, and Value -> Quality, Value, and Customer Advocacy -> Perceived Quality, Value, and Advocacy"
"Perceived Quality, Value, and Advocacy",Pants require hemming,1,"Pants require hemming -> Construction, maintenance, and product quality -> Construction, Quality, Durability, and Care -> Quality, Construction, Durability, Care, and Value -> Quality, Value, and Customer Advocacy -> Perceived Quality, Value, and Advocacy"
"Perceived Quality, Value, and Advocacy",Perceived good quality,1,"Perceived good quality -> Quality, durability, and construction concerns -> Construction, Quality, Durability, and Care -> Quality, Construction, Durability, Care, and Value -> Quality, Value, and Customer Advocacy -> Perceived Quality, Value, and Advocacy"
"Perceived Quality, Value, and Advocacy",Perceived mediocre quality,1,"Perceived mediocre quality -> Quality, durability, and construction -> Quality, Construction, Durability, and Value -> Quality, Construction, Durability, Care, and Value -> Quality, Value, and Customer Advocacy -> Perceived Quality, Value, and Advocacy"
"Perceived Quality, Value, and Advocacy",Pilling less noticeable on texture,1,"Pilling less noticeable on texture -> Construction, durability, and care -> Construction, Quality, Durability, and Care -> Quality, Construction, Durability, Care, and Value -> Quality, Value, and Customer Advocacy -> Perceived Quality, Value, and Advocacy"
"Perceived Quality, Value, and Advocacy",Pilling upon arrival,1,"Pilling upon arrival -> Quality, construction, and condition -> Quality, Construction, Durability, and Value -> Quality, Construction, Durability, Care, and Value -> Quality, Value, and Customer Advocacy -> Perceived Quality, Value, and Advocacy"
"Perceived Quality, Value, and Advocacy",Pilling worsens over time,1,"Pilling worsens over time -> Material, quality, and durability -> Quality, Construction, Durability, and Value -> Quality, Construction, Durability, Care, and Value -> Quality, Value, and Customer Advocacy -> Perceived Quality, Value, and Advocacy"
"Perceived Quality, Value, and Advocacy",Pills or ages quickly,1,"Pills or ages quickly -> Durability and Construction Concerns -> Construction, Quality, Durability, and Care -> Quality, Construction, Durability, Care, and Value -> Quality, Value, and Customer Advocacy -> Perceived Quality, Value, and Advocacy"
"Perceived Quality, Value, and Advocacy",Plans to repurchase in black,1,"Plans to repurchase in black -> Satisfaction and purchase outcomes -> Satisfaction, Loyalty, Advocacy, and Social Validation -> Satisfaction, Loyalty, Advocacy, and Social Validation -> Quality, Value, and Customer Advocacy -> Perceived Quality, Value, and Advocacy"
"Perceived Quality, Value, and Advocacy",Poor button placement,1,"Poor button placement -> Quality, construction, and care concerns -> Construction, Quality, Durability, and Care -> Quality, Construction, Durability, Care, and Value -> Quality, Value, and Customer Advocacy -> Perceived Quality, Value, and Advocacy"
"Perceived Quality, Value, and Advocacy",Poor construction,1,"Poor construction -> Construction, maintenance, and product quality -> Construction, Quality, Durability, and Care -> Quality, Construction, Durability, Care, and Value -> Quality, Value, and Customer Advocacy -> Perceived Quality, Value, and Advocacy"
"Perceived Quality, Value, and Advocacy",Poor fabric drape,1,"Poor fabric drape -> Fabric, construction, and durability -> Quality, Construction, Durability, and Value -> Quality, Construction, Durability, Care, and Value -> Quality, Value, and Customer Advocacy -> Perceived Quality, Value, and Advocacy"
"Perceived Quality, Value, and Advocacy",Poor fabric quality,1,"Poor fabric quality -> Quality, durability, and construction -> Quality, Construction, Durability, and Value -> Quality, Construction, Durability, Care, and Value -> Quality, Value, and Customer Advocacy -> Perceived Quality, Value, and Advocacy"
"Perceived Quality, Value, and Advocacy",Poor material quality,1,"Poor material quality -> Quality, durability, and construction -> Quality, Construction, Durability, and Value -> Quality, Construction, Durability, Care, and Value -> Quality, Value, and Customer Advocacy -> Perceived Quality, Value, and Advocacy"
"Perceived Quality, Value, and Advocacy",Poor perceived value,1,"Poor perceived value -> Purchase Satisfaction, Loyalty, and Value -> Satisfaction, Loyalty, Advocacy, and Social Validation -> Satisfaction, Loyalty, Advocacy, and Social Validation -> Quality, Value, and Customer Advocacy -> Perceived Quality, Value, and Advocacy"
"Perceived Quality, Value, and Advocacy",Poor quality for price,1,"Poor quality for price -> Quality, durability, and construction -> Quality, Construction, Durability, and Value -> Quality, Construction, Durability, Care, and Value -> Quality, Value, and Customer Advocacy -> Perceived Quality, Value, and Advocacy"
"Perceived Quality, Value, and Advocacy",Poor value for money,1,"Poor value for money -> Value, recommendation, and purchase satisfaction -> Satisfaction, Expectations, Social Validation, and Recommendation -> Satisfaction, Loyalty, Advocacy, and Social Validation -> Quality, Value, and Customer Advocacy -> Perceived Quality, Value, and Advocacy"
"Perceived Quality, Value, and Advocacy",Poorly attached-looking construction,1,"Poorly attached-looking construction -> Construction Quality and Material Durability -> Construction, Quality, Durability, and Care -> Quality, Construction, Durability, Care, and Value -> Quality, Value, and Customer Advocacy -> Perceived Quality, Value, and Advocacy"
"Perceived Quality, Value, and Advocacy",Positive brand sentiment,1,"Positive brand sentiment -> Purchase satisfaction, loyalty, and shopping experience -> Satisfaction, Loyalty, Advocacy, and Social Validation -> Satisfaction, Loyalty, Advocacy, and Social Validation -> Quality, Value, and Customer Advocacy -> Perceived Quality, Value, and Advocacy"
"Perceived Quality, Value, and Advocacy",Positive color and quality,1,"Positive color and quality -> Fabric, construction, and durability -> Quality, Construction, Durability, and Value -> Quality, Construction, Durability, Care, and Value -> Quality, Value, and Customer Advocacy -> Perceived Quality, Value, and Advocacy"
"Perceived Quality, Value, and Advocacy",Positive construction quality,1,"Positive construction quality -> Construction, Quality, and Durability -> Construction, Quality, Durability, and Care -> Quality, Construction, Durability, Care, and Value -> Quality, Value, and Customer Advocacy -> Perceived Quality, Value, and Advocacy"
"Perceived Quality, Value, and Advocacy",Positive emotional response,1,"Positive emotional response -> Positive Customer Response and Social Validation -> Satisfaction, Expectations, Social Validation, and Recommendation -> Satisfaction, Loyalty, Advocacy, and Social Validation -> Quality, Value, and Customer Advocacy -> Perceived Quality, Value, and Advocacy"
"Perceived Quality, Value, and Advocacy",Positive first impression,1,"Positive first impression -> Purchase satisfaction and loyalty -> Satisfaction, Loyalty, Advocacy, and Social Validation -> Satisfaction, Loyalty, Advocacy, and Social Validation -> Quality, Value, and Customer Advocacy -> Perceived Quality, Value, and Advocacy"
"Perceived Quality, Value, and Advocacy",Positive jacket quality,1,"Positive jacket quality -> Construction, Quality, and Durability -> Construction, Quality, Durability, and Care -> Quality, Construction, Durability, Care, and Value -> Quality, Value, and Customer Advocacy -> Perceived Quality, Value, and Advocacy"
"Perceived Quality, Value, and Advocacy",Positive pencil skirt evaluation,1,"Positive pencil skirt evaluation -> Purchase Satisfaction, Loyalty, and Value -> Satisfaction, Loyalty, Advocacy, and Social Validation -> Satisfaction, Loyalty, Advocacy, and Social Validation -> Quality, Value, and Customer Advocacy -> Perceived Quality, Value, and Advocacy"
"Perceived Quality, Value, and Advocacy",Positive purchase intent,1,"Positive purchase intent -> Value, recommendation, and purchase satisfaction -> Satisfaction, Expectations, Social Validation, and Recommendation -> Satisfaction, Loyalty, Advocacy, and Social Validation -> Quality, Value, and Customer Advocacy -> Perceived Quality, Value, and Advocacy"
"Perceived Quality, Value, and Advocacy",Positive purchase intention,1,"Positive purchase intention -> Purchase satisfaction and advocacy -> Satisfaction, Loyalty, Advocacy, and Social Validation -> Satisfaction, Loyalty, Advocacy, and Social Validation -> Quality, Value, and Customer Advocacy -> Perceived Quality, Value, and Advocacy"
"Perceived Quality, Value, and Advocacy",Positive purchase reassurance,1,"Positive purchase reassurance -> Purchase satisfaction and loyalty -> Satisfaction, Loyalty, Advocacy, and Social Validation -> Satisfaction, Loyalty, Advocacy, and Social Validation -> Quality, Value, and Customer Advocacy -> Perceived Quality, Value, and Advocacy"
"Perceived Quality, Value, and Advocacy",Positive recommendation,1,"Positive recommendation -> Positive Customer Response and Social Validation -> Satisfaction, Expectations, Social Validation, and Recommendation -> Satisfaction, Loyalty, Advocacy, and Social Validation -> Quality, Value, and Customer Advocacy -> Perceived Quality, Value, and Advocacy"
"Perceived Quality, Value, and Advocacy",Positive retailer experience,1,"Positive retailer experience -> Satisfaction and purchase outcomes -> Satisfaction, Loyalty, Advocacy, and Social Validation -> Satisfaction, Loyalty, Advocacy, and Social Validation -> Quality, Value, and Customer Advocacy -> Perceived Quality, Value, and Advocacy"
"Perceived Quality, Value, and Advocacy",Positive style and quality,1,"Positive style and quality -> Construction, Quality, and Durability -> Construction, Quality, Durability, and Care -> Quality, Construction, Durability, Care, and Value -> Quality, Value, and Customer Advocacy -> Perceived Quality, Value, and Advocacy"
"Perceived Quality, Value, and Advocacy",Preferred lining material,1,"Preferred lining material -> Material quality, construction, and durability -> Construction, Quality, Durability, and Care -> Quality, Construction, Durability, Care, and Value -> Quality, Value, and Customer Advocacy -> Perceived Quality, Value, and Advocacy"
"Perceived Quality, Value, and Advocacy",Prone to snagging,1,"Prone to snagging -> Quality, Construction, and Durability -> Construction, Quality, Durability, and Care -> Quality, Construction, Durability, Care, and Value -> Quality, Value, and Customer Advocacy -> Perceived Quality, Value, and Advocacy"
"Perceived Quality, Value, and Advocacy",Quality fabric and construction,1,"Quality fabric and construction -> Construction Quality and Material Durability -> Construction, Quality, Durability, and Care -> Quality, Construction, Durability, Care, and Value -> Quality, Value, and Customer Advocacy -> Perceived Quality, Value, and Advocacy"
"Perceived Quality, Value, and Advocacy",Quality materials,1,"Quality materials -> Quality, Construction, and Durability -> Construction, Quality, Durability, and Care -> Quality, Construction, Durability, Care, and Value -> Quality, Value, and Customer Advocacy -> Perceived Quality, Value, and Advocacy"
"Perceived Quality, Value, and Advocacy",Quality merits keeping,1,"Quality merits keeping -> Construction quality and durability -> Construction, Quality, Durability, and Care -> Quality, Construction, Durability, Care, and Value -> Quality, Value, and Customer Advocacy -> Perceived Quality, Value, and Advocacy"
"Perceived Quality, Value, and Advocacy",Quality perceived as lacking,1,"Quality perceived as lacking -> Material quality, construction, and durability -> Construction, Quality, Durability, and Care -> Quality, Construction, Durability, Care, and Value -> Quality, Value, and Customer Advocacy -> Perceived Quality, Value, and Advocacy"
"Perceived Quality, Value, and Advocacy",Quality stretch jersey,1,"Quality stretch jersey -> Fabric, construction, and durability -> Quality, Construction, Durability, and Value -> Quality, Construction, Durability, Care, and Value -> Quality, Value, and Customer Advocacy -> Perceived Quality, Value, and Advocacy"
"Perceived Quality, Value, and Advocacy",Questionable buckle material,1,"Questionable buckle material -> Construction Quality and Material Durability -> Construction, Quality, Durability, and Care -> Quality, Construction, Durability, Care, and Value -> Quality, Value, and Customer Advocacy -> Perceived Quality, Value, and Advocacy"
"Perceived Quality, Value, and Advocacy",Raw seams improve drape,1,"Raw seams improve drape -> Fabric, construction, and durability -> Quality, Construction, Durability, and Value -> Quality, Construction, Durability, Care, and Value -> Quality, Value, and Customer Advocacy -> Perceived Quality, Value, and Advocacy"
"Perceived Quality, Value, and Advocacy",Received seemingly pre-owned garment,1,"Received seemingly pre-owned garment -> Quality, construction, and condition -> Quality, Construction, Durability, and Value -> Quality, Construction, Durability, Care, and Value -> Quality, Value, and Customer Advocacy -> Perceived Quality, Value, and Advocacy"
"Perceived Quality, Value, and Advocacy",Receives exceptional compliments,1,"Receives exceptional compliments -> Positive Customer Response and Social Validation -> Satisfaction, Expectations, Social Validation, and Recommendation -> Satisfaction, Loyalty, Advocacy, and Social Validation -> Quality, Value, and Customer Advocacy -> Perceived Quality, Value, and Advocacy"
"Perceived Quality, Value, and Advocacy",Recipient likes garment,1,"Recipient likes garment -> Purchase satisfaction, loyalty, and shopping experience -> Satisfaction, Loyalty, Advocacy, and Social Validation -> Satisfaction, Loyalty, Advocacy, and Social Validation -> Quality, Value, and Customer Advocacy -> Perceived Quality, Value, and Advocacy"
"Perceived Quality, Value, and Advocacy",Regret over missed sale,1,"Regret over missed sale -> Value, recommendation, and purchase satisfaction -> Satisfaction, Expectations, Social Validation, and Recommendation -> Satisfaction, Loyalty, Advocacy, and Social Validation -> Quality, Value, and Customer Advocacy -> Perceived Quality, Value, and Advocacy"
"Perceived Quality, Value, and Advocacy",Reluctant to remove,1,"Reluctant to remove -> Purchase satisfaction and advocacy -> Satisfaction, Loyalty, Advocacy, and Social Validation -> Satisfaction, Loyalty, Advocacy, and Social Validation -> Quality, Value, and Customer Advocacy -> Perceived Quality, Value, and Advocacy"
"Perceived Quality, Value, and Advocacy",Repairs required,1,"Repairs required -> Quality, durability, and construction concerns -> Construction, Quality, Durability, and Care -> Quality, Construction, Durability, Care, and Value -> Quality, Value, and Customer Advocacy -> Perceived Quality, Value, and Advocacy"
"Perceived Quality, Value, and Advocacy",Repeat purchase in multiple colors,1,"Repeat purchase in multiple colors -> Purchase satisfaction, loyalty, and shopping experience -> Satisfaction, Loyalty, Advocacy, and Social Validation -> Satisfaction, Loyalty, Advocacy, and Social Validation -> Quality, Value, and Customer Advocacy -> Perceived Quality, Value, and Advocacy"
"Perceived Quality, Value, and Advocacy",Resists wrinkling,1,"Resists wrinkling -> Material quality, construction, and durability -> Construction, Quality, Durability, and Care -> Quality, Construction, Durability, Care, and Value -> Quality, Value, and Customer Advocacy -> Perceived Quality, Value, and Advocacy"
"Perceived Quality, Value, and Advocacy",Returned defective garment,1,"Returned defective garment -> Quality, Construction, and Durability -> Construction, Quality, Durability, and Care -> Quality, Construction, Durability, Care, and Value -> Quality, Value, and Customer Advocacy -> Perceived Quality, Value, and Advocacy"
"Perceived Quality, Value, and Advocacy",Returned due to flaws,1,"Returned due to flaws -> Construction, Quality, and Durability -> Construction, Quality, Durability, and Care -> Quality, Construction, Durability, Care, and Value -> Quality, Value, and Customer Advocacy -> Perceived Quality, Value, and Advocacy"
"Perceived Quality, Value, and Advocacy",Returning due to quality mismatch,1,"Returning due to quality mismatch -> Quality, durability, and construction concerns -> Construction, Quality, Durability, and Care -> Quality, Construction, Durability, Care, and Value -> Quality, Value, and Customer Advocacy -> Perceived Quality, Value, and Advocacy"
"Perceived Quality, Value, and Advocacy",Ribbed opaque material,1,"Ribbed opaque material -> Material, quality, and durability -> Quality, Construction, Durability, and Value -> Quality, Construction, Durability, Care, and Value -> Quality, Value, and Customer Advocacy -> Perceived Quality, Value, and Advocacy"
"Perceived Quality, Value, and Advocacy",Ruffles visibly misaligned,1,"Ruffles visibly misaligned -> Construction and garment quality -> Construction, Quality, Durability, and Care -> Quality, Construction, Durability, Care, and Value -> Quality, Value, and Customer Advocacy -> Perceived Quality, Value, and Advocacy"
"Perceived Quality, Value, and Advocacy",Sale sought for purchase,1,"Sale sought for purchase -> Purchase satisfaction and advocacy -> Satisfaction, Loyalty, Advocacy, and Social Validation -> Satisfaction, Loyalty, Advocacy, and Social Validation -> Quality, Value, and Customer Advocacy -> Perceived Quality, Value, and Advocacy"
"Perceived Quality, Value, and Advocacy",Scarcity prompted purchase,1,"Scarcity prompted purchase -> Purchase Satisfaction, Loyalty, and Value -> Satisfaction, Loyalty, Advocacy, and Social Validation -> Satisfaction, Loyalty, Advocacy, and Social Validation -> Quality, Value, and Customer Advocacy -> Perceived Quality, Value, and Advocacy"
"Perceived Quality, Value, and Advocacy",Seam details add bulk,1,"Seam details add bulk -> Construction Quality and Material Durability -> Construction, Quality, Durability, and Care -> Quality, Construction, Durability, Care, and Value -> Quality, Value, and Customer Advocacy -> Perceived Quality, Value, and Advocacy"
"Perceived Quality, Value, and Advocacy",Seasonal storage,1,"Seasonal storage -> Quality, Construction, and Durability -> Construction, Quality, Durability, and Care -> Quality, Construction, Durability, Care, and Value -> Quality, Value, and Customer Advocacy -> Perceived Quality, Value, and Advocacy"
"Perceived Quality, Value, and Advocacy",Shoulder distressing risks holes,1,"Shoulder distressing risks holes -> Quality, durability, and construction concerns -> Construction, Quality, Durability, and Care -> Quality, Construction, Durability, Care, and Value -> Quality, Value, and Customer Advocacy -> Perceived Quality, Value, and Advocacy"
"Perceived Quality, Value, and Advocacy",Silky fabric,1,"Silky fabric -> Material, quality, and durability -> Quality, Construction, Durability, and Value -> Quality, Construction, Durability, Care, and Value -> Quality, Value, and Customer Advocacy -> Perceived Quality, Value, and Advocacy"
"Perceived Quality, Value, and Advocacy",Sleeves prone to pilling,1,"Sleeves prone to pilling -> Construction, maintenance, and product quality -> Construction, Quality, Durability, and Care -> Quality, Construction, Durability, Care, and Value -> Quality, Value, and Customer Advocacy -> Perceived Quality, Value, and Advocacy"
"Perceived Quality, Value, and Advocacy",Soft luxurious fabric,1,"Soft luxurious fabric -> Material quality, construction, and durability -> Construction, Quality, Durability, and Care -> Quality, Construction, Durability, Care, and Value -> Quality, Value, and Customer Advocacy -> Perceived Quality, Value, and Advocacy"
"Perceived Quality, Value, and Advocacy",Soft stretchy denim,1,"Soft stretchy denim -> Material quality, construction, and durability -> Construction, Quality, Durability, and Care -> Quality, Construction, Durability, Care, and Value -> Quality, Value, and Customer Advocacy -> Perceived Quality, Value, and Advocacy"
"Perceived Quality, Value, and Advocacy","Soft, thin, slightly translucent fabric",1,"Soft, thin, slightly translucent fabric -> Material quality, construction, and durability -> Construction, Quality, Durability, and Care -> Quality, Construction, Durability, Care, and Value -> Quality, Value, and Customer Advocacy -> Perceived Quality, Value, and Advocacy"
"Perceived Quality, Value, and Advocacy",Sticky gold embellishments,1,"Sticky gold embellishments -> Construction, maintenance, and product quality -> Construction, Quality, Durability, and Care -> Quality, Construction, Durability, Care, and Value -> Quality, Value, and Customer Advocacy -> Perceived Quality, Value, and Advocacy"
"Perceived Quality, Value, and Advocacy",Strong positive purchase experience,1,"Strong positive purchase experience -> Purchase satisfaction, loyalty, and shopping experience -> Satisfaction, Loyalty, Advocacy, and Social Validation -> Satisfaction, Loyalty, Advocacy, and Social Validation -> Quality, Value, and Customer Advocacy -> Perceived Quality, Value, and Advocacy"
"Perceived Quality, Value, and Advocacy",Strong post-purchase satisfaction,1,"Strong post-purchase satisfaction -> Satisfaction and purchase outcomes -> Satisfaction, Loyalty, Advocacy, and Social Validation -> Satisfaction, Loyalty, Advocacy, and Social Validation -> Quality, Value, and Customer Advocacy -> Perceived Quality, Value, and Advocacy"
"Perceived Quality, Value, and Advocacy",Strong product satisfaction,1,"Strong product satisfaction -> Purchase Satisfaction, Loyalty, and Value -> Satisfaction, Loyalty, Advocacy, and Social Validation -> Satisfaction, Loyalty, Advocacy, and Social Validation -> Quality, Value, and Customer Advocacy -> Perceived Quality, Value, and Advocacy"
"Perceived Quality, Value, and Advocacy",Strong repeat-wear satisfaction,1,"Strong repeat-wear satisfaction -> Purchase Satisfaction, Loyalty, and Value -> Satisfaction, Loyalty, Advocacy, and Social Validation -> Satisfaction, Loyalty, Advocacy, and Social Validation -> Quality, Value, and Customer Advocacy -> Perceived Quality, Value, and Advocacy"
"Perceived Quality, Value, and Advocacy",Structured shape retention,1,"Structured shape retention -> Construction, Quality, and Durability -> Construction, Quality, Durability, and Care -> Quality, Construction, Durability, Care, and Value -> Quality, Value, and Customer Advocacy -> Perceived Quality, Value, and Advocacy"
"Perceived Quality, Value, and Advocacy",Sturdy linen-like fabric,1,"Sturdy linen-like fabric -> Fabric, construction, and durability -> Quality, Construction, Durability, and Value -> Quality, Construction, Durability, Care, and Value -> Quality, Value, and Customer Advocacy -> Perceived Quality, Value, and Advocacy"
"Perceived Quality, Value, and Advocacy",Stylist-validated purchase,1,"Stylist-validated purchase -> Purchase satisfaction, trust, and loyalty -> Satisfaction, Loyalty, Advocacy, and Social Validation -> Satisfaction, Loyalty, Advocacy, and Social Validation -> Quality, Value, and Customer Advocacy -> Perceived Quality, Value, and Advocacy"
"Perceived Quality, Value, and Advocacy",Substantial fully lined construction,1,"Substantial fully lined construction -> Construction, maintenance, and product quality -> Construction, Quality, Durability, and Care -> Quality, Construction, Durability, Care, and Value -> Quality, Value, and Customer Advocacy -> Perceived Quality, Value, and Advocacy"
"Perceived Quality, Value, and Advocacy",Temporary dye odor,1,"Temporary dye odor -> Construction quality, durability, and care concerns -> Construction, Quality, Durability, and Care -> Quality, Construction, Durability, Care, and Value -> Quality, Value, and Customer Advocacy -> Perceived Quality, Value, and Advocacy"
"Perceived Quality, Value, and Advocacy","Thick, comfortable, high-quality garment",1,"Thick, comfortable, high-quality garment -> Material quality, construction, and durability -> Construction, Quality, Durability, and Care -> Quality, Construction, Durability, Care, and Value -> Quality, Value, and Customer Advocacy -> Perceived Quality, Value, and Advocacy"
"Perceived Quality, Value, and Advocacy","Thick, quality fabric",1,"Thick, quality fabric -> Construction Quality and Material Durability -> Construction, Quality, Durability, and Care -> Quality, Construction, Durability, Care, and Value -> Quality, Value, and Customer Advocacy -> Perceived Quality, Value, and Advocacy"
"Perceived Quality, Value, and Advocacy",Thin fabric quality,1,"Thin fabric quality -> Quality, construction, and condition -> Quality, Construction, Durability, and Value -> Quality, Construction, Durability, Care, and Value -> Quality, Value, and Customer Advocacy -> Perceived Quality, Value, and Advocacy"
"Perceived Quality, Value, and Advocacy",Thin material lacks warmth,1,"Thin material lacks warmth -> Material, quality, and durability -> Quality, Construction, Durability, and Value -> Quality, Construction, Durability, Care, and Value -> Quality, Value, and Customer Advocacy -> Perceived Quality, Value, and Advocacy"
"Perceived Quality, Value, and Advocacy","Thin, cheap-feeling material",1,"Thin, cheap-feeling material -> Quality, durability, and construction concerns -> Construction, Quality, Durability, and Care -> Quality, Construction, Durability, Care, and Value -> Quality, Value, and Customer Advocacy -> Perceived Quality, Value, and Advocacy"
"Perceived Quality, Value, and Advocacy","Thin, poor-quality fabric",1,"Thin, poor-quality fabric -> Quality, Construction, and Durability -> Construction, Quality, Durability, and Care -> Quality, Construction, Durability, Care, and Value -> Quality, Value, and Customer Advocacy -> Perceived Quality, Value, and Advocacy"
"Perceived Quality, Value, and Advocacy",Thinner than expected,1,"Thinner than expected -> Material quality, construction, and durability -> Construction, Quality, Durability, and Care -> Quality, Construction, Durability, Care, and Value -> Quality, Value, and Customer Advocacy -> Perceived Quality, Value, and Advocacy"
"Perceived Quality, Value, and Advocacy",Top snags easily,1,"Top snags easily -> Construction, maintenance, and product quality -> Construction, Quality, Durability, and Care -> Quality, Construction, Durability, Care, and Value -> Quality, Value, and Customer Advocacy -> Perceived Quality, Value, and Advocacy"
"Perceived Quality, Value, and Advocacy",Trust in reviews and brand,1,"Trust in reviews and brand -> Purchase satisfaction, trust, and loyalty -> Satisfaction, Loyalty, Advocacy, and Social Validation -> Satisfaction, Loyalty, Advocacy, and Social Validation -> Quality, Value, and Customer Advocacy -> Perceived Quality, Value, and Advocacy"
"Perceived Quality, Value, and Advocacy",Unattractive exposed lining,1,"Unattractive exposed lining -> Quality, construction, and condition -> Quality, Construction, Durability, and Value -> Quality, Construction, Durability, Care, and Value -> Quality, Value, and Customer Advocacy -> Perceived Quality, Value, and Advocacy"
"Perceived Quality, Value, and Advocacy",Uncertain fabric durability,1,"Uncertain fabric durability -> Durability and Construction Concerns -> Construction, Quality, Durability, and Care -> Quality, Construction, Durability, Care, and Value -> Quality, Value, and Customer Advocacy -> Perceived Quality, Value, and Advocacy"
"Perceived Quality, Value, and Advocacy",Uncertain shrinkage after washing,1,"Uncertain shrinkage after washing -> Quality, construction, and durability -> Construction, Quality, Durability, and Care -> Quality, Construction, Durability, Care, and Value -> Quality, Value, and Customer Advocacy -> Perceived Quality, Value, and Advocacy"
"Perceived Quality, Value, and Advocacy",Unfinished neckline,1,"Unfinished neckline -> Construction Quality and Material Durability -> Construction, Quality, Durability, and Care -> Quality, Construction, Durability, Care, and Value -> Quality, Value, and Customer Advocacy -> Perceived Quality, Value, and Advocacy"
"Perceived Quality, Value, and Advocacy",Waiting for sale,1,"Waiting for sale -> Purchase satisfaction, loyalty, and shopping experience -> Satisfaction, Loyalty, Advocacy, and Social Validation -> Satisfaction, Loyalty, Advocacy, and Social Validation -> Quality, Value, and Customer Advocacy -> Perceived Quality, Value, and Advocacy"
"Perceived Quality, Value, and Advocacy",Wash care inconvenience,1,"Wash care inconvenience -> Construction quality, durability, and care concerns -> Construction, Quality, Durability, and Care -> Quality, Construction, Durability, Care, and Value -> Quality, Value, and Customer Advocacy -> Perceived Quality, Value, and Advocacy"
"Perceived Quality, Value, and Advocacy",Well constructed,1,"Well constructed -> Construction and garment quality -> Construction, Quality, Durability, and Care -> Quality, Construction, Durability, Care, and Value -> Quality, Value, and Customer Advocacy -> Perceived Quality, Value, and Advocacy"
"Perceived Quality, Value, and Advocacy",Well made,1,"Well made -> Quality, durability, and construction -> Quality, Construction, Durability, and Value -> Quality, Construction, Durability, Care, and Value -> Quality, Value, and Customer Advocacy -> Perceived Quality, Value, and Advocacy"
"Perceived Quality, Value, and Advocacy",Well-made appearance,1,"Well-made appearance -> Construction and garment quality -> Construction, Quality, Durability, and Care -> Quality, Construction, Durability, Care, and Value -> Quality, Value, and Customer Advocacy -> Perceived Quality, Value, and Advocacy"
"Perceived Quality, Value, and Advocacy",Well-made garment,1,"Well-made garment -> Quality, Construction, and Durability -> Construction, Quality, Durability, and Care -> Quality, Construction, Durability, Care, and Value -> Quality, Value, and Customer Advocacy -> Perceived Quality, Value, and Advocacy"
"Perceived Quality, Value, and Advocacy","Well-made, attractive design",1,"Well-made, attractive design -> Construction quality and durability -> Construction, Quality, Durability, and Care -> Quality, Construction, Durability, Care, and Value -> Quality, Value, and Customer Advocacy -> Perceived Quality, Value, and Advocacy"
"Perceived Quality, Value, and Advocacy",Well-stitched construction,1,"Well-stitched construction -> Quality, Construction, and Durability -> Construction, Quality, Durability, and Care -> Quality, Construction, Durability, Care, and Value -> Quality, Value, and Customer Advocacy -> Perceived Quality, Value, and Advocacy"
"Perceived Quality, Value, and Advocacy",Wet paint upon arrival,1,"Wet paint upon arrival -> Quality, construction, and care concerns -> Construction, Quality, Durability, and Care -> Quality, Construction, Durability, Care, and Value -> Quality, Value, and Customer Advocacy -> Perceived Quality, Value, and Advocacy"
"Perceived Quality, Value, and Advocacy",Willing to repurchase after alterations,1,"Willing to repurchase after alterations -> Purchase satisfaction, loyalty, and shopping experience -> Satisfaction, Loyalty, Advocacy, and Social Validation -> Satisfaction, Loyalty, Advocacy, and Social Validation -> Quality, Value, and Customer Advocacy -> Perceived Quality, Value, and Advocacy"
"Perceived Quality, Value, and Advocacy",Wonderful quality,1,"Wonderful quality -> Quality, Construction, and Durability -> Construction, Quality, Durability, and Care -> Quality, Construction, Durability, Care, and Value -> Quality, Value, and Customer Advocacy -> Perceived Quality, Value, and Advocacy"
"Perceived Quality, Value, and Advocacy",Worn-looking wool-like material,1,"Worn-looking wool-like material -> Material, quality, and durability -> Quality, Construction, Durability, and Value -> Quality, Construction, Durability, Care, and Value -> Quality, Value, and Customer Advocacy -> Perceived Quality, Value, and Advocacy"
"Perceived Quality, Value, and Advocacy",Worsens after washing,1,"Worsens after washing -> Construction, durability, and care -> Construction, Quality, Durability, and Care -> Quality, Construction, Durability, Care, and Value -> Quality, Value, and Customer Advocacy -> Perceived Quality, Value, and Advocacy"
"Perceived Quality, Value, and Advocacy",Worth the price,1,"Worth the price -> Value, recommendation, and purchase satisfaction -> Satisfaction, Expectations, Social Validation, and Recommendation -> Satisfaction, Loyalty, Advocacy, and Social Validation -> Quality, Value, and Customer Advocacy -> Perceived Quality, Value, and Advocacy"
"Perceived Quality, Value, and Advocacy",Wrinkle-resistant material,1,"Wrinkle-resistant material -> Care, durability, and alterations -> Construction, Quality, Durability, and Care -> Quality, Construction, Durability, Care, and Value -> Quality, Value, and Customer Advocacy -> Perceived Quality, Value, and Advocacy"
"Perceived Quality, Value, and Advocacy",Zipper broke on first wear,1,"Zipper broke on first wear -> Construction, durability, and care -> Construction, Quality, Durability, and Care -> Quality, Construction, Durability, Care, and Value -> Quality, Value, and Customer Advocacy -> Perceived Quality, Value, and Advocacy"
"Perceived Quality, Value, and Advocacy",Zipper catches lace,1,"Zipper catches lace -> Quality, construction, and condition -> Quality, Construction, Durability, and Value -> Quality, Construction, Durability, Care, and Value -> Quality, Value, and Customer Advocacy -> Perceived Quality, Value, and Advocacy"
"Perceived Quality, Value, and Advocacy",Zipper failed after limited wear,1,"Zipper failed after limited wear -> Material quality, construction, and durability -> Construction, Quality, Durability, and Care -> Quality, Construction, Durability, Care, and Value -> Quality, Value, and Customer Advocacy -> Perceived Quality, Value, and Advocacy"
Shopping Experience and Product Evaluation,Flattering appearance,8,"Flattering appearance -> Purchase satisfaction, value, and post-purchase outcomes -> Value, Price, Expectations, and Purchase Evaluation -> Price, Expectations, and Purchase Evaluation -> Shopping Experience and Product Evaluation -> Shopping Experience and Product Evaluation"
Shopping Experience and Product Evaluation,Positive purchase satisfaction,7,"Positive purchase satisfaction -> Value, purchase outcomes, and overall satisfaction -> Value, Price, Expectations, and Purchase Evaluation -> Price, Expectations, and Purchase Evaluation -> Shopping Experience and Product Evaluation -> Shopping Experience and Product Evaluation"
Shopping Experience and Product Evaluation,Returned item,4,"Returned item -> Purchase satisfaction, value, and post-purchase outcomes -> Value, Price, Expectations, and Purchase Evaluation -> Price, Expectations, and Purchase Evaluation -> Shopping Experience and Product Evaluation -> Shopping Experience and Product Evaluation"
Shopping Experience and Product Evaluation,Poor value for price,3,"Poor value for price -> Purchase satisfaction, value, and post-purchase outcomes -> Value, Price, Expectations, and Purchase Evaluation -> Price, Expectations, and Purchase Evaluation -> Shopping Experience and Product Evaluation -> Shopping Experience and Product Evaluation"
Shopping Experience and Product Evaluation,Positive purchase experience,3,"Positive purchase experience -> Purchase satisfaction, value, and post-purchase outcomes -> Value, Price, Expectations, and Purchase Evaluation -> Price, Expectations, and Purchase Evaluation -> Shopping Experience and Product Evaluation -> Shopping Experience and Product Evaluation"
Shopping Experience and Product Evaluation,Color darker than pictured,2,"Color darker than pictured -> Color, pattern, and availability -> Returns, Alterations, Access, and Retail Experience -> Shopping Guidance, Product Information, Access, and Retail Experience -> Shopping Experience and Product Evaluation -> Shopping Experience and Product Evaluation"
Shopping Experience and Product Evaluation,Good sale value,2,"Good sale value -> Value, Expectations, and Purchase Outcomes -> Value, Price, Expectations, and Purchase Evaluation -> Price, Expectations, and Purchase Evaluation -> Shopping Experience and Product Evaluation -> Shopping Experience and Product Evaluation"
Shopping Experience and Product Evaluation,Low-cut neckline,2,"Low-cut neckline -> Personal styling and modification needs -> Returns, Alterations, Access, and Retail Experience -> Shopping Guidance, Product Information, Access, and Retail Experience -> Shopping Experience and Product Evaluation -> Shopping Experience and Product Evaluation"
Shopping Experience and Product Evaluation,Overall positive satisfaction,2,"Overall positive satisfaction -> Satisfaction, Value, and Purchase Outcomes -> Value, Price, Expectations, and Purchase Evaluation -> Price, Expectations, and Purchase Evaluation -> Shopping Experience and Product Evaluation -> Shopping Experience and Product Evaluation"
Shopping Experience and Product Evaluation,Overall purchase satisfaction,2,"Overall purchase satisfaction -> Purchase outcomes and value -> Value, Price, Expectations, and Purchase Evaluation -> Price, Expectations, and Purchase Evaluation -> Shopping Experience and Product Evaluation -> Shopping Experience and Product Evaluation"
Shopping Experience and Product Evaluation,Price delayed purchase,2,"Price delayed purchase -> Value, satisfaction, and purchase decisions -> Value, Price, Expectations, and Purchase Evaluation -> Price, Expectations, and Purchase Evaluation -> Shopping Experience and Product Evaluation -> Shopping Experience and Product Evaluation"
Shopping Experience and Product Evaluation,Price feels high,2,"Price feels high -> Purchase satisfaction, value, and post-purchase outcomes -> Value, Price, Expectations, and Purchase Evaluation -> Price, Expectations, and Purchase Evaluation -> Shopping Experience and Product Evaluation -> Shopping Experience and Product Evaluation"
Shopping Experience and Product Evaluation,Purchase satisfaction,2,"Purchase satisfaction -> Price, purchase motivation, and overall satisfaction -> Value, Price, Expectations, and Purchase Evaluation -> Price, Expectations, and Purchase Evaluation -> Shopping Experience and Product Evaluation -> Shopping Experience and Product Evaluation"
Shopping Experience and Product Evaluation,Repeat purchase satisfaction,2,"Repeat purchase satisfaction -> Value and purchase satisfaction -> Value, Price, Expectations, and Purchase Evaluation -> Price, Expectations, and Purchase Evaluation -> Shopping Experience and Product Evaluation -> Shopping Experience and Product Evaluation"
Shopping Experience and Product Evaluation,Returned due to dissatisfaction,2,"Returned due to dissatisfaction -> Value, Expectations, and Purchase Outcomes -> Value, Price, Expectations, and Purchase Evaluation -> Price, Expectations, and Purchase Evaluation -> Shopping Experience and Product Evaluation -> Shopping Experience and Product Evaluation"
Shopping Experience and Product Evaluation,Returned product,2,"Returned product -> Value, purchase outcomes, and overall satisfaction -> Value, Price, Expectations, and Purchase Evaluation -> Price, Expectations, and Purchase Evaluation -> Shopping Experience and Product Evaluation -> Shopping Experience and Product Evaluation"
Shopping Experience and Product Evaluation,Returning item,2,"Returning item -> Retailer and purchase experience -> Returns, Alterations, Access, and Retail Experience -> Shopping Guidance, Product Information, Access, and Retail Experience -> Shopping Experience and Product Evaluation -> Shopping Experience and Product Evaluation"
Shopping Experience and Product Evaluation,Accurate colors and drape,1,"Accurate colors and drape -> Shopping Guidance and Product Evaluation -> Shopping Process, Guidance, and Product Information -> Shopping Guidance, Product Information, Access, and Retail Experience -> Shopping Experience and Product Evaluation -> Shopping Experience and Product Evaluation"
Shopping Experience and Product Evaluation,Accurate product appearance,1,"Accurate product appearance -> Product representation and expectation alignment -> Value, Price, Expectations, and Purchase Evaluation -> Price, Expectations, and Purchase Evaluation -> Shopping Experience and Product Evaluation -> Shopping Experience and Product Evaluation"
Shopping Experience and Product Evaluation,Accurate product image,1,"Accurate product image -> Color, imagery, and product information accuracy -> Shopping Process, Guidance, and Product Information -> Shopping Guidance, Product Information, Access, and Retail Experience -> Shopping Experience and Product Evaluation -> Shopping Experience and Product Evaluation"
Shopping Experience and Product Evaluation,Affordable price motivates purchase,1,"Affordable price motivates purchase -> Price and perceived value -> Value, Price, Expectations, and Purchase Evaluation -> Price, Expectations, and Purchase Evaluation -> Shopping Experience and Product Evaluation -> Shopping Experience and Product Evaluation"
Shopping Experience and Product Evaluation,Alterations may compromise design,1,"Alterations may compromise design -> Online Expectations, Alterations, and Return Friction -> Returns, Alterations, Access, and Retail Experience -> Shopping Guidance, Product Information, Access, and Retail Experience -> Shopping Experience and Product Evaluation -> Shopping Experience and Product Evaluation"
Shopping Experience and Product Evaluation,Attractive when worn,1,"Attractive when worn -> Purchase satisfaction, value, and post-purchase outcomes -> Value, Price, Expectations, and Purchase Evaluation -> Price, Expectations, and Purchase Evaluation -> Shopping Experience and Product Evaluation -> Shopping Experience and Product Evaluation"
Shopping Experience and Product Evaluation,Both sizes returned,1,"Both sizes returned -> Satisfaction, Value, and Purchase Outcomes -> Value, Price, Expectations, and Purchase Evaluation -> Price, Expectations, and Purchase Evaluation -> Shopping Experience and Product Evaluation -> Shopping Experience and Product Evaluation"
Shopping Experience and Product Evaluation,Brightens workday,1,"Brightens workday -> Value, availability, and purchase evaluation -> Value, Price, Expectations, and Purchase Evaluation -> Price, Expectations, and Purchase Evaluation -> Shopping Experience and Product Evaluation -> Shopping Experience and Product Evaluation"
Shopping Experience and Product Evaluation,Careful packaging creates satisfaction,1,"Careful packaging creates satisfaction -> Purchase Confidence and Value Concerns -> Value, Price, Expectations, and Purchase Evaluation -> Price, Expectations, and Purchase Evaluation -> Shopping Experience and Product Evaluation -> Shopping Experience and Product Evaluation"
Shopping Experience and Product Evaluation,Check size chart and reviews,1,"Check size chart and reviews -> Shopping Guidance and Product Evaluation -> Shopping Process, Guidance, and Product Information -> Shopping Guidance, Product Information, Access, and Retail Experience -> Shopping Experience and Product Evaluation -> Shopping Experience and Product Evaluation"
Shopping Experience and Product Evaluation,Clay color differs,1,"Clay color differs -> Color, imagery, and product information accuracy -> Shopping Process, Guidance, and Product Information -> Shopping Guidance, Product Information, Access, and Retail Experience -> Shopping Experience and Product Evaluation -> Shopping Experience and Product Evaluation"
Shopping Experience and Product Evaluation,Collar folds down comfortably,1,"Collar folds down comfortably -> Personal styling and modification needs -> Returns, Alterations, Access, and Retail Experience -> Shopping Guidance, Product Information, Access, and Retail Experience -> Shopping Experience and Product Evaluation -> Shopping Experience and Product Evaluation"
Shopping Experience and Product Evaluation,Color differs from product image,1,"Color differs from product image -> Product representation and expectation alignment -> Value, Price, Expectations, and Purchase Evaluation -> Price, Expectations, and Purchase Evaluation -> Shopping Experience and Product Evaluation -> Shopping Experience and Product Evaluation"
Shopping Experience and Product Evaluation,Color suitability varies by complexion,1,"Color suitability varies by complexion -> Color, imagery, and product information accuracy -> Shopping Process, Guidance, and Product Information -> Shopping Guidance, Product Information, Access, and Retail Experience -> Shopping Experience and Product Evaluation -> Shopping Experience and Product Evaluation"
Shopping Experience and Product Evaluation,Colors differ from expectations,1,"Colors differ from expectations -> Color, pattern, and availability -> Returns, Alterations, Access, and Retail Experience -> Shopping Guidance, Product Information, Access, and Retail Experience -> Shopping Experience and Product Evaluation -> Shopping Experience and Product Evaluation"
Shopping Experience and Product Evaluation,Colors match listing,1,"Colors match listing -> Product representation and expectation alignment -> Value, Price, Expectations, and Purchase Evaluation -> Price, Expectations, and Purchase Evaluation -> Shopping Experience and Product Evaluation -> Shopping Experience and Product Evaluation"
Shopping Experience and Product Evaluation,Colors suit multiple seasons,1,"Colors suit multiple seasons -> Color, pattern, and availability -> Returns, Alterations, Access, and Retail Experience -> Shopping Guidance, Product Information, Access, and Retail Experience -> Shopping Experience and Product Evaluation -> Shopping Experience and Product Evaluation"
Shopping Experience and Product Evaluation,Concern about unavailable replacement size,1,"Concern about unavailable replacement size -> Purchase satisfaction, value, and post-purchase outcomes -> Value, Price, Expectations, and Purchase Evaluation -> Price, Expectations, and Purchase Evaluation -> Shopping Experience and Product Evaluation -> Shopping Experience and Product Evaluation"
Shopping Experience and Product Evaluation,Considering purchase,1,"Considering purchase -> Value, availability, and purchase evaluation -> Value, Price, Expectations, and Purchase Evaluation -> Price, Expectations, and Purchase Evaluation -> Shopping Experience and Product Evaluation -> Shopping Experience and Product Evaluation"
Shopping Experience and Product Evaluation,Considering return or dyeing,1,"Considering return or dyeing -> Online Expectations, Alterations, and Return Friction -> Returns, Alterations, Access, and Retail Experience -> Shopping Guidance, Product Information, Access, and Retail Experience -> Shopping Experience and Product Evaluation -> Shopping Experience and Product Evaluation"
Shopping Experience and Product Evaluation,Coordinated layering purchase,1,"Coordinated layering purchase -> Care, shopping process, and purchase practicality -> Shopping Process, Guidance, and Product Information -> Shopping Guidance, Product Information, Access, and Retail Experience -> Shopping Experience and Product Evaluation -> Shopping Experience and Product Evaluation"
Shopping Experience and Product Evaluation,Delayed shipping,1,"Delayed shipping -> Fulfillment and delivery experience -> Shopping Process, Guidance, and Product Information -> Shopping Guidance, Product Information, Access, and Retail Experience -> Shopping Experience and Product Evaluation -> Shopping Experience and Product Evaluation"
Shopping Experience and Product Evaluation,Desire for additional color,1,"Desire for additional color -> Color, pattern, and availability -> Returns, Alterations, Access, and Retail Experience -> Shopping Guidance, Product Information, Access, and Retail Experience -> Shopping Experience and Product Evaluation -> Shopping Experience and Product Evaluation"
Shopping Experience and Product Evaluation,Desire for future colors,1,"Desire for future colors -> Value, Expectations, and Purchase Outcomes -> Value, Price, Expectations, and Purchase Evaluation -> Price, Expectations, and Purchase Evaluation -> Shopping Experience and Product Evaluation -> Shopping Experience and Product Evaluation"
Shopping Experience and Product Evaluation,Desired color unavailable,1,"Desired color unavailable -> Color, pattern, and availability -> Returns, Alterations, Access, and Retail Experience -> Shopping Guidance, Product Information, Access, and Retail Experience -> Shopping Experience and Product Evaluation -> Shopping Experience and Product Evaluation"
Shopping Experience and Product Evaluation,Difficult side zipper,1,"Difficult side zipper -> Value, purchase outcomes, and overall satisfaction -> Value, Price, Expectations, and Purchase Evaluation -> Price, Expectations, and Purchase Evaluation -> Shopping Experience and Product Evaluation -> Shopping Experience and Product Evaluation"
Shopping Experience and Product Evaluation,Disappointed despite appealing design,1,"Disappointed despite appealing design -> Dissatisfaction, returns, and access barriers -> Returns, Alterations, Access, and Retail Experience -> Shopping Guidance, Product Information, Access, and Retail Experience -> Shopping Experience and Product Evaluation -> Shopping Experience and Product Evaluation"
Shopping Experience and Product Evaluation,Disappointed despite quality,1,"Disappointed despite quality -> Value, Expectations, and Purchase Outcomes -> Value, Price, Expectations, and Purchase Evaluation -> Price, Expectations, and Purchase Evaluation -> Shopping Experience and Product Evaluation -> Shopping Experience and Product Evaluation"
Shopping Experience and Product Evaluation,Disappointed purchase experience,1,"Disappointed purchase experience -> Value, purchase outcomes, and overall satisfaction -> Value, Price, Expectations, and Purchase Evaluation -> Price, Expectations, and Purchase Evaluation -> Shopping Experience and Product Evaluation -> Shopping Experience and Product Evaluation"
Shopping Experience and Product Evaluation,Disappointed with purchase,1,"Disappointed with purchase -> Dissatisfaction, returns, and access barriers -> Returns, Alterations, Access, and Retail Experience -> Shopping Guidance, Product Information, Access, and Retail Experience -> Shopping Experience and Product Evaluation -> Shopping Experience and Product Evaluation"
Shopping Experience and Product Evaluation,Disappointed with retailer,1,"Disappointed with retailer -> Retailer and purchase experience -> Returns, Alterations, Access, and Retail Experience -> Shopping Guidance, Product Information, Access, and Retail Experience -> Shopping Experience and Product Evaluation -> Shopping Experience and Product Evaluation"
Shopping Experience and Product Evaluation,Disappointed; returned item,1,"Disappointed; returned item -> Value, purchase outcomes, and satisfaction -> Value, Price, Expectations, and Purchase Evaluation -> Price, Expectations, and Purchase Evaluation -> Shopping Experience and Product Evaluation -> Shopping Experience and Product Evaluation"
Shopping Experience and Product Evaluation,Dress exceeds expectations,1,"Dress exceeds expectations -> Purchase satisfaction, value, and post-purchase outcomes -> Value, Price, Expectations, and Purchase Evaluation -> Price, Expectations, and Purchase Evaluation -> Shopping Experience and Product Evaluation -> Shopping Experience and Product Evaluation"
Shopping Experience and Product Evaluation,Dress not kept,1,"Dress not kept -> Value, Expectations, and Purchase Outcomes -> Value, Price, Expectations, and Purchase Evaluation -> Price, Expectations, and Purchase Evaluation -> Shopping Experience and Product Evaluation -> Shopping Experience and Product Evaluation"
Shopping Experience and Product Evaluation,Dry-cleaning requirement discourages use,1,"Dry-cleaning requirement discourages use -> Care, shopping process, and purchase practicality -> Shopping Process, Guidance, and Product Information -> Shopping Guidance, Product Information, Access, and Retail Experience -> Shopping Experience and Product Evaluation -> Shopping Experience and Product Evaluation"
Shopping Experience and Product Evaluation,Exchanged for larger size,1,"Exchanged for larger size -> Satisfaction, Value, and Purchase Outcomes -> Value, Price, Expectations, and Purchase Evaluation -> Price, Expectations, and Purchase Evaluation -> Shopping Experience and Product Evaluation -> Shopping Experience and Product Evaluation"
Shopping Experience and Product Evaluation,Expensive for office shoppers,1,"Expensive for office shoppers -> Value, purchase outcomes, and satisfaction -> Value, Price, Expectations, and Purchase Evaluation -> Price, Expectations, and Purchase Evaluation -> Shopping Experience and Product Evaluation -> Shopping Experience and Product Evaluation"
Shopping Experience and Product Evaluation,Good value on sale,1,"Good value on sale -> Value, availability, and purchase evaluation -> Value, Price, Expectations, and Purchase Evaluation -> Price, Expectations, and Purchase Evaluation -> Shopping Experience and Product Evaluation -> Shopping Experience and Product Evaluation"
Shopping Experience and Product Evaluation,Good value with discounts,1,"Good value with discounts -> Purchase outcomes and value -> Value, Price, Expectations, and Purchase Evaluation -> Price, Expectations, and Purchase Evaluation -> Shopping Experience and Product Evaluation -> Shopping Experience and Product Evaluation"
Shopping Experience and Product Evaluation,High customer satisfaction,1,"High customer satisfaction -> Purchase satisfaction, value, and post-purchase outcomes -> Value, Price, Expectations, and Purchase Evaluation -> Price, Expectations, and Purchase Evaluation -> Shopping Experience and Product Evaluation -> Shopping Experience and Product Evaluation"
Shopping Experience and Product Evaluation,High price concerns,1,"High price concerns -> Purchase Confidence and Value Concerns -> Value, Price, Expectations, and Purchase Evaluation -> Price, Expectations, and Purchase Evaluation -> Shopping Experience and Product Evaluation -> Shopping Experience and Product Evaluation"
Shopping Experience and Product Evaluation,High price disappoints,1,"High price disappoints -> Price, purchase motivation, and overall satisfaction -> Value, Price, Expectations, and Purchase Evaluation -> Price, Expectations, and Purchase Evaluation -> Shopping Experience and Product Evaluation -> Shopping Experience and Product Evaluation"
Shopping Experience and Product Evaluation,High price discourages keeping,1,"High price discourages keeping -> Price and perceived value -> Value, Price, Expectations, and Purchase Evaluation -> Price, Expectations, and Purchase Evaluation -> Shopping Experience and Product Evaluation -> Shopping Experience and Product Evaluation"
Shopping Experience and Product Evaluation,Highly satisfied overall,1,"Highly satisfied overall -> Price, purchase motivation, and overall satisfaction -> Value, Price, Expectations, and Purchase Evaluation -> Price, Expectations, and Purchase Evaluation -> Shopping Experience and Product Evaluation -> Shopping Experience and Product Evaluation"
Shopping Experience and Product Evaluation,Highly satisfied with purchase,1,"Highly satisfied with purchase -> Value, satisfaction, and purchase decisions -> Value, Price, Expectations, and Purchase Evaluation -> Price, Expectations, and Purchase Evaluation -> Shopping Experience and Product Evaluation -> Shopping Experience and Product Evaluation"
Shopping Experience and Product Evaluation,Hopes washing causes shrinkage,1,"Hopes washing causes shrinkage -> Purchase satisfaction, value, and post-purchase outcomes -> Value, Price, Expectations, and Purchase Evaluation -> Price, Expectations, and Purchase Evaluation -> Shopping Experience and Product Evaluation -> Shopping Experience and Product Evaluation"
Shopping Experience and Product Evaluation,Immediate return,1,"Immediate return -> Purchase satisfaction, value, and post-purchase outcomes -> Value, Price, Expectations, and Purchase Evaluation -> Price, Expectations, and Purchase Evaluation -> Shopping Experience and Product Evaluation -> Shopping Experience and Product Evaluation"
Shopping Experience and Product Evaluation,In-store discovery drives purchase,1,"In-store discovery drives purchase -> Satisfaction, Value, and Purchase Outcomes -> Value, Price, Expectations, and Purchase Evaluation -> Price, Expectations, and Purchase Evaluation -> Shopping Experience and Product Evaluation -> Shopping Experience and Product Evaluation"
Shopping Experience and Product Evaluation,In-store inspection preferred,1,"In-store inspection preferred -> Care, shopping process, and purchase practicality -> Shopping Process, Guidance, and Product Information -> Shopping Guidance, Product Information, Access, and Retail Experience -> Shopping Experience and Product Evaluation -> Shopping Experience and Product Evaluation"
Shopping Experience and Product Evaluation,Insufficient product description,1,"Insufficient product description -> Product Information and Expectation Accuracy -> Value, Price, Expectations, and Purchase Evaluation -> Price, Expectations, and Purchase Evaluation -> Shopping Experience and Product Evaluation -> Shopping Experience and Product Evaluation"
Shopping Experience and Product Evaluation,Ivory may be see-through,1,"Ivory may be see-through -> Color, pattern, and availability -> Returns, Alterations, Access, and Retail Experience -> Shopping Guidance, Product Information, Access, and Retail Experience -> Shopping Experience and Product Evaluation -> Shopping Experience and Product Evaluation"
Shopping Experience and Product Evaluation,Lace difficult to alter,1,"Lace difficult to alter -> Dissatisfaction, returns, and access barriers -> Returns, Alterations, Access, and Retail Experience -> Shopping Guidance, Product Information, Access, and Retail Experience -> Shopping Experience and Product Evaluation -> Shopping Experience and Product Evaluation"
Shopping Experience and Product Evaluation,Limited store accessibility,1,"Limited store accessibility -> Dissatisfaction, returns, and access barriers -> Returns, Alterations, Access, and Retail Experience -> Shopping Guidance, Product Information, Access, and Retail Experience -> Shopping Experience and Product Evaluation -> Shopping Experience and Product Evaluation"
Shopping Experience and Product Evaluation,Love at first sight,1,"Love at first sight -> Purchase satisfaction, value, and post-purchase outcomes -> Value, Price, Expectations, and Purchase Evaluation -> Price, Expectations, and Purchase Evaluation -> Shopping Experience and Product Evaluation -> Shopping Experience and Product Evaluation"
Shopping Experience and Product Evaluation,Low purchase priority,1,"Low purchase priority -> Price, purchase motivation, and overall satisfaction -> Value, Price, Expectations, and Purchase Evaluation -> Price, Expectations, and Purchase Evaluation -> Shopping Experience and Product Evaluation -> Shopping Experience and Product Evaluation"
Shopping Experience and Product Evaluation,Low value at full price,1,"Low value at full price -> Price and perceived value -> Value, Price, Expectations, and Purchase Evaluation -> Price, Expectations, and Purchase Evaluation -> Shopping Experience and Product Evaluation -> Shopping Experience and Product Evaluation"
Shopping Experience and Product Evaluation,Matches expectations,1,"Matches expectations -> Value, availability, and purchase evaluation -> Value, Price, Expectations, and Purchase Evaluation -> Price, Expectations, and Purchase Evaluation -> Shopping Experience and Product Evaluation -> Shopping Experience and Product Evaluation"
Shopping Experience and Product Evaluation,Matches online photos,1,"Matches online photos -> Product representation and expectation alignment -> Value, Price, Expectations, and Purchase Evaluation -> Price, Expectations, and Purchase Evaluation -> Shopping Experience and Product Evaluation -> Shopping Experience and Product Evaluation"
Shopping Experience and Product Evaluation,Material differs from online appearance,1,"Material differs from online appearance -> Online Expectations, Alterations, and Return Friction -> Returns, Alterations, Access, and Retail Experience -> Shopping Guidance, Product Information, Access, and Retail Experience -> Shopping Experience and Product Evaluation -> Shopping Experience and Product Evaluation"
Shopping Experience and Product Evaluation,Minor initial disappointment,1,"Minor initial disappointment -> Product Information and Expectation Accuracy -> Value, Price, Expectations, and Purchase Evaluation -> Price, Expectations, and Purchase Evaluation -> Shopping Experience and Product Evaluation -> Shopping Experience and Product Evaluation"
Shopping Experience and Product Evaluation,More fabric than pictured,1,"More fabric than pictured -> Purchase satisfaction, value, and post-purchase outcomes -> Value, Price, Expectations, and Purchase Evaluation -> Price, Expectations, and Purchase Evaluation -> Shopping Experience and Product Evaluation -> Shopping Experience and Product Evaluation"
Shopping Experience and Product Evaluation,Natural color appreciated,1,"Natural color appreciated -> Color, pattern, and availability -> Returns, Alterations, Access, and Retail Experience -> Shopping Guidance, Product Information, Access, and Retail Experience -> Shopping Experience and Product Evaluation -> Shopping Experience and Product Evaluation"
Shopping Experience and Product Evaluation,Negative recommendation,1,"Negative recommendation -> Purchase satisfaction, value, and post-purchase outcomes -> Value, Price, Expectations, and Purchase Evaluation -> Price, Expectations, and Purchase Evaluation -> Shopping Experience and Product Evaluation -> Shopping Experience and Product Evaluation"
Shopping Experience and Product Evaluation,Not worth full price,1,"Not worth full price -> Value and purchase satisfaction -> Value, Price, Expectations, and Purchase Evaluation -> Price, Expectations, and Purchase Evaluation -> Shopping Experience and Product Evaluation -> Shopping Experience and Product Evaluation"
Shopping Experience and Product Evaluation,Online appearance created interest,1,"Online appearance created interest -> Color, imagery, and product information accuracy -> Shopping Process, Guidance, and Product Information -> Shopping Guidance, Product Information, Access, and Retail Experience -> Shopping Experience and Product Evaluation -> Shopping Experience and Product Evaluation"
Shopping Experience and Product Evaluation,Online fit disappointment,1,"Online fit disappointment -> Value, availability, and purchase evaluation -> Value, Price, Expectations, and Purchase Evaluation -> Price, Expectations, and Purchase Evaluation -> Shopping Experience and Product Evaluation -> Shopping Experience and Product Evaluation"
Shopping Experience and Product Evaluation,Online ordering necessity,1,"Online ordering necessity -> Online Expectations, Alterations, and Return Friction -> Returns, Alterations, Access, and Retail Experience -> Shopping Guidance, Product Information, Access, and Retail Experience -> Shopping Experience and Product Evaluation -> Shopping Experience and Product Evaluation"
Shopping Experience and Product Evaluation,Perceived overpriced value,1,"Perceived overpriced value -> Value, satisfaction, and purchase decisions -> Value, Price, Expectations, and Purchase Evaluation -> Price, Expectations, and Purchase Evaluation -> Shopping Experience and Product Evaluation -> Shopping Experience and Product Evaluation"
Shopping Experience and Product Evaluation,Perceived value on sale,1,"Perceived value on sale -> Value and purchase satisfaction -> Value, Price, Expectations, and Purchase Evaluation -> Price, Expectations, and Purchase Evaluation -> Shopping Experience and Product Evaluation -> Shopping Experience and Product Evaluation"
Shopping Experience and Product Evaluation,Perceived worth full price,1,"Perceived worth full price -> Satisfaction, Value, and Purchase Outcomes -> Value, Price, Expectations, and Purchase Evaluation -> Price, Expectations, and Purchase Evaluation -> Shopping Experience and Product Evaluation -> Shopping Experience and Product Evaluation"
Shopping Experience and Product Evaluation,Perceives jacket as hard to find,1,"Perceives jacket as hard to find -> Value, availability, and purchase evaluation -> Value, Price, Expectations, and Purchase Evaluation -> Price, Expectations, and Purchase Evaluation -> Shopping Experience and Product Evaluation -> Shopping Experience and Product Evaluation"
Shopping Experience and Product Evaluation,Personal style mismatch,1,"Personal style mismatch -> Value, availability, and purchase evaluation -> Value, Price, Expectations, and Purchase Evaluation -> Price, Expectations, and Purchase Evaluation -> Shopping Experience and Product Evaluation -> Shopping Experience and Product Evaluation"
Shopping Experience and Product Evaluation,Poor value despite sale,1,"Poor value despite sale -> Value, Expectations, and Purchase Outcomes -> Value, Price, Expectations, and Purchase Evaluation -> Price, Expectations, and Purchase Evaluation -> Shopping Experience and Product Evaluation -> Shopping Experience and Product Evaluation"
Shopping Experience and Product Evaluation,"Popular, quickly sold out",1,"Popular, quickly sold out -> Value, availability, and purchase evaluation -> Value, Price, Expectations, and Purchase Evaluation -> Price, Expectations, and Purchase Evaluation -> Shopping Experience and Product Evaluation -> Shopping Experience and Product Evaluation"
Shopping Experience and Product Evaluation,Positive dress appearance,1,"Positive dress appearance -> Purchase satisfaction, value, and post-purchase outcomes -> Value, Price, Expectations, and Purchase Evaluation -> Price, Expectations, and Purchase Evaluation -> Shopping Experience and Product Evaluation -> Shopping Experience and Product Evaluation"
Shopping Experience and Product Evaluation,Positive initial impression,1,"Positive initial impression -> Value and purchase satisfaction -> Value, Price, Expectations, and Purchase Evaluation -> Price, Expectations, and Purchase Evaluation -> Shopping Experience and Product Evaluation -> Shopping Experience and Product Evaluation"
Shopping Experience and Product Evaluation,Positive product satisfaction,1,"Positive product satisfaction -> Purchase satisfaction, value, and post-purchase outcomes -> Value, Price, Expectations, and Purchase Evaluation -> Price, Expectations, and Purchase Evaluation -> Shopping Experience and Product Evaluation -> Shopping Experience and Product Evaluation"
Shopping Experience and Product Evaluation,Positive purchase decision,1,"Positive purchase decision -> Purchase outcomes and value -> Value, Price, Expectations, and Purchase Evaluation -> Price, Expectations, and Purchase Evaluation -> Shopping Experience and Product Evaluation -> Shopping Experience and Product Evaluation"
Shopping Experience and Product Evaluation,Positive purchase recommendation,1,"Positive purchase recommendation -> Value, satisfaction, and purchase decisions -> Value, Price, Expectations, and Purchase Evaluation -> Price, Expectations, and Purchase Evaluation -> Shopping Experience and Product Evaluation -> Shopping Experience and Product Evaluation"
Shopping Experience and Product Evaluation,Positive review influence,1,"Positive review influence -> Value, purchase outcomes, and overall satisfaction -> Value, Price, Expectations, and Purchase Evaluation -> Price, Expectations, and Purchase Evaluation -> Shopping Experience and Product Evaluation -> Shopping Experience and Product Evaluation"
Shopping Experience and Product Evaluation,Potential favorite item,1,"Potential favorite item -> Value and purchase satisfaction -> Value, Price, Expectations, and Purchase Evaluation -> Price, Expectations, and Purchase Evaluation -> Shopping Experience and Product Evaluation -> Shopping Experience and Product Evaluation"
Shopping Experience and Product Evaluation,Potentially good value,1,"Potentially good value -> Value and purchase satisfaction -> Value, Price, Expectations, and Purchase Evaluation -> Price, Expectations, and Purchase Evaluation -> Shopping Experience and Product Evaluation -> Shopping Experience and Product Evaluation"
Shopping Experience and Product Evaluation,Price exceeds expectations,1,"Price exceeds expectations -> Value and purchase satisfaction -> Value, Price, Expectations, and Purchase Evaluation -> Price, Expectations, and Purchase Evaluation -> Shopping Experience and Product Evaluation -> Shopping Experience and Product Evaluation"
Shopping Experience and Product Evaluation,Price reduces satisfaction,1,"Price reduces satisfaction -> Price, purchase motivation, and overall satisfaction -> Value, Price, Expectations, and Purchase Evaluation -> Price, Expectations, and Purchase Evaluation -> Shopping Experience and Product Evaluation -> Shopping Experience and Product Evaluation"
Shopping Experience and Product Evaluation,Product description omission,1,"Product description omission -> Color, imagery, and product information accuracy -> Shopping Process, Guidance, and Product Information -> Shopping Guidance, Product Information, Access, and Retail Experience -> Shopping Experience and Product Evaluation -> Shopping Experience and Product Evaluation"
Shopping Experience and Product Evaluation,Product mismatches description,1,"Product mismatches description -> Product Information and Expectation Accuracy -> Value, Price, Expectations, and Purchase Evaluation -> Price, Expectations, and Purchase Evaluation -> Shopping Experience and Product Evaluation -> Shopping Experience and Product Evaluation"
Shopping Experience and Product Evaluation,Purchase dissatisfaction,1,"Purchase dissatisfaction -> Purchase Confidence and Value Concerns -> Value, Price, Expectations, and Purchase Evaluation -> Price, Expectations, and Purchase Evaluation -> Shopping Experience and Product Evaluation -> Shopping Experience and Product Evaluation"
Shopping Experience and Product Evaluation,Purchase hesitation resolved,1,"Purchase hesitation resolved -> Retailer and purchase experience -> Returns, Alterations, Access, and Retail Experience -> Shopping Guidance, Product Information, Access, and Retail Experience -> Shopping Experience and Product Evaluation -> Shopping Experience and Product Evaluation"
Shopping Experience and Product Evaluation,Purchase urgency from sellout,1,"Purchase urgency from sellout -> Purchase Confidence and Value Concerns -> Value, Price, Expectations, and Purchase Evaluation -> Price, Expectations, and Purchase Evaluation -> Shopping Experience and Product Evaluation -> Shopping Experience and Product Evaluation"
Shopping Experience and Product Evaluation,Reasonable price,1,"Reasonable price -> Price and perceived value -> Value, Price, Expectations, and Purchase Evaluation -> Price, Expectations, and Purchase Evaluation -> Shopping Experience and Product Evaluation -> Shopping Experience and Product Evaluation"
Shopping Experience and Product Evaluation,Reasonably priced,1,"Reasonably priced -> Value, purchase outcomes, and overall satisfaction -> Value, Price, Expectations, and Purchase Evaluation -> Price, Expectations, and Purchase Evaluation -> Shopping Experience and Product Evaluation -> Shopping Experience and Product Evaluation"
Shopping Experience and Product Evaluation,Returned due to reservations,1,"Returned due to reservations -> Value, purchase outcomes, and overall satisfaction -> Value, Price, Expectations, and Purchase Evaluation -> Price, Expectations, and Purchase Evaluation -> Shopping Experience and Product Evaluation -> Shopping Experience and Product Evaluation"
Shopping Experience and Product Evaluation,Returned due to seasonality,1,"Returned due to seasonality -> Dissatisfaction, returns, and access barriers -> Returns, Alterations, Access, and Retail Experience -> Shopping Guidance, Product Information, Access, and Retail Experience -> Shopping Experience and Product Evaluation -> Shopping Experience and Product Evaluation"
Shopping Experience and Product Evaluation,Returned due to usability,1,"Returned due to usability -> Dissatisfaction, returns, and access barriers -> Returns, Alterations, Access, and Retail Experience -> Shopping Guidance, Product Information, Access, and Retail Experience -> Shopping Experience and Product Evaluation -> Shopping Experience and Product Evaluation"
Shopping Experience and Product Evaluation,Returning despite liking other features,1,"Returning despite liking other features -> Purchase outcomes and value -> Value, Price, Expectations, and Purchase Evaluation -> Price, Expectations, and Purchase Evaluation -> Shopping Experience and Product Evaluation -> Shopping Experience and Product Evaluation"
Shopping Experience and Product Evaluation,Returning disappointing purchase,1,"Returning disappointing purchase -> Value and purchase satisfaction -> Value, Price, Expectations, and Purchase Evaluation -> Price, Expectations, and Purchase Evaluation -> Shopping Experience and Product Evaluation -> Shopping Experience and Product Evaluation"
Shopping Experience and Product Evaluation,Reviews influence purchase confidence,1,"Reviews influence purchase confidence -> Value, Expectations, and Purchase Outcomes -> Value, Price, Expectations, and Purchase Evaluation -> Price, Expectations, and Purchase Evaluation -> Shopping Experience and Product Evaluation -> Shopping Experience and Product Evaluation"
Shopping Experience and Product Evaluation,Sale enabled multiple purchases,1,"Sale enabled multiple purchases -> Value, availability, and purchase evaluation -> Value, Price, Expectations, and Purchase Evaluation -> Price, Expectations, and Purchase Evaluation -> Shopping Experience and Product Evaluation -> Shopping Experience and Product Evaluation"
Shopping Experience and Product Evaluation,Sale improves value,1,"Sale improves value -> Value, purchase outcomes, and satisfaction -> Value, Price, Expectations, and Purchase Evaluation -> Price, Expectations, and Purchase Evaluation -> Shopping Experience and Product Evaluation -> Shopping Experience and Product Evaluation"
Shopping Experience and Product Evaluation,Sale may encourage purchase,1,"Sale may encourage purchase -> Price, purchase motivation, and overall satisfaction -> Value, Price, Expectations, and Purchase Evaluation -> Price, Expectations, and Purchase Evaluation -> Shopping Experience and Product Evaluation -> Shopping Experience and Product Evaluation"
Shopping Experience and Product Evaluation,Sale motivated purchase,1,"Sale motivated purchase -> Price, purchase motivation, and overall satisfaction -> Value, Price, Expectations, and Purchase Evaluation -> Price, Expectations, and Purchase Evaluation -> Shopping Experience and Product Evaluation -> Shopping Experience and Product Evaluation"
Shopping Experience and Product Evaluation,Sale motivates purchase,1,"Sale motivates purchase -> Value, purchase outcomes, and satisfaction -> Value, Price, Expectations, and Purchase Evaluation -> Price, Expectations, and Purchase Evaluation -> Shopping Experience and Product Evaluation -> Shopping Experience and Product Evaluation"
Shopping Experience and Product Evaluation,Sale price appreciated,1,"Sale price appreciated -> Value, purchase outcomes, and overall satisfaction -> Value, Price, Expectations, and Purchase Evaluation -> Price, Expectations, and Purchase Evaluation -> Shopping Experience and Product Evaluation -> Shopping Experience and Product Evaluation"
Shopping Experience and Product Evaluation,Sale price perceived as good value,1,"Sale price perceived as good value -> Price and perceived value -> Value, Price, Expectations, and Purchase Evaluation -> Price, Expectations, and Purchase Evaluation -> Shopping Experience and Product Evaluation -> Shopping Experience and Product Evaluation"
Shopping Experience and Product Evaluation,Sale purchase valued,1,"Sale purchase valued -> Price, purchase motivation, and overall satisfaction -> Value, Price, Expectations, and Purchase Evaluation -> Price, Expectations, and Purchase Evaluation -> Shopping Experience and Product Evaluation -> Shopping Experience and Product Evaluation"
Shopping Experience and Product Evaluation,Sale satisfaction,1,"Sale satisfaction -> Satisfaction, Value, and Purchase Outcomes -> Value, Price, Expectations, and Purchase Evaluation -> Price, Expectations, and Purchase Evaluation -> Shopping Experience and Product Evaluation -> Shopping Experience and Product Evaluation"
Shopping Experience and Product Evaluation,Satisfied with sale value,1,"Satisfied with sale value -> Value, purchase outcomes, and satisfaction -> Value, Price, Expectations, and Purchase Evaluation -> Price, Expectations, and Purchase Evaluation -> Shopping Experience and Product Evaluation -> Shopping Experience and Product Evaluation"
Shopping Experience and Product Evaluation,Sheerness limits wearability,1,"Sheerness limits wearability -> Value, purchase outcomes, and satisfaction -> Value, Price, Expectations, and Purchase Evaluation -> Price, Expectations, and Purchase Evaluation -> Shopping Experience and Product Evaluation -> Shopping Experience and Product Evaluation"
Shopping Experience and Product Evaluation,Shipping cost influenced purchase,1,"Shipping cost influenced purchase -> Value, Expectations, and Purchase Outcomes -> Value, Price, Expectations, and Purchase Evaluation -> Price, Expectations, and Purchase Evaluation -> Shopping Experience and Product Evaluation -> Shopping Experience and Product Evaluation"
Shopping Experience and Product Evaluation,Strong liking despite fit,1,"Strong liking despite fit -> Value and purchase satisfaction -> Value, Price, Expectations, and Purchase Evaluation -> Price, Expectations, and Purchase Evaluation -> Shopping Experience and Product Evaluation -> Shopping Experience and Product Evaluation"
Shopping Experience and Product Evaluation,Suggests tailoring modification,1,"Suggests tailoring modification -> Personal styling and modification needs -> Returns, Alterations, Access, and Retail Experience -> Shopping Guidance, Product Information, Access, and Retail Experience -> Shopping Experience and Product Evaluation -> Shopping Experience and Product Evaluation"
Shopping Experience and Product Evaluation,True-to-color appearance,1,"True-to-color appearance -> Color, imagery, and product information accuracy -> Shopping Process, Guidance, and Product Information -> Shopping Guidance, Product Information, Access, and Retail Experience -> Shopping Experience and Product Evaluation -> Shopping Experience and Product Evaluation"
Shopping Experience and Product Evaluation,Try-on helps appreciate fit,1,"Try-on helps appreciate fit -> Purchase satisfaction, value, and post-purchase outcomes -> Value, Price, Expectations, and Purchase Evaluation -> Price, Expectations, and Purchase Evaluation -> Shopping Experience and Product Evaluation -> Shopping Experience and Product Evaluation"
Shopping Experience and Product Evaluation,Unable to exchange sold-out item,1,"Unable to exchange sold-out item -> Retailer and purchase experience -> Returns, Alterations, Access, and Retail Experience -> Shopping Guidance, Product Information, Access, and Retail Experience -> Shopping Experience and Product Evaluation -> Shopping Experience and Product Evaluation"
Shopping Experience and Product Evaluation,Uncertain about keeping,1,"Uncertain about keeping -> Purchase Confidence and Value Concerns -> Value, Price, Expectations, and Purchase Evaluation -> Price, Expectations, and Purchase Evaluation -> Shopping Experience and Product Evaluation -> Shopping Experience and Product Evaluation"
Shopping Experience and Product Evaluation,Uncertain purchase retention,1,"Uncertain purchase retention -> Satisfaction, Value, and Purchase Outcomes -> Value, Price, Expectations, and Purchase Evaluation -> Price, Expectations, and Purchase Evaluation -> Shopping Experience and Product Evaluation -> Shopping Experience and Product Evaluation"
Shopping Experience and Product Evaluation,Uncertain wash softening,1,"Uncertain wash softening -> Shopping Guidance and Product Evaluation -> Shopping Process, Guidance, and Product Information -> Shopping Guidance, Product Information, Access, and Retail Experience -> Shopping Experience and Product Evaluation -> Shopping Experience and Product Evaluation"
Shopping Experience and Product Evaluation,Underwhelming overall appearance,1,"Underwhelming overall appearance -> Value, Expectations, and Purchase Outcomes -> Value, Price, Expectations, and Purchase Evaluation -> Price, Expectations, and Purchase Evaluation -> Shopping Experience and Product Evaluation -> Shopping Experience and Product Evaluation"
Shopping Experience and Product Evaluation,Versatile light pinstripes,1,"Versatile light pinstripes -> Color, pattern, and availability -> Returns, Alterations, Access, and Retail Experience -> Shopping Guidance, Product Information, Access, and Retail Experience -> Shopping Experience and Product Evaluation -> Shopping Experience and Product Evaluation"
